dataset,without_complex_tp,without_complex_fp,without_complex_fn,with_complex_tp,with_complex_fp,with_complex_fn
SEIR015_sl1000_mr0125_nv10_1,66,0,7,70,0,3
SEIR015_sl1000_mr0125_nv10_10,16,0,3,16,1,3
SEIR015_sl1000_mr0125_nv10_11,9,0,4,9,2,4
SEIR015_sl1000_mr0125_nv10_12,9,0,5,10,0,4
SEIR015_sl1000_mr0125_nv10_13,47,1,3,47,1,3
SEIR015_sl1000_mr0125_nv10_14,39,1,13,40,4,12
SEIR015_sl1000_mr0125_nv10_15,29,1,16,29,2,16
SEIR015_sl1000_mr0125_nv10_16,37,1,26,43,5,20
SEIR015_sl1000_mr0125_nv10_17,18,0,8,21,3,5
SEIR015_sl1000_mr0125_nv10_18,7,0,3,8,1,2
SEIR015_sl1000_mr0125_nv10_19,17,0,14,19,1,12
SEIR015_sl1000_mr0125_nv10_2,11,1,5,11,2,5
SEIR015_sl1000_mr0125_nv10_20,34,0,7,39,0,2
SEIR015_sl1000_mr0125_nv10_3,6,0,3,6,2,3
SEIR015_sl1000_mr0125_nv10_4,7,0,3,8,0,2
SEIR015_sl1000_mr0125_nv10_5,47,1,4,47,1,4
SEIR015_sl1000_mr0125_nv10_6,28,0,7,28,1,7
SEIR015_sl1000_mr0125_nv10_7,52,0,16,62,0,6
SEIR015_sl1000_mr0125_nv10_8,14,0,4,14,1,4
SEIR015_sl1000_mr0125_nv10_9,11,0,10,14,1,7
SEIR015_sl1000_mr025_nv10_1,7,0,3,7,1,3
SEIR015_sl1000_mr025_nv10_10,4,1,7,4,2,7
SEIR015_sl1000_mr025_nv10_11,46,0,10,48,1,8
SEIR015_sl1000_mr025_nv10_12,1,0,9,3,2,7
SEIR015_sl1000_mr025_nv10_13,1,0,9,2,3,8
SEIR015_sl1000_mr025_nv10_14,17,3,8,18,5,7
SEIR015_sl1000_mr025_nv10_15,37,0,21,43,5,15
SEIR015_sl1000_mr025_nv10_16,8,0,6,8,0,6
SEIR015_sl1000_mr025_nv10_17,26,1,12,27,2,11
SEIR015_sl1000_mr025_nv10_18,25,0,12,26,5,11
SEIR015_sl1000_mr025_nv10_19,14,0,5,18,0,1
SEIR015_sl1000_mr025_nv10_2,49,1,7,54,1,2
SEIR015_sl1000_mr025_nv10_20,4,0,4,5,1,3
SEIR015_sl1000_mr025_nv10_3,36,0,10,41,1,5
SEIR015_sl1000_mr025_nv10_4,35,0,9,36,2,8
SEIR015_sl1000_mr025_nv10_5,44,0,4,46,1,2
SEIR015_sl1000_mr025_nv10_6,42,2,4,42,3,4
SEIR015_sl1000_mr025_nv10_7,5,1,4,5,1,4
SEIR015_sl1000_mr025_nv10_8,14,0,6,14,4,6
SEIR015_sl1000_mr025_nv10_9,48,0,8,49,3,7
SEIR015_sl1000_mr025_nv20_1,9,0,6,11,0,4
SEIR015_sl1000_mr025_nv20_10,2,0,7,5,1,4
SEIR015_sl1000_mr025_nv20_11,9,0,4,9,2,4
SEIR015_sl1000_mr025_nv20_12,12,1,8,14,4,6
SEIR015_sl1000_mr025_nv20_13,5,1,4,6,2,3
SEIR015_sl1000_mr025_nv20_14,21,1,1,21,1,1
SEIR015_sl1000_mr025_nv20_15,9,0,15,17,3,7
SEIR015_sl1000_mr025_nv20_16,26,3,4,27,3,3
SEIR015_sl1000_mr025_nv20_17,49,0,7,50,3,6
SEIR015_sl1000_mr025_nv20_18,24,0,15,29,5,10
SEIR015_sl1000_mr025_nv20_19,6,0,5,8,2,3
SEIR015_sl1000_mr025_nv20_2,15,0,10,20,2,5
SEIR015_sl1000_mr025_nv20_20,11,2,8,12,3,7
SEIR015_sl1000_mr025_nv20_3,47,0,19,55,2,11
SEIR015_sl1000_mr025_nv20_4,27,0,6,28,2,5
SEIR015_sl1000_mr025_nv20_5,38,0,1,38,0,1
SEIR015_sl1000_mr025_nv20_6,26,1,12,26,6,12
SEIR015_sl1000_mr025_nv20_7,29,2,7,29,6,7
SEIR015_sl1000_mr025_nv20_8,49,0,18,55,1,12
SEIR015_sl1000_mr025_nv20_9,16,0,2,17,1,1
SEIR015_sl1000_mr025_nv5_1,6,0,8,6,2,8
SEIR015_sl1000_mr025_nv5_10,15,0,21,23,1,13
SEIR015_sl1000_mr025_nv5_11,34,1,13,37,4,10
SEIR015_sl1000_mr025_nv5_12,7,2,4,7,2,4
SEIR015_sl1000_mr025_nv5_13,22,0,9,23,2,8
SEIR015_sl1000_mr025_nv5_14,11,1,4,11,2,4
SEIR015_sl1000_mr025_nv5_15,48,8,17,49,11,16
SEIR015_sl1000_mr025_nv5_16,22,0,4,22,1,4
SEIR015_sl1000_mr025_nv5_17,31,1,10,32,1,9
SEIR015_sl1000_mr025_nv5_18,35,5,20,36,6,19
SEIR015_sl1000_mr025_nv5_19,2,0,9,4,1,7
SEIR015_sl1000_mr025_nv5_2,4,0,5,4,0,5
SEIR015_sl1000_mr025_nv5_20,27,0,14,28,3,13
SEIR015_sl1000_mr025_nv5_3,13,1,14,16,1,11
SEIR015_sl1000_mr025_nv5_4,35,0,15,37,1,13
SEIR015_sl1000_mr025_nv5_5,7,0,14,8,1,13
SEIR015_sl1000_mr025_nv5_6,37,0,25,38,2,24
SEIR015_sl1000_mr025_nv5_7,22,0,4,22,1,4
SEIR015_sl1000_mr025_nv5_8,16,0,7,16,2,7
SEIR015_sl1000_mr025_nv5_9,18,1,22,21,4,19
SEIR015_sl1000_mr05_nv10_1,12,0,5,12,1,5
SEIR015_sl1000_mr05_nv10_10,0,0,9,0,1,9
SEIR015_sl1000_mr05_nv10_11,3,0,5,3,1,5
SEIR015_sl1000_mr05_nv10_12,2,0,6,3,2,5
SEIR015_sl1000_mr05_nv10_13,52,1,9,53,1,8
SEIR015_sl1000_mr05_nv10_14,37,0,9,41,2,5
SEIR015_sl1000_mr05_nv10_15,6,0,5,8,0,3
SEIR015_sl1000_mr05_nv10_16,32,0,9,35,0,6
SEIR015_sl1000_mr05_nv10_17,52,0,17,56,4,13
SEIR015_sl1000_mr05_nv10_18,25,1,16,28,3,13
SEIR015_sl1000_mr05_nv10_19,26,0,6,30,1,2
SEIR015_sl1000_mr05_nv10_2,39,1,3,39,1,3
SEIR015_sl1000_mr05_nv10_20,23,0,18,24,2,17
SEIR015_sl1000_mr05_nv10_3,44,1,12,46,3,10
SEIR015_sl1000_mr05_nv10_4,20,0,12,25,2,7
SEIR015_sl1000_mr05_nv10_5,8,0,3,8,1,3
SEIR015_sl1000_mr05_nv10_6,25,0,5,25,2,5
SEIR015_sl1000_mr05_nv10_7,7,1,6,10,2,3
SEIR015_sl1000_mr05_nv10_8,31,0,5,32,1,4
SEIR015_sl1000_mr05_nv10_9,9,0,6,9,1,6
SEIR015_sl250_mr025_nv10_1,4,1,13,10,5,7
SEIR015_sl250_mr025_nv10_10,32,0,27,46,4,13
SEIR015_sl250_mr025_nv10_11,8,3,26,11,12,23
SEIR015_sl250_mr025_nv10_12,17,0,26,20,9,23
SEIR015_sl250_mr025_nv10_13,10,0,6,10,1,6
SEIR015_sl250_mr025_nv10_14,3,0,22,9,12,16
SEIR015_sl250_mr025_nv10_15,23,1,26,37,7,12
SEIR015_sl250_mr025_nv10_16,4,2,23,11,4,16
SEIR015_sl250_mr025_nv10_17,1,0,11,3,0,9
SEIR015_sl250_mr025_nv10_18,0,0,11,6,3,5
SEIR015_sl250_mr025_nv10_19,14,0,23,22,2,15
SEIR015_sl250_mr025_nv10_2,3,0,19,11,2,11
SEIR015_sl250_mr025_nv10_20,14,0,19,25,3,8
SEIR015_sl250_mr025_nv10_3,0,1,15,0,7,15
SEIR015_sl250_mr025_nv10_4,10,0,15,15,5,10
SEIR015_sl250_mr025_nv10_5,1,0,7,1,1,7
SEIR015_sl250_mr025_nv10_6,17,0,18,19,10,16
SEIR015_sl250_mr025_nv10_7,3,0,5,5,4,3
SEIR015_sl250_mr025_nv10_8,18,0,9,19,2,8
SEIR015_sl250_mr025_nv10_9,6,1,9,8,7,7
SEIR015_sl500_mr025_nv10_1,6,0,4,6,3,4
SEIR015_sl500_mr025_nv10_10,38,1,5,39,3,4
SEIR015_sl500_mr025_nv10_11,0,0,8,3,2,5
SEIR015_sl500_mr025_nv10_12,44,0,9,45,2,8
SEIR015_sl500_mr025_nv10_13,18,0,10,18,7,10
SEIR015_sl500_mr025_nv10_14,1,0,8,2,0,7
SEIR015_sl500_mr025_nv10_15,50,0,8,52,1,6
SEIR015_sl500_mr025_nv10_16,5,0,7,7,2,5
SEIR015_sl500_mr025_nv10_17,7,0,7,8,3,6
SEIR015_sl500_mr025_nv10_18,23,0,3,23,1,3
SEIR015_sl500_mr025_nv10_19,5,0,5,6,1,4
SEIR015_sl500_mr025_nv10_2,4,0,4,5,1,3
SEIR015_sl500_mr025_nv10_20,49,0,15,53,6,11
SEIR015_sl500_mr025_nv10_3,15,5,22,15,11,22
SEIR015_sl500_mr025_nv10_4,20,1,21,31,3,10
SEIR015_sl500_mr025_nv10_5,11,0,3,11,1,3
SEIR015_sl500_mr025_nv10_6,10,0,9,13,1,6
SEIR015_sl500_mr025_nv10_7,37,1,25,38,10,24
SEIR015_sl500_mr025_nv10_8,35,0,32,40,12,27
SEIR015_sl500_mr025_nv10_9,5,0,6,7,4,4
SEIR01_sl1000_mr0125_nv10_1,14,0,4,15,0,3
SEIR01_sl1000_mr0125_nv10_10,48,2,6,50,2,4
SEIR01_sl1000_mr0125_nv10_11,12,0,1,12,0,1
SEIR01_sl1000_mr0125_nv10_12,2,0,3,2,0,3
SEIR01_sl1000_mr0125_nv10_13,7,0,3,8,1,2
SEIR01_sl1000_mr0125_nv10_14,28,1,2,28,1,2
SEIR01_sl1000_mr0125_nv10_15,19,0,5,20,1,4
SEIR01_sl1000_mr0125_nv10_16,4,1,3,4,1,3
SEIR01_sl1000_mr0125_nv10_17,7,2,5,8,4,4
SEIR01_sl1000_mr0125_nv10_18,39,4,6,39,5,6
SEIR01_sl1000_mr0125_nv10_19,23,0,7,26,0,4
SEIR01_sl1000_mr0125_nv10_2,19,0,7,21,1,5
SEIR01_sl1000_mr0125_nv10_20,20,1,5,21,3,4
SEIR01_sl1000_mr0125_nv10_3,34,0,4,37,0,1
SEIR01_sl1000_mr0125_nv10_4,18,3,6,18,4,6
SEIR01_sl1000_mr0125_nv10_5,41,0,6,43,2,4
SEIR01_sl1000_mr0125_nv10_6,42,4,6,42,4,6
SEIR01_sl1000_mr0125_nv10_7,34,0,5,34,0,5
SEIR01_sl1000_mr0125_nv10_8,4,1,2,4,1,2
SEIR01_sl1000_mr0125_nv10_9,46,1,1,46,1,1
SEIR01_sl1000_mr025_nv10_1,23,0,5,23,1,5
SEIR01_sl1000_mr025_nv10_10,7,1,2,7,3,2
SEIR01_sl1000_mr025_nv10_11,30,0,5,33,0,2
SEIR01_sl1000_mr025_nv10_12,5,1,3,5,1,3
SEIR01_sl1000_mr025_nv10_13,15,0,5,15,0,5
SEIR01_sl1000_mr025_nv10_14,28,1,6,31,1,3
SEIR01_sl1000_mr025_nv10_15,7,1,3,7,1,3
SEIR01_sl1000_mr025_nv10_16,38,2,4,38,3,4
SEIR01_sl1000_mr025_nv10_17,35,5,10,36,5,9
SEIR01_sl1000_mr025_nv10_18,7,1,2,7,1,2
SEIR01_sl1000_mr025_nv10_19,52,3,7,53,4,6
SEIR01_sl1000_mr025_nv10_2,20,2,2,20,2,2
SEIR01_sl1000_mr025_nv10_20,14,2,3,14,2,3
SEIR01_sl1000_mr025_nv10_3,42,3,7,42,5,7
SEIR01_sl1000_mr025_nv10_4,48,1,4,48,1,4
SEIR01_sl1000_mr025_nv10_5,37,3,7,37,6,7
SEIR01_sl1000_mr025_nv10_6,4,0,3,4,1,3
SEIR01_sl1000_mr025_nv10_7,31,5,9,31,5,9
SEIR01_sl1000_mr025_nv10_8,20,4,7,20,5,7
SEIR01_sl1000_mr025_nv10_9,41,3,6,41,3,6
SEIR01_sl1000_mr025_nv20_1,30,0,2,30,2,2
SEIR01_sl1000_mr025_nv20_10,5,0,4,5,1,4
SEIR01_sl1000_mr025_nv20_11,3,1,2,3,2,2
SEIR01_sl1000_mr025_nv20_12,15,0,3,15,1,3
SEIR01_sl1000_mr025_nv20_13,48,3,10,49,4,9
SEIR01_sl1000_mr025_nv20_14,9,1,4,10,1,3
SEIR01_sl1000_mr025_nv20_15,22,0,1,22,0,1
SEIR01_sl1000_mr025_nv20_16,2,0,5,5,1,2
SEIR01_sl1000_mr025_nv20_17,21,1,4,21,1,4
SEIR01_sl1000_mr025_nv20_18,22,1,4,23,2,3
SEIR01_sl1000_mr025_nv20_19,49,3,4,49,3,4
SEIR01_sl1000_mr025_nv20_2,38,3,4,38,3,4
SEIR01_sl1000_mr025_nv20_20,27,2,4,28,4,3
SEIR01_sl1000_mr025_nv20_3,15,1,6,17,1,4
SEIR01_sl1000_mr025_nv20_4,4,1,4,6,1,2
SEIR01_sl1000_mr025_nv20_5,29,0,4,29,0,4
SEIR01_sl1000_mr025_nv20_6,10,0,1,11,0,0
SEIR01_sl1000_mr025_nv20_7,14,0,3,15,0,2
SEIR01_sl1000_mr025_nv20_8,3,2,2,3,2,2
SEIR01_sl1000_mr025_nv20_9,11,0,1,11,0,1
SEIR01_sl1000_mr025_nv5_1,34,3,7,34,3,7
SEIR01_sl1000_mr025_nv5_10,20,0,13,22,1,11
SEIR01_sl1000_mr025_nv5_11,11,0,8,11,1,8
SEIR01_sl1000_mr025_nv5_12,11,2,8,11,2,8
SEIR01_sl1000_mr025_nv5_13,8,0,4,8,2,4
SEIR01_sl1000_mr025_nv5_14,18,0,2,18,0,2
SEIR01_sl1000_mr025_nv5_15,22,4,5,22,4,5
SEIR01_sl1000_mr025_nv5_16,13,0,5,13,0,5
SEIR01_sl1000_mr025_nv5_17,8,1,3,8,1,3
SEIR01_sl1000_mr025_nv5_18,36,4,11,36,5,11
SEIR01_sl1000_mr025_nv5_19,50,5,8,51,5,7
SEIR01_sl1000_mr025_nv5_2,13,1,3,13,1,3
SEIR01_sl1000_mr025_nv5_20,15,0,9,15,0,9
SEIR01_sl1000_mr025_nv5_3,7,1,3,8,1,2
SEIR01_sl1000_mr025_nv5_4,36,9,14,39,10,11
SEIR01_sl1000_mr025_nv5_5,39,9,12,40,9,11
SEIR01_sl1000_mr025_nv5_6,5,2,3,5,2,3
SEIR01_sl1000_mr025_nv5_7,8,0,2,8,0,2
SEIR01_sl1000_mr025_nv5_8,16,1,7,18,1,5
SEIR01_sl1000_mr025_nv5_9,5,1,4,5,1,4
SEIR01_sl1000_mr05_nv10_1,10,1,3,10,1,3
SEIR01_sl1000_mr05_nv10_10,6,1,1,6,1,1
SEIR01_sl1000_mr05_nv10_11,25,2,7,26,2,6
SEIR01_sl1000_mr05_nv10_12,44,4,14,47,4,11
SEIR01_sl1000_mr05_nv10_13,5,1,3,5,1,3
SEIR01_sl1000_mr05_nv10_14,33,0,6,34,0,5
SEIR01_sl1000_mr05_nv10_15,12,1,4,12,1,4
SEIR01_sl1000_mr05_nv10_16,21,1,1,21,1,1
SEIR01_sl1000_mr05_nv10_17,21,2,1,21,3,1
SEIR01_sl1000_mr05_nv10_18,49,1,7,50,1,6
SEIR01_sl1000_mr05_nv10_19,4,0,3,4,0,3
SEIR01_sl1000_mr05_nv10_2,6,1,2,6,1,2
SEIR01_sl1000_mr05_nv10_20,46,2,6,48,2,4
SEIR01_sl1000_mr05_nv10_3,17,4,8,17,4,8
SEIR01_sl1000_mr05_nv10_4,7,0,4,8,0,3
SEIR01_sl1000_mr05_nv10_5,16,1,2,16,1,2
SEIR01_sl1000_mr05_nv10_6,36,1,4,36,1,4
SEIR01_sl1000_mr05_nv10_7,34,3,12,34,4,12
SEIR01_sl1000_mr05_nv10_8,7,1,1,7,1,1
SEIR01_sl1000_mr05_nv10_9,24,0,2,24,1,2
SEIR01_sl250_mr025_nv10_1,26,0,19,31,3,14
SEIR01_sl250_mr025_nv10_10,8,0,9,11,2,6
SEIR01_sl250_mr025_nv10_11,6,1,10,12,3,4
SEIR01_sl250_mr025_nv10_12,31,2,12,35,7,8
SEIR01_sl250_mr025_nv10_13,1,1,5,2,2,4
SEIR01_sl250_mr025_nv10_14,25,2,21,27,11,19
SEIR01_sl250_mr025_nv10_15,2,0,5,6,0,1
SEIR01_sl250_mr025_nv10_16,22,1,24,33,5,13
SEIR01_sl250_mr025_nv10_17,1,0,7,5,3,3
SEIR01_sl250_mr025_nv10_18,17,0,15,25,2,7
SEIR01_sl250_mr025_nv10_19,7,0,5,8,1,4
SEIR01_sl250_mr025_nv10_2,5,0,9,6,3,8
SEIR01_sl250_mr025_nv10_20,8,0,10,14,1,4
SEIR01_sl250_mr025_nv10_3,21,0,6,23,4,4
SEIR01_sl250_mr025_nv10_4,9,0,5,11,1,3
SEIR01_sl250_mr025_nv10_5,25,1,16,29,7,12
SEIR01_sl250_mr025_nv10_6,9,2,13,14,11,8
SEIR01_sl250_mr025_nv10_7,6,1,8,9,4,5
SEIR01_sl250_mr025_nv10_8,17,0,17,22,4,12
SEIR01_sl250_mr025_nv10_9,52,0,9,55,4,6
SEIR01_sl500_mr025_nv10_1,5,0,5,5,0,5
SEIR01_sl500_mr025_nv10_10,10,0,4,10,0,4
SEIR01_sl500_mr025_nv10_11,11,1,6,13,2,4
SEIR01_sl500_mr025_nv10_12,44,3,7,45,5,6
SEIR01_sl500_mr025_nv10_13,14,0,6,18,0,2
SEIR01_sl500_mr025_nv10_14,3,0,3,3,1,3
SEIR01_sl500_mr025_nv10_15,48,0,10,51,1,7
SEIR01_sl500_mr025_nv10_16,10,1,5,11,2,4
SEIR01_sl500_mr025_nv10_17,2,1,4,2,1,4
SEIR01_sl500_mr025_nv10_18,3,1,3,4,1,2
SEIR01_sl500_mr025_nv10_19,3,1,5,5,2,3
SEIR01_sl500_mr025_nv10_2,3,0,5,4,2,4
SEIR01_sl500_mr025_nv10_20,25,5,7,25,5,7
SEIR01_sl500_mr025_nv10_3,16,1,5,18,4,3
SEIR01_sl500_mr025_nv10_4,4,1,3,5,1,2
SEIR01_sl500_mr025_nv10_5,2,0,3,4,0,1
SEIR01_sl500_mr025_nv10_6,45,1,8,49,2,4
SEIR01_sl500_mr025_nv10_7,27,1,7,29,2,5
SEIR01_sl500_mr025_nv10_8,8,0,8,9,4,7
SEIR01_sl500_mr025_nv10_9,6,1,3,7,1,2
SIR003_sl1000_mr025_nv10_1,10,3,4,10,3,4
SIR003_sl1000_mr025_nv10_10,11,1,2,11,1,2
SIR003_sl1000_mr025_nv10_11,19,7,11,19,7,11
SIR003_sl1000_mr025_nv10_12,38,4,11,40,6,9
SIR003_sl1000_mr025_nv10_13,4,2,7,4,2,7
SIR003_sl1000_mr025_nv10_14,10,1,5,10,1,5
SIR003_sl1000_mr025_nv10_15,14,1,10,14,1,10
SIR003_sl1000_mr025_nv10_16,10,3,7,10,3,7
SIR003_sl1000_mr025_nv10_17,17,2,6,18,2,5
SIR003_sl1000_mr025_nv10_18,2,0,3,2,0,3
SIR003_sl1000_mr025_nv10_19,12,4,12,13,4,11
SIR003_sl1000_mr025_nv10_2,15,0,4,16,0,3
SIR003_sl1000_mr025_nv10_20,6,1,3,6,1,3
SIR003_sl1000_mr025_nv10_3,19,0,7,19,0,7
SIR003_sl1000_mr025_nv10_4,21,7,10,21,7,10
SIR003_sl1000_mr025_nv10_5,4,0,3,4,0,3
SIR003_sl1000_mr025_nv10_6,15,6,8,15,6,8
SIR003_sl1000_mr025_nv10_7,9,4,7,9,4,7
SIR003_sl1000_mr025_nv10_8,11,1,4,11,1,4
SIR003_sl1000_mr025_nv10_9,15,6,13,15,6,13
SIR003_sl1000_mr05_nv10_1,11,0,6,11,0,6
SIR003_sl1000_mr05_nv10_10,10,0,3,10,0,3
SIR003_sl1000_mr05_nv10_11,22,7,13,22,7,13
SIR003_sl1000_mr05_nv10_12,42,9,13,42,10,13
SIR003_sl1000_mr05_nv10_13,39,10,17,40,11,16
SIR003_sl1000_mr05_nv10_14,9,0,1,9,0,1
SIR003_sl1000_mr05_nv10_15,9,1,4,9,1,4
SIR003_sl1000_mr05_nv10_16,18,5,7,18,5,7
SIR003_sl1000_mr05_nv10_17,6,2,8,6,2,8
SIR003_sl1000_mr05_nv10_18,15,1,8,15,1,8
SIR003_sl1000_mr05_nv10_19,29,1,8,29,1,8
SIR003_sl1000_mr05_nv10_2,11,1,4,11,1,4
SIR003_sl1000_mr05_nv10_20,3,5,6,3,5,6
SIR003_sl1000_mr05_nv10_3,7,1,3,7,1,3
SIR003_sl1000_mr05_nv10_4,9,1,4,9,1,4
SIR003_sl1000_mr05_nv10_5,24,13,22,24,14,22
SIR003_sl1000_mr05_nv10_6,11,2,10,11,3,10
SIR003_sl1000_mr05_nv10_7,19,2,4,19,2,4
SIR003_sl1000_mr05_nv10_8,36,7,10,36,7,10
SIR003_sl1000_mr05_nv10_9,14,6,16,14,6,16
SIR003_sl1000_mr05_nv20_1,27,5,8,27,5,8
SIR003_sl1000_mr05_nv20_10,42,7,10,42,7,10
SIR003_sl1000_mr05_nv20_11,2,0,3,2,0,3
SIR003_sl1000_mr05_nv20_12,39,11,16,41,11,14
SIR003_sl1000_mr05_nv20_13,35,11,19,35,11,19
SIR003_sl1000_mr05_nv20_14,9,0,1,9,0,1
SIR003_sl1000_mr05_nv20_15,13,3,6,13,3,6
SIR003_sl1000_mr05_nv20_16,30,4,13,30,4,13
SIR003_sl1000_mr05_nv20_17,34,12,16,34,12,16
SIR003_sl1000_mr05_nv20_18,26,7,12,26,7,12
SIR003_sl1000_mr05_nv20_19,28,5,9,28,6,9
SIR003_sl1000_mr05_nv20_2,34,6,15,34,6,15
SIR003_sl1000_mr05_nv20_20,6,1,1,6,1,1
SIR003_sl1000_mr05_nv20_3,8,2,5,8,2,5
SIR003_sl1000_mr05_nv20_4,23,3,9,23,3,9
SIR003_sl1000_mr05_nv20_5,16,2,8,16,2,8
SIR003_sl1000_mr05_nv20_6,11,2,3,11,2,3
SIR003_sl1000_mr05_nv20_7,8,2,4,9,2,3
SIR003_sl1000_mr05_nv20_8,17,6,10,17,6,10
SIR003_sl1000_mr05_nv20_9,30,7,10,32,7,8
SIR003_sl1000_mr05_nv5_1,22,8,13,22,9,13
SIR003_sl1000_mr05_nv5_10,27,5,14,27,6,14
SIR003_sl1000_mr05_nv5_11,36,8,26,37,9,25
SIR003_sl1000_mr05_nv5_12,4,0,2,4,1,2
SIR003_sl1000_mr05_nv5_13,4,1,7,5,1,6
SIR003_sl1000_mr05_nv5_14,17,4,12,17,4,12
SIR003_sl1000_mr05_nv5_15,39,8,23,42,8,20
SIR003_sl1000_mr05_nv5_16,2,1,4,2,1,4
SIR003_sl1000_mr05_nv5_17,26,13,22,27,14,21
SIR003_sl1000_mr05_nv5_18,8,3,8,8,3,8
SIR003_sl1000_mr05_nv5_19,17,7,17,19,9,15
SIR003_sl1000_mr05_nv5_2,5,4,7,5,4,7
SIR003_sl1000_mr05_nv5_20,5,0,8,6,0,7
SIR003_sl1000_mr05_nv5_3,5,1,3,5,1,3
SIR003_sl1000_mr05_nv5_4,11,0,3,11,0,3
SIR003_sl1000_mr05_nv5_5,5,0,6,5,0,6
SIR003_sl1000_mr05_nv5_6,4,3,7,4,3,7
SIR003_sl1000_mr05_nv5_7,38,19,36,39,20,35
SIR003_sl1000_mr05_nv5_8,15,2,10,15,2,10
SIR003_sl1000_mr05_nv5_9,13,2,11,14,2,10
SIR003_sl1000_mr1_nv10_1,13,3,4,13,3,4
SIR003_sl1000_mr1_nv10_10,6,2,5,6,2,5
SIR003_sl1000_mr1_nv10_11,6,2,4,6,2,4
SIR003_sl1000_mr1_nv10_12,12,5,15,14,5,13
SIR003_sl1000_mr1_nv10_13,4,1,2,4,1,2
SIR003_sl1000_mr1_nv10_14,27,6,9,27,6,9
SIR003_sl1000_mr1_nv10_15,7,2,4,7,3,4
SIR003_sl1000_mr1_nv10_16,10,2,10,10,2,10
SIR003_sl1000_mr1_nv10_17,20,1,12,21,1,11
SIR003_sl1000_mr1_nv10_18,19,5,14,19,5,14
SIR003_sl1000_mr1_nv10_19,39,15,25,39,15,25
SIR003_sl1000_mr1_nv10_2,39,16,24,41,17,22
SIR003_sl1000_mr1_nv10_20,46,10,23,48,10,21
SIR003_sl1000_mr1_nv10_3,18,2,5,19,2,4
SIR003_sl1000_mr1_nv10_4,21,4,8,21,4,8
SIR003_sl1000_mr1_nv10_5,4,0,5,4,0,5
SIR003_sl1000_mr1_nv10_6,20,7,10,20,7,10
SIR003_sl1000_mr1_nv10_7,6,2,2,6,2,2
SIR003_sl1000_mr1_nv10_8,21,9,14,22,11,13
SIR003_sl1000_mr1_nv10_9,5,0,4,5,0,4
SIR003_sl250_mr05_nv10_1,16,5,16,16,5,16
SIR003_sl250_mr05_nv10_10,8,3,11,13,3,6
SIR003_sl250_mr05_nv10_11,3,0,9,5,2,7
SIR003_sl250_mr05_nv10_12,6,1,7,9,2,4
SIR003_sl250_mr05_nv10_13,1,0,6,2,0,5
SIR003_sl250_mr05_nv10_14,5,0,3,6,1,2
SIR003_sl250_mr05_nv10_15,2,0,6,2,1,6
SIR003_sl250_mr05_nv10_16,5,1,6,7,1,4
SIR003_sl250_mr05_nv10_17,22,6,23,28,9,17
SIR003_sl250_mr05_nv10_18,7,1,20,16,2,11
SIR003_sl250_mr05_nv10_19,8,6,17,8,6,17
SIR003_sl250_mr05_nv10_2,12,0,2,12,0,2
SIR003_sl250_mr05_nv10_20,16,2,25,23,4,18
SIR003_sl250_mr05_nv10_3,14,2,8,15,2,7
SIR003_sl250_mr05_nv10_4,4,1,8,8,2,4
SIR003_sl250_mr05_nv10_5,12,1,10,13,2,9
SIR003_sl250_mr05_nv10_6,18,2,15,21,4,12
SIR003_sl250_mr05_nv10_7,20,5,26,25,7,21
SIR003_sl250_mr05_nv10_8,7,1,10,10,1,7
SIR003_sl250_mr05_nv10_9,1,1,8,2,2,7
SIR003_sl500_mr05_nv10_1,4,1,3,5,1,2
SIR003_sl500_mr05_nv10_10,18,6,21,19,7,20
SIR003_sl500_mr05_nv10_11,2,0,4,2,0,4
SIR003_sl500_mr05_nv10_12,14,8,12,18,9,8
SIR003_sl500_mr05_nv10_13,33,7,15,34,8,14
SIR003_sl500_mr05_nv10_14,18,4,15,20,4,13
SIR003_sl500_mr05_nv10_15,13,1,6,13,1,6
SIR003_sl500_mr05_nv10_16,7,3,5,7,4,5
SIR003_sl500_mr05_nv10_17,7,1,3,7,1,3
SIR003_sl500_mr05_nv10_18,8,0,5,10,0,3
SIR003_sl500_mr05_nv10_19,43,7,17,43,8,17
SIR003_sl500_mr05_nv10_2,25,2,9,25,2,9
SIR003_sl500_mr05_nv10_20,4,2,4,4,2,4
SIR003_sl500_mr05_nv10_3,21,3,8,21,4,8
SIR003_sl500_mr05_nv10_4,15,2,11,15,2,11
SIR003_sl500_mr05_nv10_5,6,0,4,6,1,4
SIR003_sl500_mr05_nv10_6,13,2,8,14,2,7
SIR003_sl500_mr05_nv10_7,13,0,5,13,1,5
SIR003_sl500_mr05_nv10_8,7,1,8,8,2,7
SIR003_sl500_mr05_nv10_9,3,0,4,3,0,4
SIR01_sl1000_mr075_nv10_1,39,6,18,40,6,17
SIR01_sl1000_mr075_nv10_10,7,0,1,7,0,1
SIR01_sl1000_mr075_nv10_11,5,0,2,5,0,2
SIR01_sl1000_mr075_nv10_12,18,0,12,18,0,12
SIR01_sl1000_mr075_nv10_13,6,4,8,6,4,8
SIR01_sl1000_mr075_nv10_14,4,1,3,4,1,3
SIR01_sl1000_mr075_nv10_15,3,0,3,3,0,3
SIR01_sl1000_mr075_nv10_16,10,3,8,10,5,8
SIR01_sl1000_mr075_nv10_17,39,11,32,39,12,32
SIR01_sl1000_mr075_nv10_18,9,1,2,9,1,2
SIR01_sl1000_mr075_nv10_19,3,4,8,3,4,8
SIR01_sl1000_mr075_nv10_2,5,0,6,5,0,6
SIR01_sl1000_mr075_nv10_20,18,10,12,18,10,12
SIR01_sl1000_mr075_nv10_3,6,5,5,6,5,5
SIR01_sl1000_mr075_nv10_4,26,3,12,26,3,12
SIR01_sl1000_mr075_nv10_5,50,6,14,50,6,14
SIR01_sl1000_mr075_nv10_6,2,1,6,2,1,6
SIR01_sl1000_mr075_nv10_7,22,1,2,22,1,2
SIR01_sl1000_mr075_nv10_8,10,1,6,10,1,6
SIR01_sl1000_mr075_nv10_9,15,5,12,15,6,12
SIR01_sl1000_mr15_nv10_10,17,5,15,18,5,14
SIR01_sl1000_mr15_nv10_11,6,0,6,6,0,6
SIR01_sl1000_mr15_nv10_12,13,4,11,13,4,11
SIR01_sl1000_mr15_nv10_14,8,0,0,8,0,0
SIR01_sl1000_mr15_nv10_15,21,10,17,23,10,15
SIR01_sl1000_mr15_nv10_16,4,0,3,6,0,1
SIR01_sl1000_mr15_nv10_17,16,0,4,16,0,4
SIR01_sl1000_mr15_nv10_18,46,13,23,46,13,23
SIR01_sl1000_mr15_nv10_19,6,0,3,6,0,3
SIR01_sl1000_mr15_nv10_20,7,1,2,7,2,2
SIR01_sl1000_mr15_nv10_3,47,4,12,47,4,12
SIR01_sl1000_mr15_nv10_5,7,0,3,7,0,3
SIR01_sl1000_mr15_nv10_6,5,0,2,5,0,2
SIR01_sl1000_mr15_nv10_7,34,3,16,34,4,16
SIR01_sl1000_mr15_nv10_8,3,1,7,3,1,7
SIR01_sl1000_mr15_nv10_9,12,3,9,12,3,9
SIR01_sl1000_mr15_nv20_1,25,4,7,25,4,7
SIR01_sl1000_mr15_nv20_10,8,2,5,8,2,5
SIR01_sl1000_mr15_nv20_11,47,6,12,48,7,11
SIR01_sl1000_mr15_nv20_12,7,1,8,8,1,7
SIR01_sl1000_mr15_nv20_13,4,0,2,4,0,2
SIR01_sl1000_mr15_nv20_14,2,2,3,2,2,3
SIR01_sl1000_mr15_nv20_15,7,1,7,7,1,7
SIR01_sl1000_mr15_nv20_16,14,1,7,15,1,6
SIR01_sl1000_mr15_nv20_17,9,1,5,9,1,5
SIR01_sl1000_mr15_nv20_18,23,1,7,24,1,6
SIR01_sl1000_mr15_nv20_19,40,1,11,40,1,11
SIR01_sl1000_mr15_nv20_2,4,0,6,4,0,6
SIR01_sl1000_mr15_nv20_20,11,1,3,11,1,3
SIR01_sl1000_mr15_nv20_3,2,0,3,2,0,3
SIR01_sl1000_mr15_nv20_4,50,11,19,51,11,18
SIR01_sl1000_mr15_nv20_5,6,2,4,6,2,4
SIR01_sl1000_mr15_nv20_6,6,0,2,6,0,2
SIR01_sl1000_mr15_nv20_7,21,0,7,21,0,7
SIR01_sl1000_mr15_nv20_8,38,1,10,38,1,10
SIR01_sl1000_mr15_nv20_9,19,3,7,19,3,7
SIR01_sl1000_mr15_nv5_1,15,5,13,16,5,12
SIR01_sl1000_mr15_nv5_10,8,0,3,8,0,3
SIR01_sl1000_mr15_nv5_11,3,1,6,3,1,6
SIR01_sl1000_mr15_nv5_12,10,7,13,11,8,12
SIR01_sl1000_mr15_nv5_13,9,2,7,10,2,6
SIR01_sl1000_mr15_nv5_14,15,3,7,15,3,7
SIR01_sl1000_mr15_nv5_15,33,7,12,33,7,12
SIR01_sl1000_mr15_nv5_16,2,0,7,2,1,7
SIR01_sl1000_mr15_nv5_17,4,0,4,5,0,3
SIR01_sl1000_mr15_nv5_18,5,2,4,5,2,4
SIR01_sl1000_mr15_nv5_19,13,4,8,13,4,8
SIR01_sl1000_mr15_nv5_2,22,6,13,23,6,12
SIR01_sl1000_mr15_nv5_20,11,2,6,11,2,6
SIR01_sl1000_mr15_nv5_3,3,2,6,3,2,6
SIR01_sl1000_mr15_nv5_4,13,2,12,13,2,12
SIR01_sl1000_mr15_nv5_5,4,3,7,4,3,7
SIR01_sl1000_mr15_nv5_6,11,2,12,11,2,12
SIR01_sl1000_mr15_nv5_7,3,0,5,3,1,5
SIR01_sl1000_mr15_nv5_8,2,3,6,2,3,6
SIR01_sl1000_mr15_nv5_9,28,7,19,28,7,19
SIR01_sl1000_mr3_nv10_1,21,7,9,21,7,9
SIR01_sl1000_mr3_nv10_10,7,1,2,7,1,2
SIR01_sl1000_mr3_nv10_11,37,6,20,38,6,19
SIR01_sl1000_mr3_nv10_12,23,3,11,24,3,10
SIR01_sl1000_mr3_nv10_13,25,4,11,25,4,11
SIR01_sl1000_mr3_nv10_14,23,0,5,24,0,4
SIR01_sl1000_mr3_nv10_15,4,0,5,4,0,5
SIR01_sl1000_mr3_nv10_16,24,2,8,25,2,7
SIR01_sl1000_mr3_nv10_17,6,1,4,6,1,4
SIR01_sl1000_mr3_nv10_18,18,2,6,18,2,6
SIR01_sl1000_mr3_nv10_19,13,12,17,13,12,17
SIR01_sl1000_mr3_nv10_2,7,2,2,7,2,2
SIR01_sl1000_mr3_nv10_20,8,3,4,8,3,4
SIR01_sl1000_mr3_nv10_3,16,3,4,16,4,4
SIR01_sl1000_mr3_nv10_4,5,0,7,5,0,7
SIR01_sl1000_mr3_nv10_5,18,5,10,19,5,9
SIR01_sl1000_mr3_nv10_6,27,19,27,29,21,25
SIR01_sl1000_mr3_nv10_7,13,5,10,13,5,10
SIR01_sl1000_mr3_nv10_8,6,0,4,6,0,4
SIR01_sl1000_mr3_nv10_9,18,2,11,18,2,11
SIR01_sl250_mr15_nv10_1,7,0,10,9,1,8
SIR01_sl250_mr15_nv10_10,24,2,32,34,7,22
SIR01_sl250_mr15_nv10_11,11,1,13,14,2,10
SIR01_sl250_mr15_nv10_12,12,2,7,12,3,7
SIR01_sl250_mr15_nv10_13,7,0,6,9,3,4
SIR01_sl250_mr15_nv10_14,6,1,9,8,2,7
SIR01_sl250_mr15_nv10_15,2,0,6,4,0,4
SIR01_sl250_mr15_nv10_16,13,0,10,15,2,8
SIR01_sl250_mr15_nv10_17,3,0,4,5,0,2
SIR01_sl250_mr15_nv10_18,7,3,13,10,4,10
SIR01_sl250_mr15_nv10_19,4,0,3,5,0,2
SIR01_sl250_mr15_nv10_2,4,0,5,5,1,4
SIR01_sl250_mr15_nv10_20,2,0,5,4,0,3
SIR01_sl250_mr15_nv10_3,5,0,9,6,2,8
SIR01_sl250_mr15_nv10_4,4,2,8,4,2,8
SIR01_sl250_mr15_nv10_5,5,0,4,6,0,3
SIR01_sl250_mr15_nv10_6,13,1,30,20,6,23
SIR01_sl250_mr15_nv10_7,14,3,27,20,5,21
SIR01_sl250_mr15_nv10_8,4,1,5,4,1,5
SIR01_sl250_mr15_nv10_9,3,0,7,4,1,6
SIR01_sl500_mr15_nv10_1,2,0,3,3,0,2
SIR01_sl500_mr15_nv10_10,6,2,7,6,3,7
SIR01_sl500_mr15_nv10_11,11,0,6,11,0,6
SIR01_sl500_mr15_nv10_12,1,0,5,1,0,5
SIR01_sl500_mr15_nv10_13,4,1,3,4,1,3
SIR01_sl500_mr15_nv10_14,22,6,17,23,7,16
SIR01_sl500_mr15_nv10_15,17,4,13,19,5,11
SIR01_sl500_mr15_nv10_16,7,0,3,7,1,3
SIR01_sl500_mr15_nv10_17,8,0,5,9,3,4
SIR01_sl500_mr15_nv10_18,14,3,11,14,3,11
SIR01_sl500_mr15_nv10_19,18,2,9,18,2,9
SIR01_sl500_mr15_nv10_2,14,1,7,16,1,5
SIR01_sl500_mr15_nv10_20,16,0,9,17,0,8
SIR01_sl500_mr15_nv10_3,14,2,5,15,2,4
SIR01_sl500_mr15_nv10_4,31,7,18,33,7,16
SIR01_sl500_mr15_nv10_5,34,3,18,41,3,11
SIR01_sl500_mr15_nv10_6,19,0,10,22,0,7
SIR01_sl500_mr15_nv10_7,4,0,3,4,0,3
SIR01_sl500_mr15_nv10_8,4,0,4,4,0,4
SIR01_sl500_mr15_nv10_9,39,3,18,42,3,15
