dataset,phylo_tp,phylo_fp,phylo_fn,phylo_multi_tp,phylo_multi_fp,phylo_multi_fn,tnet_tp,tnet_fp,tnet_fn,tnet_mul_tp,tnet_mul_fp,tnet_mul_fn,tnet_boot_tp,tnet_boot_fp,tnet_boot_fn
SEIR015_sl1000_mr0125_nv10_1,29,3,44,66,0,7,60,16,13,58,5,15,56,0,17
SEIR015_sl1000_mr0125_nv10_10,9,2,10,16,0,3,15,4,4,15,1,4,14,1,5
SEIR015_sl1000_mr0125_nv10_11,5,1,8,9,0,4,9,4,4,9,2,4,10,0,3
SEIR015_sl1000_mr0125_nv10_12,4,0,10,9,0,5,12,2,2,11,2,3,10,0,4
SEIR015_sl1000_mr0125_nv10_13,26,1,24,47,1,3,45,5,5,41,1,9,44,1,6
SEIR015_sl1000_mr0125_nv10_14,32,9,20,39,1,13,44,15,8,41,12,11,41,1,11
SEIR015_sl1000_mr0125_nv10_15,13,4,32,29,1,16,31,16,14,23,16,22,25,1,20
SEIR015_sl1000_mr0125_nv10_16,40,12,23,37,1,26,48,23,15,48,14,15,49,0,14
SEIR015_sl1000_mr0125_nv10_17,15,5,11,18,0,8,19,13,7,17,9,9,22,1,4
SEIR015_sl1000_mr0125_nv10_18,5,3,5,7,0,3,8,4,2,7,3,3,8,0,2
SEIR015_sl1000_mr0125_nv10_19,15,2,16,17,0,14,16,16,15,18,3,13,19,1,12
SEIR015_sl1000_mr0125_nv10_2,9,1,7,11,1,5,10,7,6,10,2,6,12,1,4
SEIR015_sl1000_mr0125_nv10_20,26,2,15,34,0,7,35,8,6,31,2,10,35,1,6
SEIR015_sl1000_mr0125_nv10_3,5,2,4,6,0,3,8,3,1,8,2,1,9,0,0
SEIR015_sl1000_mr0125_nv10_4,6,0,4,7,0,3,8,2,2,8,0,2,8,0,2
SEIR015_sl1000_mr0125_nv10_5,11,5,40,47,1,4,32,19,19,21,6,30,17,2,34
SEIR015_sl1000_mr0125_nv10_6,12,2,23,28,0,7,29,8,6,25,3,10,27,1,8
SEIR015_sl1000_mr0125_nv10_7,28,8,40,52,0,16,61,15,7,46,10,22,46,0,22
SEIR015_sl1000_mr0125_nv10_8,7,2,11,14,0,4,11,9,7,9,3,9,12,0,6
SEIR015_sl1000_mr0125_nv10_9,5,5,16,11,0,10,9,14,12,9,9,12,11,3,10
SEIR015_sl1000_mr025_nv10_1,8,1,2,7,0,3,9,1,1,8,1,2,7,0,3
SEIR015_sl1000_mr025_nv10_10,1,1,10,4,1,7,10,1,1,10,1,1,7,2,4
SEIR015_sl1000_mr025_nv10_11,25,5,31,46,0,10,43,15,13,38,5,18,45,0,11
SEIR015_sl1000_mr025_nv10_12,5,1,5,1,0,9,7,6,3,9,3,1,6,0,4
SEIR015_sl1000_mr025_nv10_13,2,5,8,1,0,9,4,8,6,4,4,6,3,0,7
SEIR015_sl1000_mr025_nv10_14,9,2,16,17,3,8,19,10,6,20,9,5,19,2,6
SEIR015_sl1000_mr025_nv10_15,16,16,42,37,0,21,29,41,29,27,23,31,26,2,32
SEIR015_sl1000_mr025_nv10_16,10,6,4,8,0,6,11,5,3,11,5,3,10,0,4
SEIR015_sl1000_mr025_nv10_17,15,3,23,26,1,12,28,11,10,28,7,10,24,1,14
SEIR015_sl1000_mr025_nv10_18,18,5,19,25,0,12,26,17,11,25,10,12,30,0,7
SEIR015_sl1000_mr025_nv10_19,8,4,11,14,0,5,17,5,2,15,4,4,16,0,3
SEIR015_sl1000_mr025_nv10_2,19,7,37,49,1,7,38,22,18,41,6,15,44,2,12
SEIR015_sl1000_mr025_nv10_20,3,4,5,4,0,4,6,4,2,5,4,3,7,0,1
SEIR015_sl1000_mr025_nv10_3,30,3,16,36,0,10,40,8,6,38,3,8,42,1,4
SEIR015_sl1000_mr025_nv10_4,21,3,23,35,0,9,33,15,11,31,10,13,31,2,13
SEIR015_sl1000_mr025_nv10_5,23,1,25,44,0,4,41,7,7,35,5,13,37,1,11
SEIR015_sl1000_mr025_nv10_6,21,0,25,42,2,4,40,6,6,34,6,12,38,3,8
SEIR015_sl1000_mr025_nv10_7,5,1,4,5,1,4,8,1,1,8,1,1,8,1,1
SEIR015_sl1000_mr025_nv10_8,13,0,7,14,0,6,20,0,0,16,0,4,15,0,5
SEIR015_sl1000_mr025_nv10_9,30,2,26,48,0,8,53,6,3,46,2,10,45,1,11
SEIR015_sl1000_mr025_nv20_1,5,3,10,9,0,6,10,7,5,9,2,6,11,0,4
SEIR015_sl1000_mr025_nv20_10,3,6,6,2,0,7,7,3,2,5,3,4,7,0,2
SEIR015_sl1000_mr025_nv20_11,8,1,5,9,0,4,12,2,1,10,2,3,12,1,1
SEIR015_sl1000_mr025_nv20_12,10,9,10,12,1,8,12,14,8,12,8,8,14,1,6
SEIR015_sl1000_mr025_nv20_13,6,4,3,5,1,4,7,6,2,7,6,2,8,1,1
SEIR015_sl1000_mr025_nv20_14,7,2,15,21,1,1,20,2,2,18,2,4,19,1,3
SEIR015_sl1000_mr025_nv20_15,12,7,12,9,0,15,22,12,2,18,7,6,14,0,10
SEIR015_sl1000_mr025_nv20_16,20,2,10,26,3,4,27,4,3,25,4,5,27,3,3
SEIR015_sl1000_mr025_nv20_17,27,3,29,49,0,7,50,9,6,47,8,9,46,0,10
SEIR015_sl1000_mr025_nv20_18,20,13,19,24,0,15,29,21,10,27,15,12,32,0,7
SEIR015_sl1000_mr025_nv20_19,3,5,8,6,0,5,6,7,5,6,4,5,9,1,2
SEIR015_sl1000_mr025_nv20_2,15,1,10,15,0,10,22,4,3,22,4,3,23,0,2
SEIR015_sl1000_mr025_nv20_20,9,5,10,11,2,8,13,6,6,12,5,7,14,3,5
SEIR015_sl1000_mr025_nv20_3,34,9,32,47,0,19,43,36,23,40,20,26,45,0,21
SEIR015_sl1000_mr025_nv20_4,13,4,20,27,0,6,27,7,6,22,5,11,21,1,12
SEIR015_sl1000_mr025_nv20_5,19,1,20,38,0,1,35,4,4,35,2,4,34,1,5
SEIR015_sl1000_mr025_nv20_6,19,5,19,26,1,12,33,13,5,30,11,8,35,1,3
SEIR015_sl1000_mr025_nv20_7,26,0,10,29,2,7,31,5,5,30,2,6,32,0,4
SEIR015_sl1000_mr025_nv20_8,41,20,26,49,0,18,52,34,15,49,14,18,48,0,19
SEIR015_sl1000_mr025_nv20_9,4,2,14,16,0,2,9,9,9,9,5,9,13,1,5
SEIR015_sl1000_mr025_nv5_1,1,0,13,6,0,8,8,6,6,7,1,7,8,0,6
SEIR015_sl1000_mr025_nv5_10,17,7,19,15,0,21,29,10,7,24,7,12,16,0,20
SEIR015_sl1000_mr025_nv5_11,15,6,32,34,1,13,30,21,17,27,11,20,24,1,23
SEIR015_sl1000_mr025_nv5_12,2,0,9,7,2,4,7,4,4,3,4,8,4,0,7
SEIR015_sl1000_mr025_nv5_13,11,0,20,22,0,9,24,8,7,23,0,8,23,0,8
SEIR015_sl1000_mr025_nv5_14,8,3,7,11,1,4,11,7,4,9,4,6,11,1,4
SEIR015_sl1000_mr025_nv5_15,27,8,38,48,8,17,48,20,17,41,16,24,48,3,17
SEIR015_sl1000_mr025_nv5_16,8,0,18,22,0,4,20,6,6,19,0,7,18,0,8
SEIR015_sl1000_mr025_nv5_17,15,1,26,31,1,10,34,8,7,31,6,10,35,1,6
SEIR015_sl1000_mr025_nv5_18,24,6,31,35,5,20,34,23,21,34,5,21,34,2,21
SEIR015_sl1000_mr025_nv5_19,5,4,6,2,0,9,7,11,4,6,6,5,3,0,8
SEIR015_sl1000_mr025_nv5_2,4,0,5,4,0,5,8,2,1,6,0,3,4,0,5
SEIR015_sl1000_mr025_nv5_20,10,4,31,27,0,14,29,14,12,23,10,18,18,0,23
SEIR015_sl1000_mr025_nv5_3,13,2,14,13,1,14,17,10,10,14,2,13,11,1,16
SEIR015_sl1000_mr025_nv5_4,15,6,35,35,0,15,34,19,16,30,13,20,29,0,21
SEIR015_sl1000_mr025_nv5_5,5,1,16,7,0,14,13,10,8,11,5,10,5,0,16
SEIR015_sl1000_mr025_nv5_6,12,10,50,37,0,25,38,31,24,33,15,29,27,2,35
SEIR015_sl1000_mr025_nv5_7,8,1,18,22,0,4,20,6,6,18,4,8,15,0,11
SEIR015_sl1000_mr025_nv5_8,8,0,15,16,0,7,19,6,4,15,4,8,14,0,9
SEIR015_sl1000_mr025_nv5_9,13,10,27,18,1,22,25,19,15,21,9,19,18,1,22
SEIR015_sl1000_mr05_nv10_1,6,4,11,12,0,5,11,9,6,10,5,7,14,2,3
SEIR015_sl1000_mr05_nv10_10,7,1,2,0,0,9,8,2,1,8,2,1,8,0,1
SEIR015_sl1000_mr05_nv10_11,3,5,5,3,0,5,3,6,5,3,6,5,4,0,4
SEIR015_sl1000_mr05_nv10_12,4,3,4,2,0,6,8,3,0,8,3,0,7,0,1
SEIR015_sl1000_mr05_nv10_13,37,2,24,52,1,9,58,3,3,49,3,12,49,1,12
SEIR015_sl1000_mr05_nv10_14,13,2,33,37,0,9,30,25,16,29,8,17,31,0,15
SEIR015_sl1000_mr05_nv10_15,3,1,8,6,0,5,9,3,2,7,3,4,8,0,3
SEIR015_sl1000_mr05_nv10_16,26,2,15,32,0,9,38,8,3,36,6,5,35,1,6
SEIR015_sl1000_mr05_nv10_17,32,17,37,52,0,17,54,26,15,52,13,17,56,0,13
SEIR015_sl1000_mr05_nv10_18,19,6,22,25,1,16,35,10,6,33,9,8,31,0,10
SEIR015_sl1000_mr05_nv10_19,16,12,16,26,0,6,28,9,4,27,7,5,30,0,2
SEIR015_sl1000_mr05_nv10_2,13,0,29,39,1,3,35,7,7,30,3,12,32,2,10
SEIR015_sl1000_mr05_nv10_20,5,14,36,23,0,18,18,33,23,12,26,29,11,0,30
SEIR015_sl1000_mr05_nv10_3,38,5,18,44,1,12,48,11,8,45,6,11,48,1,8
SEIR015_sl1000_mr05_nv10_4,9,10,23,20,0,12,21,14,11,21,13,11,27,1,5
SEIR015_sl1000_mr05_nv10_5,5,2,6,8,0,3,9,2,2,9,2,2,7,1,4
SEIR015_sl1000_mr05_nv10_6,13,2,17,25,0,5,20,12,10,18,4,12,20,2,10
SEIR015_sl1000_mr05_nv10_7,8,5,5,7,1,6,10,11,3,9,7,4,10,1,3
SEIR015_sl1000_mr05_nv10_8,22,4,14,31,0,5,29,11,7,26,9,10,30,0,6
SEIR015_sl1000_mr05_nv10_9,7,1,8,9,0,6,11,7,4,12,1,3,8,0,7
SEIR015_sl250_mr025_nv10_1,11,12,6,4,1,13,14,12,3,14,12,3,13,1,4
SEIR015_sl250_mr025_nv10_10,18,27,41,32,0,27,32,50,27,27,35,32,36,0,23
SEIR015_sl250_mr025_nv10_11,14,11,20,8,3,26,20,24,14,18,19,16,14,2,20
SEIR015_sl250_mr025_nv10_12,22,14,21,17,0,26,29,47,14,29,34,14,23,2,20
SEIR015_sl250_mr025_nv10_13,10,1,6,10,0,6,11,6,5,11,5,5,11,0,5
SEIR015_sl250_mr025_nv10_14,8,18,17,3,0,22,14,30,11,13,24,12,16,1,9
SEIR015_sl250_mr025_nv10_15,34,11,15,23,1,26,40,13,9,38,12,11,32,3,17
SEIR015_sl250_mr025_nv10_16,7,33,20,4,2,23,9,51,18,8,40,19,8,3,19
SEIR015_sl250_mr025_nv10_17,3,2,9,1,0,11,9,4,3,5,6,7,3,0,9
SEIR015_sl250_mr025_nv10_18,2,7,9,0,0,11,8,9,3,8,9,3,0,1,11
SEIR015_sl250_mr025_nv10_19,7,11,30,14,0,23,23,20,14,18,12,19,17,0,20
SEIR015_sl250_mr025_nv10_2,4,12,18,3,0,19,9,22,13,4,20,18,6,1,16
SEIR015_sl250_mr025_nv10_20,17,9,16,14,0,19,25,16,8,26,12,7,26,2,7
SEIR015_sl250_mr025_nv10_3,6,7,9,0,1,15,12,10,3,12,9,3,3,2,12
SEIR015_sl250_mr025_nv10_4,17,4,8,10,0,15,18,8,7,18,8,7,16,2,9
SEIR015_sl250_mr025_nv10_5,4,1,4,1,0,7,5,4,3,5,4,3,4,0,4
SEIR015_sl250_mr025_nv10_6,15,12,20,17,0,18,26,13,9,26,12,9,24,2,11
SEIR015_sl250_mr025_nv10_7,4,4,4,3,0,5,3,6,5,3,6,5,5,1,3
SEIR015_sl250_mr025_nv10_8,12,3,15,18,0,9,21,8,6,19,6,8,20,0,7
SEIR015_sl250_mr025_nv10_9,4,5,11,6,1,9,10,14,5,11,7,4,8,2,7
SEIR015_sl500_mr025_nv10_1,5,1,5,6,0,4,8,4,2,8,4,2,8,3,2
SEIR015_sl500_mr025_nv10_10,23,3,20,38,1,5,39,6,4,37,5,6,37,1,6
SEIR015_sl500_mr025_nv10_11,1,3,7,0,0,8,5,6,3,4,6,4,4,0,4
SEIR015_sl500_mr025_nv10_12,20,8,33,44,0,9,35,28,18,34,14,19,37,1,16
SEIR015_sl500_mr025_nv10_13,11,14,17,18,0,10,17,22,11,16,17,12,22,0,6
SEIR015_sl500_mr025_nv10_14,7,0,2,1,0,8,8,2,1,8,2,1,7,1,2
SEIR015_sl500_mr025_nv10_15,30,3,28,50,0,8,45,14,13,46,9,12,42,0,16
SEIR015_sl500_mr025_nv10_16,5,4,7,5,0,7,10,6,2,10,4,2,9,0,3
SEIR015_sl500_mr025_nv10_17,10,3,4,7,0,7,12,7,2,12,6,2,9,0,5
SEIR015_sl500_mr025_nv10_18,6,2,20,23,0,3,17,10,9,12,5,14,18,1,8
SEIR015_sl500_mr025_nv10_19,7,2,3,5,0,5,8,3,2,8,3,2,9,0,1
SEIR015_sl500_mr025_nv10_2,2,2,6,4,0,4,5,3,3,5,3,3,5,2,3
SEIR015_sl500_mr025_nv10_20,34,9,30,49,0,15,51,20,13,43,11,21,45,0,19
SEIR015_sl500_mr025_nv10_3,17,5,20,15,5,22,26,15,11,27,10,10,17,1,20
SEIR015_sl500_mr025_nv10_4,11,15,30,20,1,21,21,32,20,17,24,24,32,2,9
SEIR015_sl500_mr025_nv10_5,8,0,6,11,0,3,14,1,0,14,1,0,14,1,0
SEIR015_sl500_mr025_nv10_6,15,4,4,10,0,9,15,5,4,15,5,4,17,0,2
SEIR015_sl500_mr025_nv10_7,25,9,37,37,1,25,35,36,27,29,13,33,34,2,28
SEIR015_sl500_mr025_nv10_8,24,21,43,35,0,32,54,29,13,51,18,16,49,1,18
SEIR015_sl500_mr025_nv10_9,7,2,4,5,0,6,7,6,4,7,6,4,7,3,4
SEIR01_sl1000_mr0125_nv10_1,11,2,7,14,0,4,13,6,5,13,4,5,15,0,3
SEIR01_sl1000_mr0125_nv10_10,37,2,17,48,2,6,50,4,4,44,4,10,44,4,10
SEIR01_sl1000_mr0125_nv10_11,10,0,3,12,0,1,12,1,1,12,1,1,11,1,2
SEIR01_sl1000_mr0125_nv10_12,1,0,4,2,0,3,1,4,4,1,3,4,4,0,1
SEIR01_sl1000_mr0125_nv10_13,9,1,1,7,0,3,9,2,1,9,2,1,10,0,0
SEIR01_sl1000_mr0125_nv10_14,24,1,6,28,1,2,28,2,2,28,2,2,28,1,2
SEIR01_sl1000_mr0125_nv10_15,10,0,14,19,0,5,20,4,4,19,4,5,17,0,7
SEIR01_sl1000_mr0125_nv10_16,2,1,5,4,1,3,5,2,2,5,2,2,5,1,2
SEIR01_sl1000_mr0125_nv10_17,7,4,5,7,2,5,10,3,2,10,3,2,10,2,2
SEIR01_sl1000_mr0125_nv10_18,35,3,10,39,4,6,40,7,5,40,6,5,39,2,6
SEIR01_sl1000_mr0125_nv10_19,20,1,10,23,0,7,25,5,5,25,3,5,27,1,3
SEIR01_sl1000_mr0125_nv10_2,16,1,10,19,0,7,24,2,2,24,2,2,26,0,0
SEIR01_sl1000_mr0125_nv10_20,21,2,4,20,1,5,22,4,3,22,1,3,23,1,2
SEIR01_sl1000_mr0125_nv10_3,22,4,16,34,0,4,32,6,6,32,4,6,34,1,4
SEIR01_sl1000_mr0125_nv10_4,15,1,9,18,3,6,18,6,6,18,3,6,19,3,5
SEIR01_sl1000_mr0125_nv10_5,38,1,9,41,0,6,42,7,5,41,5,6,43,0,4
SEIR01_sl1000_mr0125_nv10_6,28,1,20,42,4,6,42,6,6,37,3,11,37,2,11
SEIR01_sl1000_mr0125_nv10_7,30,1,9,34,0,5,35,4,4,35,2,4,34,0,5
SEIR01_sl1000_mr0125_nv10_8,2,1,4,4,1,2,4,2,2,4,2,2,4,2,2
SEIR01_sl1000_mr0125_nv10_9,30,1,17,46,1,1,46,1,1,42,1,5,41,1,6
SEIR01_sl1000_mr025_nv10_1,16,1,12,23,0,5,26,3,2,24,3,4,26,1,2
SEIR01_sl1000_mr025_nv10_10,7,3,2,7,1,2,7,2,2,7,2,2,8,2,1
SEIR01_sl1000_mr025_nv10_11,22,2,13,30,0,5,29,8,6,29,4,6,33,0,2
SEIR01_sl1000_mr025_nv10_12,5,0,3,5,1,3,6,2,2,5,2,3,5,2,3
SEIR01_sl1000_mr025_nv10_13,4,2,16,15,0,5,16,5,4,16,3,4,18,2,2
SEIR01_sl1000_mr025_nv10_14,22,2,12,28,1,6,30,5,4,29,5,5,30,2,4
SEIR01_sl1000_mr025_nv10_15,6,2,4,7,1,3,8,2,2,8,2,2,8,2,2
SEIR01_sl1000_mr025_nv10_16,24,0,18,38,2,4,36,7,6,33,1,9,35,0,7
SEIR01_sl1000_mr025_nv10_17,26,3,19,35,5,10,29,16,16,29,9,16,35,3,10
SEIR01_sl1000_mr025_nv10_18,7,1,2,7,1,2,8,1,1,7,1,2,7,2,2
SEIR01_sl1000_mr025_nv10_19,36,3,23,52,3,7,51,10,8,47,8,12,47,3,12
SEIR01_sl1000_mr025_nv10_2,16,2,6,20,2,2,20,4,2,21,3,1,20,2,2
SEIR01_sl1000_mr025_nv10_20,10,3,7,14,2,3,13,4,4,14,3,3,13,3,4
SEIR01_sl1000_mr025_nv10_3,33,3,16,42,3,7,41,9,8,39,8,10,42,2,7
SEIR01_sl1000_mr025_nv10_4,33,4,19,48,1,4,46,7,6,40,3,12,45,1,7
SEIR01_sl1000_mr025_nv10_5,33,2,11,37,3,7,38,7,6,36,4,8,35,2,9
SEIR01_sl1000_mr025_nv10_6,4,0,3,4,0,3,5,2,2,5,2,2,5,1,2
SEIR01_sl1000_mr025_nv10_7,27,3,13,31,5,9,28,12,12,28,7,12,31,5,9
SEIR01_sl1000_mr025_nv10_8,18,1,9,20,4,7,22,5,5,22,3,5,22,5,5
SEIR01_sl1000_mr025_nv10_9,29,2,18,41,3,6,38,9,9,37,6,10,41,2,6
SEIR01_sl1000_mr025_nv20_1,22,2,10,30,0,2,30,4,2,30,3,2,30,2,2
SEIR01_sl1000_mr025_nv20_10,4,1,5,5,0,4,6,3,3,6,1,3,7,1,2
SEIR01_sl1000_mr025_nv20_11,3,1,2,3,1,2,4,1,1,4,1,1,4,1,1
SEIR01_sl1000_mr025_nv20_12,14,1,4,15,0,3,16,2,2,16,1,2,16,0,2
SEIR01_sl1000_mr025_nv20_13,43,5,15,48,3,10,50,8,8,49,3,9,49,2,9
SEIR01_sl1000_mr025_nv20_14,11,2,2,9,1,4,11,2,2,11,2,2,12,1,1
SEIR01_sl1000_mr025_nv20_15,15,2,8,22,0,1,21,2,2,21,1,2,21,1,2
SEIR01_sl1000_mr025_nv20_16,4,3,3,2,0,5,5,4,2,5,4,2,7,0,0
SEIR01_sl1000_mr025_nv20_17,19,2,6,21,1,4,21,4,4,20,4,5,24,1,1
SEIR01_sl1000_mr025_nv20_18,23,2,3,22,1,4,23,3,3,23,3,3,23,3,3
SEIR01_sl1000_mr025_nv20_19,48,3,5,49,3,4,50,3,3,50,3,3,50,3,3
SEIR01_sl1000_mr025_nv20_2,28,2,14,38,3,4,38,5,4,38,4,4,38,3,4
SEIR01_sl1000_mr025_nv20_20,18,4,13,27,2,4,26,6,5,26,3,5,0,0,31
SEIR01_sl1000_mr025_nv20_3,15,3,6,15,1,6,19,3,2,19,3,2,20,1,1
SEIR01_sl1000_mr025_nv20_4,6,1,2,4,1,4,6,2,2,6,2,2,5,2,3
SEIR01_sl1000_mr025_nv20_5,27,2,6,29,0,4,28,5,5,28,5,5,29,2,4
SEIR01_sl1000_mr025_nv20_6,11,0,0,10,0,1,11,1,0,11,1,0,11,1,0
SEIR01_sl1000_mr025_nv20_7,11,0,6,14,0,3,15,2,2,14,2,3,14,0,3
SEIR01_sl1000_mr025_nv20_8,3,1,2,3,2,2,3,2,2,3,2,2,3,2,2
SEIR01_sl1000_mr025_nv20_9,11,0,1,11,0,1,11,1,1,11,0,1,11,0,1
SEIR01_sl1000_mr025_nv5_1,24,2,17,34,3,7,31,10,10,28,6,13,33,2,8
SEIR01_sl1000_mr025_nv5_10,9,0,24,20,0,13,28,6,5,23,3,10,21,0,12
SEIR01_sl1000_mr025_nv5_11,9,2,10,11,0,8,15,5,4,12,3,7,12,0,7
SEIR01_sl1000_mr025_nv5_12,6,2,13,11,2,8,15,4,4,12,4,7,12,2,7
SEIR01_sl1000_mr025_nv5_13,9,0,3,8,0,4,11,1,1,11,1,1,10,1,2
SEIR01_sl1000_mr025_nv5_14,14,3,6,18,0,2,18,4,2,16,5,4,18,2,2
SEIR01_sl1000_mr025_nv5_15,11,3,16,22,4,5,20,8,7,18,6,9,18,4,9
SEIR01_sl1000_mr025_nv5_16,10,1,8,13,0,5,17,1,1,17,1,1,18,0,0
SEIR01_sl1000_mr025_nv5_17,4,1,7,8,1,3,9,2,2,9,2,2,10,1,1
SEIR01_sl1000_mr025_nv5_18,25,4,22,36,4,11,36,11,11,31,4,16,38,4,9
SEIR01_sl1000_mr025_nv5_19,40,1,18,50,5,8,54,4,4,53,3,5,50,1,8
SEIR01_sl1000_mr025_nv5_2,5,3,11,13,1,3,10,7,6,10,3,6,13,1,3
SEIR01_sl1000_mr025_nv5_20,11,2,13,15,0,9,15,9,9,15,7,9,17,1,7
SEIR01_sl1000_mr025_nv5_3,6,2,4,7,1,3,9,2,1,8,2,2,8,1,2
SEIR01_sl1000_mr025_nv5_4,26,3,24,36,9,14,38,12,12,35,7,15,36,4,14
SEIR01_sl1000_mr025_nv5_5,17,1,34,39,9,12,33,21,18,32,7,19,28,2,23
SEIR01_sl1000_mr025_nv5_6,4,2,4,5,2,3,5,3,3,5,3,3,5,3,3
SEIR01_sl1000_mr025_nv5_7,8,0,2,8,0,2,9,1,1,9,1,1,9,0,1
SEIR01_sl1000_mr025_nv5_8,12,2,11,16,1,7,21,2,2,20,2,3,18,1,5
SEIR01_sl1000_mr025_nv5_9,3,0,6,5,1,4,8,1,1,8,1,1,6,1,3
SEIR01_sl1000_mr05_nv10_1,6,1,7,10,1,3,9,4,4,9,2,4,10,1,3
SEIR01_sl1000_mr05_nv10_10,6,1,1,6,1,1,6,1,1,6,1,1,6,1,1
SEIR01_sl1000_mr05_nv10_11,22,5,10,25,2,7,25,10,7,25,8,7,28,2,4
SEIR01_sl1000_mr05_nv10_12,41,3,17,44,4,14,50,9,8,47,3,11,43,4,15
SEIR01_sl1000_mr05_nv10_13,2,1,6,5,1,3,7,1,1,7,1,1,7,1,1
SEIR01_sl1000_mr05_nv10_14,24,2,15,33,0,6,29,11,10,32,3,7,27,0,12
SEIR01_sl1000_mr05_nv10_15,11,1,5,12,1,4,14,2,2,13,2,3,15,1,1
SEIR01_sl1000_mr05_nv10_16,19,1,3,21,1,1,21,1,1,21,1,1,21,1,1
SEIR01_sl1000_mr05_nv10_17,13,1,9,21,2,1,20,3,2,20,1,2,20,1,2
SEIR01_sl1000_mr05_nv10_18,42,4,14,49,1,7,49,8,7,48,7,8,52,1,4
SEIR01_sl1000_mr05_nv10_19,3,0,4,4,0,3,4,4,3,4,2,3,4,0,3
SEIR01_sl1000_mr05_nv10_2,7,1,1,6,1,2,8,1,0,8,1,0,7,1,1
SEIR01_sl1000_mr05_nv10_20,37,2,15,46,2,6,43,10,9,43,3,9,45,1,7
SEIR01_sl1000_mr05_nv10_3,15,2,10,17,4,8,21,4,4,20,2,5,17,2,8
SEIR01_sl1000_mr05_nv10_4,7,2,4,7,0,4,8,4,3,8,4,3,8,2,3
SEIR01_sl1000_mr05_nv10_5,14,2,4,16,1,2,16,2,2,16,2,2,16,2,2
SEIR01_sl1000_mr05_nv10_6,22,4,18,36,1,4,34,6,6,32,4,8,35,2,5
SEIR01_sl1000_mr05_nv10_7,32,6,14,34,3,12,37,10,9,37,9,9,35,2,11
SEIR01_sl1000_mr05_nv10_8,7,1,1,7,1,1,7,1,1,7,1,1,7,1,1
SEIR01_sl1000_mr05_nv10_9,17,1,9,24,0,2,24,2,2,24,2,2,22,1,4
SEIR01_sl250_mr025_nv10_1,24,13,21,26,0,19,32,25,13,33,19,12,33,3,12
SEIR01_sl250_mr025_nv10_10,11,5,6,8,0,9,14,5,3,14,5,3,11,2,6
SEIR01_sl250_mr025_nv10_11,8,4,8,6,1,10,13,7,3,13,4,3,11,2,5
SEIR01_sl250_mr025_nv10_12,28,8,15,31,2,12,38,10,5,33,7,10,36,0,7
SEIR01_sl250_mr025_nv10_13,2,2,4,1,1,5,4,3,2,3,3,3,3,2,3
SEIR01_sl250_mr025_nv10_14,23,16,23,25,2,21,23,28,23,23,18,23,28,7,18
SEIR01_sl250_mr025_nv10_15,6,4,1,2,0,5,7,3,0,6,4,1,6,1,1
SEIR01_sl250_mr025_nv10_16,19,23,27,22,1,24,33,31,13,29,31,17,32,2,14
SEIR01_sl250_mr025_nv10_17,3,7,5,1,0,7,4,10,4,4,8,4,6,2,2
SEIR01_sl250_mr025_nv10_18,22,6,10,17,0,15,25,11,7,21,7,11,27,0,5
SEIR01_sl250_mr025_nv10_19,7,1,5,7,0,5,10,4,2,10,4,2,9,1,3
SEIR01_sl250_mr025_nv10_2,10,5,4,5,0,9,9,8,5,9,5,5,11,2,3
SEIR01_sl250_mr025_nv10_20,12,2,6,8,0,10,13,6,5,13,5,5,14,2,4
SEIR01_sl250_mr025_nv10_3,17,9,10,21,0,6,22,11,5,22,11,5,23,3,4
SEIR01_sl250_mr025_nv10_4,9,2,5,9,0,5,13,3,1,13,3,1,12,0,2
SEIR01_sl250_mr025_nv10_5,24,12,17,25,1,16,27,21,14,28,17,13,33,6,8
SEIR01_sl250_mr025_nv10_6,10,9,12,9,2,13,14,14,8,15,11,7,15,4,7
SEIR01_sl250_mr025_nv10_7,11,4,3,6,1,8,12,5,2,12,5,2,12,1,2
SEIR01_sl250_mr025_nv10_8,25,12,9,17,0,17,26,17,8,26,16,8,25,0,9
SEIR01_sl250_mr025_nv10_9,40,11,21,52,0,9,49,23,12,47,15,14,54,0,7
SEIR01_sl500_mr025_nv10_1,5,3,5,5,0,5,5,6,5,5,6,5,6,1,4
SEIR01_sl500_mr025_nv10_10,6,3,8,10,0,4,10,4,4,10,4,4,10,4,4
SEIR01_sl500_mr025_nv10_11,11,3,6,11,1,6,14,5,3,14,5,3,15,3,2
SEIR01_sl500_mr025_nv10_12,38,3,13,44,3,7,48,4,3,43,3,8,46,3,5
SEIR01_sl500_mr025_nv10_13,10,2,10,14,0,6,14,8,6,14,6,6,16,0,4
SEIR01_sl500_mr025_nv10_14,5,0,1,3,0,3,5,2,1,5,2,1,4,1,2
SEIR01_sl500_mr025_nv10_15,41,4,17,48,0,10,48,13,10,46,8,12,48,1,10
SEIR01_sl500_mr025_nv10_16,9,1,6,10,1,5,12,4,3,12,4,3,12,2,3
SEIR01_sl500_mr025_nv10_17,2,1,4,2,1,4,2,5,4,2,4,4,2,2,4
SEIR01_sl500_mr025_nv10_18,3,1,3,3,1,3,3,3,3,3,3,3,4,2,2
SEIR01_sl500_mr025_nv10_19,6,4,2,3,1,5,5,5,3,5,4,3,6,2,2
SEIR01_sl500_mr025_nv10_2,4,1,4,3,0,5,4,4,4,4,3,4,6,1,2
SEIR01_sl500_mr025_nv10_20,14,3,18,25,5,7,23,9,9,22,5,10,24,2,8
SEIR01_sl500_mr025_nv10_3,18,2,3,16,1,5,19,4,2,19,4,2,17,2,4
SEIR01_sl500_mr025_nv10_4,5,0,2,4,1,3,6,2,1,5,2,2,5,1,2
SEIR01_sl500_mr025_nv10_5,3,0,2,2,0,3,4,3,1,4,1,1,2,0,3
SEIR01_sl500_mr025_nv10_6,38,3,15,45,1,8,49,9,4,46,6,7,46,1,7
SEIR01_sl500_mr025_nv10_7,23,6,11,27,1,7,29,8,5,27,7,7,29,3,5
SEIR01_sl500_mr025_nv10_8,13,3,3,8,0,8,14,5,2,14,5,2,16,2,0
SEIR01_sl500_mr025_nv10_9,7,2,2,6,1,3,7,2,2,7,2,2,7,2,2
SIR003_sl1000_mr025_nv10_1,9,1,5,10,3,4,10,4,4,10,3,4,10,3,4
SIR003_sl1000_mr025_nv10_10,8,2,5,11,1,2,9,4,4,9,3,4,11,1,2
SIR003_sl1000_mr025_nv10_11,14,1,16,19,7,11,19,11,11,17,6,13,18,5,12
SIR003_sl1000_mr025_nv10_12,31,2,18,38,4,11,39,11,10,38,4,11,38,1,11
SIR003_sl1000_mr025_nv10_13,3,1,8,4,2,7,6,5,5,4,2,7,4,2,7
SIR003_sl1000_mr025_nv10_14,7,0,8,10,1,5,13,2,2,12,1,3,12,1,3
SIR003_sl1000_mr025_nv10_15,11,2,13,14,1,10,17,7,7,14,6,10,14,2,10
SIR003_sl1000_mr025_nv10_16,7,1,10,10,3,7,11,6,6,11,3,6,10,1,7
SIR003_sl1000_mr025_nv10_17,17,3,6,17,2,6,18,6,5,18,4,5,18,1,5
SIR003_sl1000_mr025_nv10_18,2,0,3,2,0,3,5,0,0,5,0,0,5,0,0
SIR003_sl1000_mr025_nv10_19,10,1,14,12,4,12,19,5,5,17,5,7,14,4,10
SIR003_sl1000_mr025_nv10_2,14,2,5,15,0,4,17,3,2,14,2,5,15,0,4
SIR003_sl1000_mr025_nv10_20,3,1,6,6,1,3,7,2,2,6,2,3,7,2,2
SIR003_sl1000_mr025_nv10_3,19,0,7,19,0,7,20,6,6,19,1,7,19,0,7
SIR003_sl1000_mr025_nv10_4,15,0,16,21,7,10,23,8,8,20,3,11,20,2,11
SIR003_sl1000_mr025_nv10_5,5,1,2,4,0,3,6,1,1,5,1,2,5,1,2
SIR003_sl1000_mr025_nv10_6,13,1,10,15,6,8,16,7,7,15,4,8,14,3,9
SIR003_sl1000_mr025_nv10_7,6,2,10,9,4,7,9,7,7,8,6,8,9,4,7
SIR003_sl1000_mr025_nv10_8,10,0,5,11,1,4,13,2,2,13,2,2,12,1,3
SIR003_sl1000_mr025_nv10_9,14,1,14,15,6,13,19,9,9,17,5,11,16,3,12
SIR003_sl1000_mr05_nv10_1,9,2,8,11,0,6,10,7,7,10,6,7,12,0,5
SIR003_sl1000_mr05_nv10_10,10,0,3,10,0,3,11,2,2,11,2,2,11,1,2
SIR003_sl1000_mr05_nv10_11,17,4,18,22,7,13,24,11,11,22,10,13,23,6,12
SIR003_sl1000_mr05_nv10_12,37,1,18,42,9,13,43,12,12,42,7,13,40,3,15
SIR003_sl1000_mr05_nv10_13,30,1,26,39,10,17,46,10,10,40,7,16,40,6,16
SIR003_sl1000_mr05_nv10_14,7,0,3,9,0,1,10,0,0,10,0,0,9,0,1
SIR003_sl1000_mr05_nv10_15,8,0,5,9,1,4,11,2,2,10,1,3,10,1,3
SIR003_sl1000_mr05_nv10_16,15,1,10,18,5,7,21,5,4,19,5,6,17,3,8
SIR003_sl1000_mr05_nv10_17,5,1,9,6,2,8,7,7,7,6,2,8,6,2,8
SIR003_sl1000_mr05_nv10_18,14,1,9,15,1,8,17,6,6,17,3,6,17,3,6
SIR003_sl1000_mr05_nv10_19,25,5,12,29,1,8,29,9,8,26,9,11,32,1,5
SIR003_sl1000_mr05_nv10_2,10,0,5,11,1,4,14,1,1,14,1,1,14,1,1
SIR003_sl1000_mr05_nv10_20,2,0,7,3,5,6,4,5,5,2,1,7,4,1,5
SIR003_sl1000_mr05_nv10_3,6,0,4,7,1,3,8,2,2,7,2,3,7,1,3
SIR003_sl1000_mr05_nv10_4,9,1,4,9,1,4,11,2,2,11,2,2,11,1,2
SIR003_sl1000_mr05_nv10_5,10,3,36,24,13,22,20,26,26,20,16,26,22,9,24
SIR003_sl1000_mr05_nv10_6,10,1,11,11,2,10,16,5,5,13,6,8,14,4,7
SIR003_sl1000_mr05_nv10_7,17,0,6,19,2,4,20,3,3,19,2,4,19,2,4
SIR003_sl1000_mr05_nv10_8,23,0,23,36,7,10,33,13,13,31,3,15,35,6,11
SIR003_sl1000_mr05_nv10_9,11,0,19,14,6,16,16,14,14,14,3,16,14,5,16
SIR003_sl1000_mr05_nv20_1,19,0,16,27,5,8,26,9,9,25,5,10,24,3,11
SIR003_sl1000_mr05_nv20_10,38,0,14,42,7,10,43,9,9,42,3,10,40,2,12
SIR003_sl1000_mr05_nv20_11,2,0,3,2,0,3,2,3,3,2,0,3,2,0,3
SIR003_sl1000_mr05_nv20_12,28,5,27,39,11,16,37,18,18,37,11,18,36,3,19
SIR003_sl1000_mr05_nv20_13,32,1,22,35,11,19,41,13,13,36,8,18,31,4,23
SIR003_sl1000_mr05_nv20_14,9,0,1,9,0,1,10,0,0,9,0,1,9,0,1
SIR003_sl1000_mr05_nv20_15,13,2,6,13,3,6,14,5,5,13,2,6,14,3,5
SIR003_sl1000_mr05_nv20_16,27,2,16,30,4,13,31,13,12,30,7,13,30,3,13
SIR003_sl1000_mr05_nv20_17,28,2,22,34,12,16,34,17,16,32,9,18,34,5,16
SIR003_sl1000_mr05_nv20_18,21,0,17,26,7,12,29,9,9,26,6,12,23,4,15
SIR003_sl1000_mr05_nv20_19,21,0,16,28,5,9,28,9,9,26,4,11,27,4,10
SIR003_sl1000_mr05_nv20_2,26,3,23,34,6,15,35,15,14,33,8,16,33,4,16
SIR003_sl1000_mr05_nv20_20,5,0,2,6,1,1,6,1,1,6,1,1,6,1,1
SIR003_sl1000_mr05_nv20_3,7,0,6,8,2,5,9,4,4,8,2,5,8,2,5
SIR003_sl1000_mr05_nv20_4,19,1,13,23,3,9,27,5,5,26,3,6,24,3,8
SIR003_sl1000_mr05_nv20_5,15,2,9,16,2,8,16,8,8,16,3,8,16,2,8
SIR003_sl1000_mr05_nv20_6,9,1,5,11,2,3,10,4,4,9,1,5,11,2,3
SIR003_sl1000_mr05_nv20_7,7,2,5,8,2,4,10,3,2,7,3,5,9,2,3
SIR003_sl1000_mr05_nv20_8,14,2,13,17,6,10,17,10,10,17,7,10,17,6,10
SIR003_sl1000_mr05_nv20_9,25,4,15,30,7,10,29,11,11,29,9,11,29,6,11
SIR003_sl1000_mr05_nv5_1,15,1,20,22,8,13,24,12,11,24,7,11,23,4,12
SIR003_sl1000_mr05_nv5_10,21,0,20,27,5,14,33,8,8,31,4,10,27,3,14
SIR003_sl1000_mr05_nv5_11,26,3,36,36,8,26,41,21,21,40,10,22,34,5,28
SIR003_sl1000_mr05_nv5_12,5,0,1,4,0,2,6,0,0,5,0,1,4,1,2
SIR003_sl1000_mr05_nv5_13,6,0,5,4,1,7,10,2,1,10,2,1,5,1,6
SIR003_sl1000_mr05_nv5_14,12,1,17,17,4,12,20,9,9,17,6,12,14,0,15
SIR003_sl1000_mr05_nv5_15,27,0,35,39,8,23,48,14,14,45,9,17,39,8,23
SIR003_sl1000_mr05_nv5_16,1,0,5,2,1,4,4,2,2,4,2,2,5,1,1
SIR003_sl1000_mr05_nv5_17,16,0,32,26,13,22,29,19,19,28,11,20,22,9,26
SIR003_sl1000_mr05_nv5_18,7,0,9,8,3,8,12,4,4,12,3,4,11,4,5
SIR003_sl1000_mr05_nv5_19,13,3,21,17,7,17,19,16,15,17,12,17,19,6,15
SIR003_sl1000_mr05_nv5_2,3,2,9,5,4,7,7,5,5,7,4,5,8,4,4
SIR003_sl1000_mr05_nv5_20,6,0,7,5,0,8,10,3,3,9,2,4,8,0,5
SIR003_sl1000_mr05_nv5_3,3,0,5,5,1,3,5,3,3,6,2,2,5,1,3
SIR003_sl1000_mr05_nv5_4,11,0,3,11,0,3,12,2,2,11,1,3,11,0,3
SIR003_sl1000_mr05_nv5_5,5,0,6,5,0,6,9,2,2,8,0,3,5,0,6
SIR003_sl1000_mr05_nv5_6,3,1,8,4,3,7,5,6,6,5,4,6,4,0,7
SIR003_sl1000_mr05_nv5_7,29,1,45,38,19,36,42,33,32,38,16,36,36,6,38
SIR003_sl1000_mr05_nv5_8,8,1,17,15,2,10,12,14,13,11,4,14,14,2,11
SIR003_sl1000_mr05_nv5_9,10,4,14,13,2,11,13,13,11,13,9,11,13,2,11
SIR003_sl1000_mr1_nv10_1,8,0,9,13,3,4,12,5,5,11,3,6,13,2,4
SIR003_sl1000_mr1_nv10_10,5,3,6,6,2,5,5,6,6,5,3,6,7,2,4
SIR003_sl1000_mr1_nv10_11,6,0,4,6,2,4,7,3,3,7,2,3,6,2,4
SIR003_sl1000_mr1_nv10_12,12,1,15,12,5,15,16,13,11,15,7,12,15,4,12
SIR003_sl1000_mr1_nv10_13,1,4,5,4,1,2,1,5,5,1,5,5,4,1,2
SIR003_sl1000_mr1_nv10_14,20,1,16,27,6,9,27,9,9,25,6,11,26,3,10
SIR003_sl1000_mr1_nv10_15,4,2,7,7,2,4,7,4,4,7,4,4,9,2,2
SIR003_sl1000_mr1_nv10_16,10,3,10,10,2,10,11,10,9,10,3,10,10,2,10
SIR003_sl1000_mr1_nv10_17,17,2,15,20,1,12,24,8,8,24,8,8,21,1,11
SIR003_sl1000_mr1_nv10_18,15,0,18,19,5,14,24,9,9,24,5,9,22,4,11
SIR003_sl1000_mr1_nv10_19,31,0,33,39,15,25,42,22,22,37,11,27,38,10,26
SIR003_sl1000_mr1_nv10_2,27,5,36,39,16,24,44,20,19,40,13,23,37,9,26
SIR003_sl1000_mr1_nv10_20,36,2,33,46,10,23,45,24,24,44,12,25,43,6,26
SIR003_sl1000_mr1_nv10_3,14,1,9,18,2,5,17,6,6,16,4,7,19,2,4
SIR003_sl1000_mr1_nv10_4,18,0,11,21,4,8,21,8,8,20,5,9,22,1,7
SIR003_sl1000_mr1_nv10_5,5,0,4,4,0,5,5,4,4,5,0,4,4,0,5
SIR003_sl1000_mr1_nv10_6,17,0,13,20,7,10,22,8,8,19,1,11,21,3,9
SIR003_sl1000_mr1_nv10_7,5,0,3,6,2,2,5,3,3,5,1,3,6,0,2
SIR003_sl1000_mr1_nv10_8,21,1,14,21,9,14,25,10,10,25,2,10,22,4,13
SIR003_sl1000_mr1_nv10_9,6,0,3,5,0,4,8,1,1,6,3,3,5,0,4
SIR003_sl250_mr05_nv10_1,17,8,15,16,5,16,20,16,12,19,15,13,19,8,13
SIR003_sl250_mr05_nv10_10,9,4,10,8,3,11,11,10,8,11,9,8,13,3,6
SIR003_sl250_mr05_nv10_11,3,4,9,3,0,9,7,8,5,3,4,9,4,3,8
SIR003_sl250_mr05_nv10_12,6,2,7,6,1,7,8,6,5,7,5,6,7,1,6
SIR003_sl250_mr05_nv10_13,0,2,7,1,0,6,1,7,6,1,4,6,0,1,7
SIR003_sl250_mr05_nv10_14,4,1,4,5,0,3,6,2,2,6,2,2,7,1,1
SIR003_sl250_mr05_nv10_15,4,0,4,2,0,6,7,1,1,7,1,1,6,2,2
SIR003_sl250_mr05_nv10_16,5,2,6,5,1,6,6,6,5,6,4,5,8,1,3
SIR003_sl250_mr05_nv10_17,25,10,20,22,6,23,30,18,15,27,15,18,30,3,15
SIR003_sl250_mr05_nv10_18,13,4,14,7,1,20,17,10,10,17,6,10,13,4,14
SIR003_sl250_mr05_nv10_19,6,6,19,8,6,17,10,20,15,7,18,18,8,5,17
SIR003_sl250_mr05_nv10_2,10,6,4,12,0,2,10,4,4,9,3,5,13,0,1
SIR003_sl250_mr05_nv10_20,16,10,25,16,2,25,26,20,15,23,16,18,20,3,21
SIR003_sl250_mr05_nv10_3,14,2,8,14,2,8,18,4,4,17,3,5,18,2,4
SIR003_sl250_mr05_nv10_4,8,1,4,4,1,8,10,3,2,10,3,2,8,2,4
SIR003_sl250_mr05_nv10_5,14,5,8,12,1,10,17,5,5,16,7,6,14,2,8
SIR003_sl250_mr05_nv10_6,18,5,15,18,2,15,25,9,8,22,8,11,19,4,14
SIR003_sl250_mr05_nv10_7,18,12,28,20,5,26,24,30,22,24,25,22,22,6,24
SIR003_sl250_mr05_nv10_8,7,2,10,7,1,10,10,8,7,10,8,7,11,2,6
SIR003_sl250_mr05_nv10_9,3,2,6,1,1,8,4,7,5,3,4,6,3,2,6
SIR003_sl500_mr05_nv10_1,4,1,3,4,1,3,6,1,1,5,2,2,5,1,2
SIR003_sl500_mr05_nv10_10,12,1,27,18,6,21,21,19,18,16,5,23,16,1,23
SIR003_sl500_mr05_nv10_11,1,0,5,2,0,4,5,1,1,5,1,1,4,1,2
SIR003_sl500_mr05_nv10_12,14,3,12,14,8,12,18,10,8,17,5,9,17,5,9
SIR003_sl500_mr05_nv10_13,27,2,21,33,7,15,34,14,14,29,4,19,32,6,16
SIR003_sl500_mr05_nv10_14,17,4,16,18,4,15,22,11,11,20,6,13,18,4,15
SIR003_sl500_mr05_nv10_15,14,0,5,13,1,6,16,3,3,16,2,3,13,0,6
SIR003_sl500_mr05_nv10_16,3,3,9,7,3,5,6,7,6,7,6,5,7,3,5
SIR003_sl500_mr05_nv10_17,5,1,5,7,1,3,7,4,3,7,2,3,8,2,2
SIR003_sl500_mr05_nv10_18,8,0,5,8,0,5,11,2,2,11,2,2,12,1,1
SIR003_sl500_mr05_nv10_19,31,10,29,43,7,17,38,22,22,34,18,26,42,5,18
SIR003_sl500_mr05_nv10_2,23,1,11,25,2,9,27,7,7,26,6,8,25,2,9
SIR003_sl500_mr05_nv10_20,3,0,5,4,2,4,5,3,3,4,2,4,5,3,3
SIR003_sl500_mr05_nv10_3,21,3,8,21,3,8,22,7,7,21,5,8,22,1,7
SIR003_sl500_mr05_nv10_4,14,1,12,15,2,11,18,9,8,15,4,11,15,2,11
SIR003_sl500_mr05_nv10_5,8,0,2,6,0,4,9,1,1,9,1,1,6,0,4
SIR003_sl500_mr05_nv10_6,10,1,11,13,2,8,16,5,5,14,3,7,10,2,11
SIR003_sl500_mr05_nv10_7,12,5,6,13,0,5,14,7,4,14,7,4,14,1,4
SIR003_sl500_mr05_nv10_8,7,2,8,7,1,8,9,6,6,12,3,3,11,0,4
SIR003_sl500_mr05_nv10_9,3,0,4,3,0,4,6,1,1,6,1,1,5,0,2
SIR01_sl1000_mr075_nv10_1,32,1,25,39,6,18,47,10,10,45,7,12,43,4,14
SIR01_sl1000_mr075_nv10_10,4,0,4,7,0,1,6,2,2,5,1,3,8,0,0
SIR01_sl1000_mr075_nv10_11,5,0,2,5,0,2,7,0,0,7,0,0,6,0,1
SIR01_sl1000_mr075_nv10_12,19,1,11,18,0,12,25,5,5,25,2,5,25,1,5
SIR01_sl1000_mr075_nv10_13,4,0,10,6,4,8,9,5,5,7,2,7,6,0,8
SIR01_sl1000_mr075_nv10_14,4,0,3,4,1,3,4,3,3,4,3,3,5,1,2
SIR01_sl1000_mr075_nv10_15,4,0,2,3,0,3,5,1,1,5,1,1,4,0,2
SIR01_sl1000_mr075_nv10_16,10,1,8,10,3,8,16,3,2,16,3,2,14,4,4
SIR01_sl1000_mr075_nv10_17,32,2,39,39,11,32,52,20,19,41,10,30,37,2,34
SIR01_sl1000_mr075_nv10_18,9,0,2,9,1,2,10,1,1,9,2,2,9,1,2
SIR01_sl1000_mr075_nv10_19,3,0,8,3,4,8,4,7,7,4,1,7,2,1,9
SIR01_sl1000_mr075_nv10_2,6,0,5,5,0,6,6,5,5,6,1,5,7,1,4
SIR01_sl1000_mr075_nv10_20,15,1,15,18,10,12,18,14,12,19,7,11,20,5,10
SIR01_sl1000_mr075_nv10_3,4,0,7,6,5,5,6,5,5,5,3,6,5,1,6
SIR01_sl1000_mr075_nv10_4,18,2,20,26,3,12,31,8,7,29,8,9,34,3,4
SIR01_sl1000_mr075_nv10_5,38,2,26,50,6,14,48,18,16,46,4,18,48,4,16
SIR01_sl1000_mr075_nv10_6,2,0,6,2,1,6,6,2,2,6,2,2,6,2,2
SIR01_sl1000_mr075_nv10_7,15,0,9,22,1,2,20,4,4,20,3,4,22,1,2
SIR01_sl1000_mr075_nv10_8,7,0,9,10,1,6,10,6,6,9,2,7,10,1,6
SIR01_sl1000_mr075_nv10_9,14,0,13,15,5,12,18,9,9,17,3,10,16,3,11
SIR01_sl1000_mr15_nv10_10,18,2,14,17,5,15,24,8,8,21,4,11,19,3,13
SIR01_sl1000_mr15_nv10_11,6,0,6,6,0,6,8,4,4,7,1,5,7,0,5
SIR01_sl1000_mr15_nv10_12,9,0,15,13,4,11,17,7,7,16,3,8,13,4,11
SIR01_sl1000_mr15_nv10_14,8,0,0,8,0,0,8,0,0,8,0,0,8,0,0
SIR01_sl1000_mr15_nv10_15,9,2,29,21,10,17,21,18,17,17,8,21,20,6,18
SIR01_sl1000_mr15_nv10_16,4,0,3,4,0,3,6,1,1,6,1,1,6,1,1
SIR01_sl1000_mr15_nv10_17,11,0,9,16,0,4,18,2,2,16,1,4,16,0,4
SIR01_sl1000_mr15_nv10_18,39,0,30,46,13,23,48,23,21,44,8,25,44,4,25
SIR01_sl1000_mr15_nv10_19,6,0,3,6,0,3,8,1,1,8,1,1,8,0,1
SIR01_sl1000_mr15_nv10_20,6,3,3,7,1,2,7,2,2,7,2,2,7,2,2
SIR01_sl1000_mr15_nv10_3,40,3,19,47,4,12,45,16,14,45,6,14,47,4,12
SIR01_sl1000_mr15_nv10_5,6,0,4,7,0,3,9,1,1,8,0,2,7,0,3
SIR01_sl1000_mr15_nv10_6,2,1,5,5,0,2,7,0,0,7,0,0,5,0,2
SIR01_sl1000_mr15_nv10_7,27,1,23,34,3,16,34,16,16,32,6,18,34,2,16
SIR01_sl1000_mr15_nv10_8,6,0,4,3,1,7,7,3,3,6,0,4,8,1,2
SIR01_sl1000_mr15_nv10_9,6,0,15,12,3,9,15,6,6,14,7,7,14,6,7
SIR01_sl1000_mr15_nv20_1,16,2,16,25,4,7,23,9,9,22,2,10,22,3,10
SIR01_sl1000_mr15_nv20_10,8,0,5,8,2,5,10,3,3,10,3,3,9,0,4
SIR01_sl1000_mr15_nv20_11,44,3,15,47,6,12,49,11,10,48,7,11,45,5,14
SIR01_sl1000_mr15_nv20_12,7,0,8,7,1,8,9,6,6,9,1,6,8,0,7
SIR01_sl1000_mr15_nv20_13,4,0,2,4,0,2,5,1,1,5,1,1,5,1,1
SIR01_sl1000_mr15_nv20_14,2,2,3,2,2,3,2,3,3,2,3,3,2,2,3
SIR01_sl1000_mr15_nv20_15,4,2,10,7,1,7,6,8,8,5,6,9,7,1,7
SIR01_sl1000_mr15_nv20_16,17,0,4,14,1,7,19,2,2,18,1,3,16,1,5
SIR01_sl1000_mr15_nv20_17,8,0,6,9,1,5,10,4,4,10,4,4,9,1,5
SIR01_sl1000_mr15_nv20_18,25,0,5,23,1,7,28,2,2,26,1,4,25,1,5
SIR01_sl1000_mr15_nv20_19,39,2,12,40,1,11,43,8,8,43,2,8,42,2,9
SIR01_sl1000_mr15_nv20_2,4,0,6,4,0,6,6,4,4,4,1,6,5,1,5
SIR01_sl1000_mr15_nv20_20,9,0,5,11,1,3,11,3,3,11,3,3,12,1,2
SIR01_sl1000_mr15_nv20_3,2,0,3,2,0,3,4,1,1,2,0,3,2,0,3
SIR01_sl1000_mr15_nv20_4,36,1,33,50,11,19,52,17,17,50,8,19,47,4,22
SIR01_sl1000_mr15_nv20_5,5,0,5,6,2,4,7,3,3,7,3,3,7,1,3
SIR01_sl1000_mr15_nv20_6,5,0,3,6,0,2,7,1,1,7,1,1,7,1,1
SIR01_sl1000_mr15_nv20_7,17,0,11,21,0,7,22,6,6,21,5,7,21,0,7
SIR01_sl1000_mr15_nv20_8,33,1,15,38,1,10,37,11,11,36,4,12,38,1,10
SIR01_sl1000_mr15_nv20_9,16,1,10,19,3,7,18,9,8,17,2,9,16,3,10
SIR01_sl1000_mr15_nv5_1,13,1,15,15,5,13,17,11,11,17,5,11,15,1,13
SIR01_sl1000_mr15_nv5_10,8,0,3,8,0,3,8,3,3,8,0,3,8,0,3
SIR01_sl1000_mr15_nv5_11,2,0,7,3,1,6,6,3,3,5,2,4,6,2,3
SIR01_sl1000_mr15_nv5_12,12,2,11,10,7,13,11,12,12,11,7,12,11,1,12
SIR01_sl1000_mr15_nv5_13,9,2,7,9,2,7,13,3,3,13,3,3,13,3,3
SIR01_sl1000_mr15_nv5_14,10,2,12,15,3,7,16,7,6,12,4,10,15,3,7
SIR01_sl1000_mr15_nv5_15,24,1,21,33,7,12,32,13,13,29,10,16,32,5,13
SIR01_sl1000_mr15_nv5_16,4,3,5,2,0,7,4,5,5,3,1,6,4,0,5
SIR01_sl1000_mr15_nv5_17,5,0,3,4,0,4,7,1,1,7,1,1,7,1,1
SIR01_sl1000_mr15_nv5_18,4,0,5,5,2,4,6,3,3,6,0,3,7,1,2
SIR01_sl1000_mr15_nv5_19,7,0,14,13,4,8,14,7,7,11,6,10,12,2,9
SIR01_sl1000_mr15_nv5_2,13,2,22,22,6,13,23,12,12,20,7,15,19,1,16
SIR01_sl1000_mr15_nv5_20,6,1,11,11,2,6,12,5,5,10,2,7,12,2,5
SIR01_sl1000_mr15_nv5_3,1,1,8,3,2,6,4,5,5,4,2,5,4,4,5
SIR01_sl1000_mr15_nv5_4,7,0,18,13,2,12,8,17,17,11,6,14,14,1,11
SIR01_sl1000_mr15_nv5_5,3,0,8,4,3,7,8,3,3,7,4,4,4,1,7
SIR01_sl1000_mr15_nv5_6,11,0,12,11,2,12,12,11,11,11,2,12,11,1,12
SIR01_sl1000_mr15_nv5_7,4,0,4,3,0,5,3,5,5,3,0,5,3,0,5
SIR01_sl1000_mr15_nv5_8,2,0,6,2,3,6,3,5,5,3,2,5,3,0,5
SIR01_sl1000_mr15_nv5_9,19,1,28,28,7,19,29,18,18,25,6,22,26,4,21
SIR01_sl1000_mr3_nv10_1,16,1,14,21,7,9,26,5,4,21,4,9,20,5,10
SIR01_sl1000_mr3_nv10_10,6,0,3,7,1,2,9,0,0,7,0,2,7,1,2
SIR01_sl1000_mr3_nv10_11,25,1,32,37,6,20,39,18,18,36,2,21,38,2,19
SIR01_sl1000_mr3_nv10_12,19,4,15,23,3,11,22,13,12,22,6,12,25,3,9
SIR01_sl1000_mr3_nv10_13,20,1,16,25,4,11,23,13,13,21,6,15,24,1,12
SIR01_sl1000_mr3_nv10_14,18,2,10,23,0,5,23,6,5,24,3,4,27,0,1
SIR01_sl1000_mr3_nv10_15,2,1,7,4,0,5,5,4,4,3,1,6,4,1,5
SIR01_sl1000_mr3_nv10_16,20,1,12,24,2,8,26,6,6,23,3,9,24,2,8
SIR01_sl1000_mr3_nv10_17,6,1,4,6,1,4,8,2,2,8,2,2,6,2,4
SIR01_sl1000_mr3_nv10_18,14,0,10,18,2,6,19,5,5,18,4,6,17,0,7
SIR01_sl1000_mr3_nv10_19,13,0,17,13,12,17,15,16,15,13,4,17,12,1,18
SIR01_sl1000_mr3_nv10_2,5,0,4,7,2,2,7,2,2,7,2,2,7,2,2
SIR01_sl1000_mr3_nv10_20,5,0,7,8,3,4,10,2,2,8,2,4,7,3,5
SIR01_sl1000_mr3_nv10_3,11,2,9,16,3,4,14,6,6,14,6,6,15,2,5
SIR01_sl1000_mr3_nv10_4,5,0,7,5,0,7,11,1,1,9,1,3,8,1,4
SIR01_sl1000_mr3_nv10_5,15,1,13,18,5,10,21,7,7,20,5,8,16,3,12
SIR01_sl1000_mr3_nv10_6,25,3,29,27,19,27,30,24,24,30,13,24,28,5,26
SIR01_sl1000_mr3_nv10_7,10,0,13,13,5,10,15,8,8,16,6,7,12,1,11
SIR01_sl1000_mr3_nv10_8,6,0,4,6,0,4,7,3,3,6,0,4,6,0,4
SIR01_sl1000_mr3_nv10_9,15,0,14,18,2,11,18,11,11,16,1,13,18,1,11
SIR01_sl250_mr15_nv10_1,8,5,9,7,0,10,10,9,7,9,4,8,9,0,8
SIR01_sl250_mr15_nv10_10,28,17,28,24,2,32,30,34,26,30,22,26,29,2,27
SIR01_sl250_mr15_nv10_11,11,5,13,11,1,13,12,14,12,12,11,12,13,5,11
SIR01_sl250_mr15_nv10_12,8,6,11,12,2,7,13,11,6,11,8,8,12,2,7
SIR01_sl250_mr15_nv10_13,4,2,9,7,0,6,7,9,6,6,6,7,9,2,4
SIR01_sl250_mr15_nv10_14,6,5,9,6,1,9,7,12,8,7,11,8,11,1,4
SIR01_sl250_mr15_nv10_15,2,1,6,2,0,6,4,6,4,2,1,6,4,0,4
SIR01_sl250_mr15_nv10_16,11,5,12,13,0,10,15,11,8,13,12,10,14,0,9
SIR01_sl250_mr15_nv10_17,7,1,0,3,0,4,6,1,1,6,1,1,6,0,1
SIR01_sl250_mr15_nv10_18,8,8,12,7,3,13,13,13,7,12,10,8,9,3,11
SIR01_sl250_mr15_nv10_19,4,1,3,4,0,3,6,2,1,6,2,1,5,1,2
SIR01_sl250_mr15_nv10_2,6,5,3,4,0,5,6,5,3,6,3,3,6,1,3
SIR01_sl250_mr15_nv10_20,3,2,4,2,0,5,4,5,3,3,4,4,3,0,4
SIR01_sl250_mr15_nv10_3,9,2,5,5,0,9,10,7,4,10,4,4,8,0,6
SIR01_sl250_mr15_nv10_4,6,5,6,4,2,8,7,6,5,6,6,6,6,3,6
SIR01_sl250_mr15_nv10_5,5,2,4,5,0,4,8,2,1,8,2,1,6,1,3
SIR01_sl250_mr15_nv10_6,15,13,28,13,1,30,22,28,21,17,17,26,20,1,23
SIR01_sl250_mr15_nv10_7,20,5,21,14,3,27,29,18,12,24,10,17,21,3,20
SIR01_sl250_mr15_nv10_8,2,1,7,4,1,5,5,4,4,4,2,5,5,0,4
SIR01_sl250_mr15_nv10_9,4,3,6,3,0,7,4,10,6,4,4,6,4,0,6
SIR01_sl500_mr15_nv10_1,2,0,3,2,0,3,2,3,3,2,0,3,3,0,2
SIR01_sl500_mr15_nv10_10,4,3,9,6,2,7,7,6,6,7,6,6,6,2,7
SIR01_sl500_mr15_nv10_11,7,2,10,11,0,6,11,7,6,9,3,8,11,2,6
SIR01_sl500_mr15_nv10_12,3,2,3,1,0,5,4,4,2,3,2,3,1,0,5
SIR01_sl500_mr15_nv10_13,2,2,5,4,1,3,5,2,2,4,2,3,4,1,3
SIR01_sl500_mr15_nv10_14,19,4,20,22,6,17,24,15,15,21,10,18,21,2,18
SIR01_sl500_mr15_nv10_15,14,5,16,17,4,13,18,15,12,18,13,12,19,4,11
SIR01_sl500_mr15_nv10_16,6,0,4,7,0,3,8,2,2,8,2,2,8,2,2
SIR01_sl500_mr15_nv10_17,9,3,4,8,0,5,9,4,4,9,3,4,10,0,3
SIR01_sl500_mr15_nv10_18,12,4,13,14,3,11,15,10,10,14,5,11,14,3,11
SIR01_sl500_mr15_nv10_19,15,1,12,18,2,9,21,7,6,18,6,9,19,1,8
SIR01_sl500_mr15_nv10_2,13,3,8,14,1,7,15,7,6,15,6,6,18,2,3
SIR01_sl500_mr15_nv10_20,13,2,12,16,0,9,18,8,7,18,2,7,18,0,7
SIR01_sl500_mr15_nv10_3,10,2,9,14,2,5,15,5,4,15,5,4,14,1,5
SIR01_sl500_mr15_nv10_4,28,2,21,31,7,18,35,14,14,33,4,16,30,4,19
SIR01_sl500_mr15_nv10_5,26,3,26,34,3,18,35,20,17,33,7,19,39,2,13
SIR01_sl500_mr15_nv10_6,24,1,5,19,0,10,28,3,1,28,2,1,22,0,7
SIR01_sl500_mr15_nv10_7,4,2,3,4,0,3,6,2,1,6,2,1,5,0,2
SIR01_sl500_mr15_nv10_8,3,1,5,4,0,4,4,5,4,3,3,5,4,0,4
SIR01_sl500_mr15_nv10_9,25,6,32,39,3,18,36,25,21,33,12,24,42,1,15
