dataset,phylo_prec,phylo_rec,phylo_f1,phylo_multi_prec,phylo_multi_rec,phylo_multi_f1,tnet_prec,tnet_rec,tnet_f1,tnet_mul_prec,tnet_mul_rec,tnet_mul_f1,tnet_boot_prec,tnet_boot_rec,tnet_boot_f1
SIR01_sl1000_mr15_nv5_19,1.0,0.333,0.5,0.765,0.619,0.684,0.667,0.667,0.667,0.647,0.524,0.579,0.857,0.571,0.686
SEIR015_sl250_mr025_nv10_2,0.25,0.182,0.211,1.0,0.136,0.24,0.29,0.409,0.34,0.167,0.182,0.174,0.857,0.273,0.414
SEIR015_sl1000_mr025_nv10_3,0.909,0.652,0.759,1.0,0.783,0.878,0.833,0.87,0.851,0.927,0.826,0.874,0.977,0.913,0.944
SIR01_sl1000_mr15_nv5_17,1.0,0.625,0.769,1.0,0.5,0.667,0.875,0.875,0.875,0.875,0.875,0.875,0.875,0.875,0.875
SEIR01_sl1000_mr025_nv5_14,0.824,0.7,0.757,1.0,0.9,0.947,0.818,0.9,0.857,0.762,0.8,0.78,0.9,0.9,0.9
SIR01_sl500_mr15_nv10_15,0.737,0.467,0.571,0.81,0.567,0.667,0.545,0.6,0.571,0.581,0.6,0.59,0.826,0.633,0.717
SEIR01_sl1000_mr0125_nv10_9,0.968,0.638,0.769,0.979,0.979,0.979,0.979,0.979,0.979,0.977,0.894,0.933,0.976,0.872,0.921
SEIR015_sl1000_mr025_nv20_12,0.526,0.5,0.513,0.923,0.6,0.727,0.462,0.6,0.522,0.6,0.6,0.6,0.933,0.7,0.8
SIR01_sl1000_mr15_nv20_5,1.0,0.5,0.667,0.75,0.6,0.667,0.7,0.7,0.7,0.7,0.7,0.7,0.875,0.7,0.778
SIR003_sl1000_mr05_nv10_17,0.833,0.357,0.5,0.75,0.429,0.545,0.5,0.5,0.5,0.75,0.429,0.545,0.75,0.429,0.545
SIR01_sl1000_mr15_nv10_6,0.667,0.286,0.4,1.0,0.714,0.833,1.0,1.0,1.0,1.0,1.0,1.0,1.0,0.714,0.833
SEIR015_sl250_mr025_nv10_3,0.462,0.4,0.429,0,0,0,0.545,0.8,0.649,0.571,0.8,0.667,0.6,0.2,0.3
SEIR015_sl500_mr025_nv10_2,0.5,0.25,0.333,1.0,0.5,0.667,0.625,0.625,0.625,0.625,0.625,0.625,0.714,0.625,0.667
SEIR015_sl1000_mr0125_nv10_7,0.778,0.412,0.538,1.0,0.765,0.867,0.803,0.897,0.847,0.821,0.676,0.742,1.0,0.676,0.807
SIR003_sl1000_mr1_nv10_20,0.947,0.522,0.673,0.821,0.667,0.736,0.652,0.652,0.652,0.786,0.638,0.704,0.878,0.623,0.729
SIR01_sl1000_mr15_nv5_5,1.0,0.273,0.429,0.571,0.364,0.444,0.727,0.727,0.727,0.636,0.636,0.636,0.8,0.364,0.5
SIR003_sl250_mr05_nv10_16,0.714,0.455,0.556,0.833,0.455,0.588,0.5,0.545,0.522,0.6,0.545,0.571,0.889,0.727,0.8
SIR003_sl1000_mr05_nv5_17,1.0,0.333,0.5,0.667,0.542,0.598,0.604,0.604,0.604,0.718,0.583,0.644,0.71,0.458,0.557
SIR01_sl500_mr15_nv10_7,0.667,0.571,0.615,1.0,0.571,0.727,0.75,0.857,0.8,0.75,0.857,0.8,1.0,0.714,0.833
SIR01_sl1000_mr075_nv10_18,1.0,0.818,0.9,0.9,0.818,0.857,0.909,0.909,0.909,0.818,0.818,0.818,0.9,0.818,0.857
SIR01_sl1000_mr3_nv10_14,0.9,0.643,0.75,1.0,0.821,0.902,0.793,0.821,0.807,0.889,0.857,0.873,1.0,0.964,0.982
SIR01_sl500_mr15_nv10_20,0.867,0.52,0.65,1.0,0.64,0.78,0.692,0.72,0.706,0.9,0.72,0.8,1.0,0.72,0.837
SEIR015_sl1000_mr0125_nv10_15,0.765,0.289,0.419,0.967,0.644,0.773,0.66,0.689,0.674,0.59,0.511,0.548,0.962,0.556,0.704
SIR003_sl1000_mr025_nv10_7,0.75,0.375,0.5,0.692,0.562,0.621,0.562,0.562,0.562,0.571,0.5,0.533,0.692,0.562,0.621
SEIR015_sl250_mr025_nv10_9,0.444,0.267,0.333,0.857,0.4,0.545,0.417,0.667,0.513,0.611,0.733,0.667,0.8,0.533,0.64
SEIR015_sl250_mr025_nv10_10,0.4,0.305,0.346,1.0,0.542,0.703,0.39,0.542,0.454,0.435,0.458,0.446,1.0,0.61,0.758
SEIR01_sl1000_mr025_nv10_11,0.917,0.629,0.746,1.0,0.857,0.923,0.784,0.829,0.806,0.879,0.829,0.853,1.0,0.943,0.971
SIR01_sl1000_mr075_nv10_17,0.941,0.451,0.61,0.78,0.549,0.645,0.722,0.732,0.727,0.804,0.577,0.672,0.949,0.521,0.673
SEIR01_sl1000_mr025_nv10_13,0.667,0.2,0.308,1.0,0.75,0.857,0.762,0.8,0.78,0.842,0.8,0.821,0.9,0.9,0.9
SIR01_sl1000_mr15_nv20_12,1.0,0.467,0.636,0.875,0.467,0.609,0.6,0.6,0.6,0.9,0.6,0.72,1.0,0.533,0.696
SEIR01_sl500_mr025_nv10_10,0.667,0.429,0.522,1.0,0.714,0.833,0.714,0.714,0.714,0.714,0.714,0.714,0.714,0.714,0.714
SIR003_sl1000_mr05_nv5_18,1.0,0.438,0.609,0.727,0.5,0.593,0.75,0.75,0.75,0.8,0.75,0.774,0.733,0.688,0.71
SIR01_sl500_mr15_nv10_14,0.826,0.487,0.613,0.786,0.564,0.657,0.615,0.615,0.615,0.677,0.538,0.6,0.913,0.538,0.677
SIR003_sl500_mr05_nv10_6,0.909,0.476,0.625,0.867,0.619,0.722,0.762,0.762,0.762,0.824,0.667,0.737,0.833,0.476,0.606
SIR01_sl1000_mr075_nv10_7,1.0,0.625,0.769,0.957,0.917,0.936,0.833,0.833,0.833,0.87,0.833,0.851,0.957,0.917,0.936
SEIR01_sl1000_mr05_nv10_20,0.949,0.712,0.813,0.958,0.885,0.92,0.811,0.827,0.819,0.935,0.827,0.878,0.978,0.865,0.918
SIR003_sl250_mr05_nv10_4,0.889,0.667,0.762,0.8,0.333,0.471,0.769,0.833,0.8,0.769,0.833,0.8,0.8,0.667,0.727
SEIR01_sl500_mr025_nv10_3,0.9,0.857,0.878,0.941,0.762,0.842,0.826,0.905,0.864,0.826,0.905,0.864,0.895,0.81,0.85
SIR003_sl1000_mr05_nv5_19,0.812,0.382,0.52,0.708,0.5,0.586,0.543,0.559,0.551,0.586,0.5,0.54,0.76,0.559,0.644
SEIR015_sl1000_mr025_nv20_4,0.765,0.394,0.52,1.0,0.818,0.9,0.794,0.818,0.806,0.815,0.667,0.733,0.955,0.636,0.764
SIR003_sl1000_mr025_nv10_5,0.833,0.714,0.769,1.0,0.571,0.727,0.857,0.857,0.857,0.833,0.714,0.769,0.833,0.714,0.769
SEIR015_sl250_mr025_nv10_5,0.8,0.5,0.615,1.0,0.125,0.222,0.556,0.625,0.588,0.556,0.625,0.588,1.0,0.5,0.667
SIR01_sl500_mr15_nv10_18,0.75,0.48,0.585,0.824,0.56,0.667,0.6,0.6,0.6,0.737,0.56,0.636,0.824,0.56,0.667
SIR01_sl1000_mr3_nv10_5,0.938,0.536,0.682,0.783,0.643,0.706,0.75,0.75,0.75,0.8,0.714,0.755,0.842,0.571,0.681
SEIR015_sl1000_mr0125_nv10_19,0.882,0.484,0.625,1.0,0.548,0.708,0.5,0.516,0.508,0.857,0.581,0.692,0.95,0.613,0.745
SIR003_sl500_mr05_nv10_10,0.923,0.308,0.462,0.75,0.462,0.571,0.525,0.538,0.532,0.762,0.41,0.533,0.941,0.41,0.571
SEIR015_sl1000_mr025_nv20_11,0.889,0.615,0.727,1.0,0.692,0.818,0.857,0.923,0.889,0.833,0.769,0.8,0.923,0.923,0.923
SEIR015_sl250_mr025_nv10_6,0.556,0.429,0.484,1.0,0.486,0.654,0.667,0.743,0.703,0.684,0.743,0.712,0.923,0.686,0.787
SIR003_sl1000_mr05_nv20_3,1.0,0.538,0.7,0.8,0.615,0.696,0.692,0.692,0.692,0.8,0.615,0.696,0.8,0.615,0.696
SEIR015_sl1000_mr025_nv20_1,0.625,0.333,0.435,1.0,0.6,0.75,0.588,0.667,0.625,0.818,0.6,0.692,1.0,0.733,0.846
SEIR015_sl1000_mr0125_nv10_3,0.714,0.556,0.625,1.0,0.667,0.8,0.727,0.889,0.8,0.8,0.889,0.842,1.0,1.0,1.0
SIR01_sl1000_mr15_nv5_12,0.857,0.522,0.649,0.588,0.435,0.5,0.478,0.478,0.478,0.611,0.478,0.537,0.917,0.478,0.629
SIR003_sl1000_mr05_nv10_3,1.0,0.6,0.75,0.875,0.7,0.778,0.8,0.8,0.8,0.778,0.7,0.737,0.875,0.7,0.778
SEIR01_sl1000_mr025_nv10_17,0.897,0.578,0.703,0.875,0.778,0.824,0.644,0.644,0.644,0.763,0.644,0.699,0.921,0.778,0.843
SIR01_sl1000_mr15_nv10_20,0.667,0.667,0.667,0.875,0.778,0.824,0.778,0.778,0.778,0.778,0.778,0.778,0.778,0.778,0.778
SIR003_sl500_mr05_nv10_12,0.824,0.538,0.651,0.636,0.538,0.583,0.643,0.692,0.667,0.773,0.654,0.708,0.773,0.654,0.708
SEIR015_sl1000_mr025_nv5_14,0.727,0.533,0.615,0.917,0.733,0.815,0.611,0.733,0.667,0.692,0.6,0.643,0.917,0.733,0.815
SIR01_sl1000_mr3_nv10_13,0.952,0.556,0.702,0.862,0.694,0.769,0.639,0.639,0.639,0.778,0.583,0.667,0.96,0.667,0.787
SEIR015_sl1000_mr05_nv10_15,0.75,0.273,0.4,1.0,0.545,0.706,0.75,0.818,0.783,0.7,0.636,0.667,1.0,0.727,0.842
SEIR015_sl250_mr025_nv10_4,0.81,0.68,0.739,1.0,0.4,0.571,0.692,0.72,0.706,0.692,0.72,0.706,0.889,0.64,0.744
SEIR015_sl1000_mr025_nv20_6,0.792,0.5,0.613,0.963,0.684,0.8,0.717,0.868,0.786,0.732,0.789,0.759,0.972,0.921,0.946
SEIR015_sl1000_mr05_nv10_14,0.867,0.283,0.426,1.0,0.804,0.892,0.545,0.652,0.594,0.784,0.63,0.699,1.0,0.674,0.805
SEIR01_sl250_mr025_nv10_5,0.667,0.585,0.623,0.962,0.61,0.746,0.562,0.659,0.607,0.622,0.683,0.651,0.846,0.805,0.825
SIR003_sl1000_mr05_nv20_4,0.95,0.594,0.731,0.885,0.719,0.793,0.844,0.844,0.844,0.897,0.812,0.852,0.889,0.75,0.814
SEIR01_sl500_mr025_nv10_5,1.0,0.6,0.75,1.0,0.4,0.571,0.571,0.8,0.667,0.8,0.8,0.8,1.0,0.4,0.571
SIR003_sl1000_mr05_nv5_9,0.714,0.417,0.526,0.867,0.542,0.667,0.5,0.542,0.52,0.591,0.542,0.565,0.867,0.542,0.667
SEIR015_sl250_mr025_nv10_16,0.175,0.259,0.209,0.667,0.148,0.242,0.15,0.333,0.207,0.167,0.296,0.213,0.727,0.296,0.421
SEIR015_sl250_mr025_nv10_18,0.222,0.182,0.2,0,0,0,0.471,0.727,0.571,0.471,0.727,0.571,0,0,0
SEIR015_sl1000_mr025_nv5_5,0.833,0.238,0.37,1.0,0.333,0.5,0.565,0.619,0.591,0.688,0.524,0.595,1.0,0.238,0.385
SEIR015_sl1000_mr025_nv20_7,1.0,0.722,0.839,0.935,0.806,0.866,0.861,0.861,0.861,0.938,0.833,0.882,1.0,0.889,0.941
SIR003_sl1000_mr05_nv5_12,1.0,0.833,0.909,1.0,0.667,0.8,1.0,1.0,1.0,1.0,0.833,0.909,0.8,0.667,0.727
SEIR01_sl250_mr025_nv10_17,0.3,0.375,0.333,1.0,0.125,0.222,0.286,0.5,0.364,0.333,0.5,0.4,0.75,0.75,0.75
SIR01_sl1000_mr15_nv5_8,1.0,0.25,0.4,0.4,0.25,0.308,0.375,0.375,0.375,0.6,0.375,0.462,1.0,0.375,0.545
SIR01_sl500_mr15_nv10_5,0.897,0.5,0.642,0.919,0.654,0.764,0.636,0.673,0.654,0.825,0.635,0.717,0.951,0.75,0.839
SEIR01_sl1000_mr025_nv5_20,0.846,0.458,0.595,1.0,0.625,0.769,0.625,0.625,0.625,0.682,0.625,0.652,0.944,0.708,0.81
SEIR01_sl1000_mr0125_nv10_12,1.0,0.2,0.333,1.0,0.4,0.571,0.2,0.2,0.2,0.25,0.2,0.222,1.0,0.8,0.889
SEIR015_sl500_mr025_nv10_7,0.735,0.403,0.521,0.974,0.597,0.74,0.493,0.565,0.526,0.69,0.468,0.558,0.944,0.548,0.694
SEIR015_sl1000_mr025_nv5_18,0.8,0.436,0.565,0.875,0.636,0.737,0.596,0.618,0.607,0.872,0.618,0.723,0.944,0.618,0.747
SIR01_sl1000_mr3_nv10_15,0.667,0.222,0.333,1.0,0.444,0.615,0.556,0.556,0.556,0.75,0.333,0.462,0.8,0.444,0.571
SIR003_sl250_mr05_nv10_10,0.692,0.474,0.562,0.727,0.421,0.533,0.524,0.579,0.55,0.55,0.579,0.564,0.812,0.684,0.743
SEIR015_sl1000_mr025_nv5_2,1.0,0.444,0.615,1.0,0.444,0.615,0.8,0.889,0.842,1.0,0.667,0.8,1.0,0.444,0.615
SIR003_sl250_mr05_nv10_8,0.778,0.412,0.538,0.875,0.412,0.56,0.556,0.588,0.571,0.556,0.588,0.571,0.846,0.647,0.733
SEIR015_sl250_mr025_nv10_12,0.611,0.512,0.557,1.0,0.395,0.567,0.382,0.674,0.487,0.46,0.674,0.547,0.92,0.535,0.676
SIR01_sl500_mr15_nv10_2,0.812,0.619,0.703,0.933,0.667,0.778,0.682,0.714,0.698,0.714,0.714,0.714,0.9,0.857,0.878
SIR003_sl1000_mr05_nv5_20,1.0,0.462,0.632,1.0,0.385,0.556,0.769,0.769,0.769,0.818,0.692,0.75,1.0,0.615,0.762
SIR003_sl500_mr05_nv10_8,0.778,0.467,0.583,0.875,0.467,0.609,0.6,0.6,0.6,0.8,0.8,0.8,1.0,0.733,0.846
SIR01_sl1000_mr15_nv20_7,1.0,0.607,0.756,1.0,0.75,0.857,0.786,0.786,0.786,0.808,0.75,0.778,1.0,0.75,0.857
SIR01_sl500_mr15_nv10_8,0.75,0.375,0.5,1.0,0.5,0.667,0.444,0.5,0.471,0.5,0.375,0.429,1.0,0.5,0.667
SEIR01_sl1000_mr025_nv5_13,1.0,0.75,0.857,1.0,0.667,0.8,0.917,0.917,0.917,0.917,0.917,0.917,0.909,0.833,0.87
SEIR01_sl250_mr025_nv10_20,0.857,0.667,0.75,1.0,0.444,0.615,0.684,0.722,0.703,0.722,0.722,0.722,0.875,0.778,0.824
SEIR01_sl1000_mr025_nv20_13,0.896,0.741,0.811,0.941,0.828,0.881,0.862,0.862,0.862,0.942,0.845,0.891,0.961,0.845,0.899
SIR003_sl1000_mr05_nv10_13,0.968,0.536,0.69,0.796,0.696,0.743,0.821,0.821,0.821,0.851,0.714,0.777,0.87,0.714,0.784
SEIR015_sl500_mr025_nv10_3,0.773,0.459,0.576,0.75,0.405,0.526,0.634,0.703,0.667,0.73,0.73,0.73,0.944,0.459,0.618
SIR01_sl1000_mr3_nv10_4,1.0,0.417,0.588,1.0,0.417,0.588,0.917,0.917,0.917,0.9,0.75,0.818,0.889,0.667,0.762
SEIR01_sl1000_mr05_nv10_14,0.923,0.615,0.738,1.0,0.846,0.917,0.725,0.744,0.734,0.914,0.821,0.865,1.0,0.692,0.818
SIR01_sl250_mr15_nv10_6,0.536,0.349,0.423,0.929,0.302,0.456,0.44,0.512,0.473,0.5,0.395,0.442,0.952,0.465,0.625
SIR01_sl250_mr15_nv10_14,0.545,0.4,0.462,0.857,0.4,0.545,0.368,0.467,0.412,0.389,0.467,0.424,0.917,0.733,0.815
SIR003_sl1000_mr05_nv10_7,1.0,0.739,0.85,0.905,0.826,0.864,0.87,0.87,0.87,0.905,0.826,0.864,0.905,0.826,0.864
SIR01_sl250_mr15_nv10_20,0.6,0.429,0.5,1.0,0.286,0.444,0.444,0.571,0.5,0.429,0.429,0.429,1.0,0.429,0.6
SIR01_sl1000_mr3_nv10_3,0.846,0.55,0.667,0.842,0.8,0.821,0.7,0.7,0.7,0.7,0.7,0.7,0.882,0.75,0.811
SEIR015_sl250_mr025_nv10_14,0.308,0.32,0.314,1.0,0.12,0.214,0.318,0.56,0.406,0.351,0.52,0.419,0.941,0.64,0.762
SIR003_sl1000_mr05_nv5_6,0.75,0.273,0.4,0.571,0.364,0.444,0.455,0.455,0.455,0.556,0.455,0.5,1.0,0.364,0.533
SIR01_sl500_mr15_nv10_4,0.933,0.571,0.709,0.816,0.633,0.713,0.714,0.714,0.714,0.892,0.673,0.767,0.882,0.612,0.723
SIR01_sl1000_mr15_nv10_11,1.0,0.5,0.667,1.0,0.5,0.667,0.667,0.667,0.667,0.875,0.583,0.7,1.0,0.583,0.737
SEIR015_sl1000_mr0125_nv10_14,0.78,0.615,0.688,0.975,0.75,0.848,0.746,0.846,0.793,0.774,0.788,0.781,0.976,0.788,0.872
SEIR01_sl1000_mr05_nv10_13,0.667,0.25,0.364,0.833,0.625,0.714,0.875,0.875,0.875,0.875,0.875,0.875,0.875,0.875,0.875
SIR003_sl1000_mr05_nv10_11,0.81,0.486,0.607,0.759,0.629,0.688,0.686,0.686,0.686,0.688,0.629,0.657,0.793,0.657,0.719
SEIR01_sl250_mr025_nv10_16,0.452,0.413,0.432,0.957,0.478,0.638,0.516,0.717,0.6,0.483,0.63,0.547,0.941,0.696,0.8
SEIR01_sl250_mr025_nv10_2,0.667,0.714,0.69,1.0,0.357,0.526,0.529,0.643,0.581,0.643,0.643,0.643,0.846,0.786,0.815
SEIR01_sl1000_mr0125_nv10_8,0.667,0.333,0.444,0.8,0.667,0.727,0.667,0.667,0.667,0.667,0.667,0.667,0.667,0.667,0.667
SEIR01_sl1000_mr025_nv10_9,0.935,0.617,0.744,0.932,0.872,0.901,0.809,0.809,0.809,0.86,0.787,0.822,0.953,0.872,0.911
SIR003_sl500_mr05_nv10_7,0.706,0.667,0.686,1.0,0.722,0.839,0.667,0.778,0.718,0.667,0.778,0.718,0.933,0.778,0.848
SIR01_sl500_mr15_nv10_12,0.6,0.5,0.545,1.0,0.167,0.286,0.5,0.667,0.571,0.6,0.5,0.545,1.0,0.167,0.286
SIR01_sl1000_mr3_nv10_19,1.0,0.433,0.605,0.52,0.433,0.473,0.484,0.5,0.492,0.765,0.433,0.553,0.923,0.4,0.558
SIR01_sl1000_mr15_nv5_14,0.833,0.455,0.588,0.833,0.682,0.75,0.696,0.727,0.711,0.75,0.545,0.632,0.833,0.682,0.75
SEIR015_sl1000_mr025_nv5_8,1.0,0.348,0.516,1.0,0.696,0.821,0.76,0.826,0.792,0.789,0.652,0.714,1.0,0.609,0.757
SIR01_sl1000_mr075_nv10_9,1.0,0.519,0.683,0.75,0.556,0.638,0.667,0.667,0.667,0.85,0.63,0.723,0.842,0.593,0.696
SIR003_sl1000_mr05_nv10_5,0.769,0.217,0.339,0.649,0.522,0.578,0.435,0.435,0.435,0.556,0.435,0.488,0.71,0.478,0.571
SIR01_sl1000_mr075_nv10_11,1.0,0.714,0.833,1.0,0.714,0.833,1.0,1.0,1.0,1.0,1.0,1.0,1.0,0.857,0.923
SIR003_sl500_mr05_nv10_14,0.81,0.515,0.63,0.818,0.545,0.655,0.667,0.667,0.667,0.769,0.606,0.678,0.818,0.545,0.655
SEIR01_sl1000_mr0125_nv10_14,0.96,0.8,0.873,0.966,0.933,0.949,0.933,0.933,0.933,0.933,0.933,0.933,0.966,0.933,0.949
SIR01_sl1000_mr15_nv10_19,1.0,0.667,0.8,1.0,0.667,0.8,0.889,0.889,0.889,0.889,0.889,0.889,1.0,0.889,0.941
SIR01_sl250_mr15_nv10_3,0.818,0.643,0.72,1.0,0.357,0.526,0.588,0.714,0.645,0.714,0.714,0.714,1.0,0.571,0.727
SIR01_sl250_mr15_nv10_16,0.688,0.478,0.564,1.0,0.565,0.722,0.577,0.652,0.612,0.52,0.565,0.542,1.0,0.609,0.757
SIR01_sl1000_mr15_nv10_5,1.0,0.6,0.75,1.0,0.7,0.824,0.9,0.9,0.9,1.0,0.8,0.889,1.0,0.7,0.824
SEIR015_sl1000_mr025_nv5_11,0.714,0.319,0.441,0.971,0.723,0.829,0.588,0.638,0.612,0.711,0.574,0.635,0.96,0.511,0.667
SEIR015_sl1000_mr025_nv5_13,1.0,0.355,0.524,1.0,0.71,0.83,0.75,0.774,0.762,1.0,0.742,0.852,1.0,0.742,0.852
SIR01_sl1000_mr15_nv10_10,0.9,0.562,0.692,0.773,0.531,0.63,0.75,0.75,0.75,0.84,0.656,0.737,0.864,0.594,0.704
SIR01_sl250_mr15_nv10_2,0.545,0.667,0.6,1.0,0.444,0.615,0.545,0.667,0.6,0.667,0.667,0.667,0.857,0.667,0.75
SEIR015_sl1000_mr025_nv20_15,0.632,0.5,0.558,1.0,0.375,0.545,0.647,0.917,0.759,0.72,0.75,0.735,1.0,0.583,0.737
SEIR015_sl1000_mr025_nv10_2,0.731,0.339,0.463,0.98,0.875,0.925,0.633,0.679,0.655,0.872,0.732,0.796,0.957,0.786,0.863
SIR01_sl1000_mr15_nv10_12,1.0,0.375,0.545,0.765,0.542,0.634,0.708,0.708,0.708,0.842,0.667,0.744,0.765,0.542,0.634
SEIR015_sl1000_mr05_nv10_11,0.375,0.375,0.375,1.0,0.375,0.545,0.333,0.375,0.353,0.333,0.375,0.353,1.0,0.5,0.667
SIR01_sl1000_mr15_nv5_20,0.857,0.353,0.5,0.846,0.647,0.733,0.706,0.706,0.706,0.833,0.588,0.69,0.857,0.706,0.774
SEIR015_sl1000_mr05_nv10_12,0.571,0.5,0.533,1.0,0.25,0.4,0.727,1.0,0.842,0.727,1.0,0.842,1.0,0.875,0.933
SEIR015_sl1000_mr05_nv10_6,0.867,0.433,0.578,1.0,0.833,0.909,0.625,0.667,0.645,0.818,0.6,0.692,0.909,0.667,0.769
SEIR015_sl1000_mr0125_nv10_16,0.769,0.635,0.696,0.974,0.587,0.733,0.676,0.762,0.716,0.774,0.762,0.768,1.0,0.778,0.875
SIR01_sl1000_mr3_nv10_16,0.952,0.625,0.755,0.923,0.75,0.828,0.812,0.812,0.812,0.885,0.719,0.793,0.923,0.75,0.828
SEIR01_sl1000_mr025_nv5_18,0.862,0.532,0.658,0.9,0.766,0.828,0.766,0.766,0.766,0.886,0.66,0.756,0.905,0.809,0.854
SIR003_sl250_mr05_nv10_11,0.429,0.25,0.316,1.0,0.25,0.4,0.467,0.583,0.519,0.429,0.25,0.316,0.571,0.333,0.421
SIR01_sl1000_mr3_nv10_9,1.0,0.517,0.682,0.9,0.621,0.735,0.621,0.621,0.621,0.941,0.552,0.696,0.947,0.621,0.75
SEIR01_sl500_mr025_nv10_9,0.778,0.778,0.778,0.857,0.667,0.75,0.778,0.778,0.778,0.778,0.778,0.778,0.778,0.778,0.778
SEIR01_sl500_mr025_nv10_19,0.6,0.75,0.667,0.75,0.375,0.5,0.5,0.625,0.556,0.556,0.625,0.588,0.75,0.75,0.75
SIR003_sl1000_mr05_nv20_1,1.0,0.543,0.704,0.844,0.771,0.806,0.743,0.743,0.743,0.833,0.714,0.769,0.889,0.686,0.774
SEIR01_sl1000_mr025_nv5_8,0.857,0.522,0.649,0.941,0.696,0.8,0.913,0.913,0.913,0.909,0.87,0.889,0.947,0.783,0.857
SEIR01_sl500_mr025_nv10_6,0.927,0.717,0.809,0.978,0.849,0.909,0.845,0.925,0.883,0.885,0.868,0.876,0.979,0.868,0.92
SIR003_sl1000_mr025_nv10_19,0.909,0.417,0.571,0.75,0.5,0.6,0.792,0.792,0.792,0.773,0.708,0.739,0.778,0.583,0.667
SEIR015_sl1000_mr05_nv10_1,0.6,0.353,0.444,1.0,0.706,0.828,0.55,0.647,0.595,0.667,0.588,0.625,0.875,0.824,0.848
SIR003_sl1000_mr05_nv5_11,0.897,0.419,0.571,0.818,0.581,0.679,0.661,0.661,0.661,0.8,0.645,0.714,0.872,0.548,0.673
SIR01_sl500_mr15_nv10_11,0.778,0.412,0.538,1.0,0.647,0.786,0.611,0.647,0.629,0.75,0.529,0.621,0.846,0.647,0.733
SIR003_sl1000_mr05_nv5_14,0.923,0.414,0.571,0.81,0.586,0.68,0.69,0.69,0.69,0.739,0.586,0.654,1.0,0.483,0.651
SIR003_sl1000_mr025_nv10_2,0.875,0.737,0.8,1.0,0.789,0.882,0.85,0.895,0.872,0.875,0.737,0.8,1.0,0.789,0.882
SIR003_sl500_mr05_nv10_1,0.8,0.571,0.667,0.8,0.571,0.667,0.857,0.857,0.857,0.714,0.714,0.714,0.833,0.714,0.769
SEIR01_sl250_mr025_nv10_9,0.784,0.656,0.714,1.0,0.852,0.92,0.681,0.803,0.737,0.758,0.77,0.764,1.0,0.885,0.939
SIR003_sl1000_mr05_nv10_14,1.0,0.7,0.824,1.0,0.9,0.947,1.0,1.0,1.0,1.0,1.0,1.0,1.0,0.9,0.947
SIR003_sl250_mr05_nv10_19,0.5,0.24,0.324,0.571,0.32,0.41,0.333,0.4,0.364,0.28,0.28,0.28,0.615,0.32,0.421
SEIR015_sl1000_mr05_nv10_5,0.714,0.455,0.556,1.0,0.727,0.842,0.818,0.818,0.818,0.818,0.818,0.818,0.875,0.636,0.737
SEIR015_sl1000_mr025_nv20_2,0.938,0.6,0.732,1.0,0.6,0.75,0.846,0.88,0.863,0.846,0.88,0.863,1.0,0.92,0.958
SEIR01_sl1000_mr0125_nv10_4,0.938,0.625,0.75,0.857,0.75,0.8,0.75,0.75,0.75,0.857,0.75,0.8,0.864,0.792,0.826
SEIR015_sl1000_mr025_nv20_19,0.375,0.273,0.316,1.0,0.545,0.706,0.462,0.545,0.5,0.6,0.545,0.571,0.9,0.818,0.857
SEIR015_sl1000_mr025_nv20_16,0.909,0.667,0.769,0.897,0.867,0.881,0.871,0.9,0.885,0.862,0.833,0.847,0.9,0.9,0.9
SIR01_sl500_mr15_nv10_19,0.938,0.556,0.698,0.9,0.667,0.766,0.75,0.778,0.764,0.75,0.667,0.706,0.95,0.704,0.809
SEIR015_sl500_mr025_nv10_1,0.833,0.5,0.625,1.0,0.6,0.75,0.667,0.8,0.727,0.667,0.8,0.727,0.727,0.8,0.762
SIR003_sl1000_mr025_nv10_12,0.939,0.633,0.756,0.905,0.776,0.835,0.78,0.796,0.788,0.905,0.776,0.835,0.974,0.776,0.864
SIR003_sl1000_mr05_nv5_8,0.889,0.32,0.471,0.882,0.6,0.714,0.462,0.48,0.471,0.733,0.44,0.55,0.875,0.56,0.683
SIR01_sl250_mr15_nv10_19,0.8,0.571,0.667,1.0,0.571,0.727,0.75,0.857,0.8,0.75,0.857,0.8,0.833,0.714,0.769
SIR003_sl1000_mr05_nv10_4,0.9,0.692,0.783,0.9,0.692,0.783,0.846,0.846,0.846,0.846,0.846,0.846,0.917,0.846,0.88
SIR003_sl500_mr05_nv10_18,1.0,0.615,0.762,1.0,0.615,0.762,0.846,0.846,0.846,0.846,0.846,0.846,0.923,0.923,0.923
SIR01_sl1000_mr15_nv5_11,1.0,0.222,0.364,0.75,0.333,0.462,0.667,0.667,0.667,0.714,0.556,0.625,0.75,0.667,0.706
SIR01_sl1000_mr15_nv5_13,0.818,0.562,0.667,0.818,0.562,0.667,0.812,0.812,0.812,0.812,0.812,0.812,0.812,0.812,0.812
SEIR01_sl1000_mr0125_nv10_2,0.941,0.615,0.744,1.0,0.731,0.844,0.923,0.923,0.923,0.923,0.923,0.923,1.0,1.0,1.0
SIR01_sl1000_mr15_nv10_14,1.0,1.0,1.0,1.0,1.0,1.0,1.0,1.0,1.0,1.0,1.0,1.0,1.0,1.0,1.0
SIR003_sl500_mr05_nv10_11,1.0,0.167,0.286,1.0,0.333,0.5,0.833,0.833,0.833,0.833,0.833,0.833,0.8,0.667,0.727
SEIR015_sl1000_mr0125_nv10_18,0.625,0.5,0.556,1.0,0.7,0.824,0.667,0.8,0.727,0.7,0.7,0.7,1.0,0.8,0.889
SEIR01_sl500_mr025_nv10_2,0.8,0.5,0.615,1.0,0.375,0.545,0.5,0.5,0.5,0.571,0.5,0.533,0.857,0.75,0.8
SIR003_sl1000_mr1_nv10_6,1.0,0.567,0.723,0.741,0.667,0.702,0.733,0.733,0.733,0.95,0.633,0.76,0.875,0.7,0.778
SIR003_sl1000_mr05_nv5_5,1.0,0.455,0.625,1.0,0.455,0.625,0.818,0.818,0.818,1.0,0.727,0.842,1.0,0.455,0.625
SIR01_sl1000_mr15_nv20_19,0.951,0.765,0.848,0.976,0.784,0.87,0.843,0.843,0.843,0.956,0.843,0.896,0.955,0.824,0.884
SEIR01_sl1000_mr05_nv10_17,0.929,0.591,0.722,0.913,0.955,0.933,0.87,0.909,0.889,0.952,0.909,0.93,0.952,0.909,0.93
SIR003_sl1000_mr05_nv5_16,1.0,0.167,0.286,0.667,0.333,0.444,0.667,0.667,0.667,0.667,0.667,0.667,0.833,0.833,0.833
SIR01_sl1000_mr075_nv10_16,0.909,0.556,0.69,0.769,0.556,0.645,0.842,0.889,0.865,0.842,0.889,0.865,0.778,0.778,0.778
SEIR015_sl1000_mr025_nv10_17,0.833,0.395,0.536,0.963,0.684,0.8,0.718,0.737,0.727,0.8,0.737,0.767,0.96,0.632,0.762
SIR01_sl1000_mr15_nv10_16,1.0,0.571,0.727,1.0,0.571,0.727,0.857,0.857,0.857,0.857,0.857,0.857,0.857,0.857,0.857
SIR003_sl1000_mr05_nv20_18,1.0,0.553,0.712,0.788,0.684,0.732,0.763,0.763,0.763,0.812,0.684,0.743,0.852,0.605,0.708
SEIR015_sl1000_mr05_nv10_2,1.0,0.31,0.473,0.975,0.929,0.951,0.833,0.833,0.833,0.909,0.714,0.8,0.941,0.762,0.842
SEIR01_sl1000_mr025_nv20_8,0.75,0.6,0.667,0.6,0.6,0.6,0.6,0.6,0.6,0.6,0.6,0.6,0.6,0.6,0.6
SIR01_sl1000_mr15_nv20_3,1.0,0.4,0.571,1.0,0.4,0.571,0.8,0.8,0.8,1.0,0.4,0.571,1.0,0.4,0.571
SEIR015_sl1000_mr05_nv10_16,0.929,0.634,0.754,1.0,0.78,0.877,0.826,0.927,0.874,0.857,0.878,0.867,0.972,0.854,0.909
SIR01_sl1000_mr15_nv10_7,0.964,0.54,0.692,0.919,0.68,0.782,0.68,0.68,0.68,0.842,0.64,0.727,0.944,0.68,0.791
SIR003_sl1000_mr1_nv10_10,0.625,0.455,0.526,0.75,0.545,0.632,0.455,0.455,0.455,0.625,0.455,0.526,0.778,0.636,0.7
SIR01_sl1000_mr075_nv10_1,0.97,0.561,0.711,0.867,0.684,0.765,0.825,0.825,0.825,0.865,0.789,0.826,0.915,0.754,0.827
SIR01_sl1000_mr15_nv5_6,1.0,0.478,0.647,0.846,0.478,0.611,0.522,0.522,0.522,0.846,0.478,0.611,0.917,0.478,0.629
SEIR015_sl500_mr025_nv10_10,0.885,0.535,0.667,0.974,0.884,0.927,0.867,0.907,0.886,0.881,0.86,0.871,0.974,0.86,0.914
SEIR01_sl1000_mr025_nv20_1,0.917,0.688,0.786,1.0,0.938,0.968,0.882,0.938,0.909,0.909,0.938,0.923,0.938,0.938,0.938
SEIR015_sl1000_mr025_nv20_9,0.667,0.222,0.333,1.0,0.889,0.941,0.5,0.5,0.5,0.643,0.5,0.563,0.929,0.722,0.813
SEIR01_sl1000_mr025_nv10_14,0.917,0.647,0.759,0.966,0.824,0.889,0.857,0.882,0.87,0.853,0.853,0.853,0.938,0.882,0.909
SIR003_sl1000_mr05_nv20_12,0.848,0.509,0.636,0.78,0.709,0.743,0.673,0.673,0.673,0.771,0.673,0.718,0.923,0.655,0.766
SEIR01_sl1000_mr0125_nv10_15,1.0,0.417,0.588,1.0,0.792,0.884,0.833,0.833,0.833,0.826,0.792,0.809,1.0,0.708,0.829
SEIR015_sl1000_mr025_nv10_9,0.938,0.536,0.682,1.0,0.857,0.923,0.898,0.946,0.922,0.958,0.821,0.885,0.978,0.804,0.882
SEIR015_sl500_mr025_nv10_12,0.714,0.377,0.494,1.0,0.83,0.907,0.556,0.66,0.603,0.708,0.642,0.673,0.974,0.698,0.813
SEIR015_sl1000_mr025_nv10_12,0.833,0.5,0.625,1.0,0.1,0.182,0.538,0.7,0.609,0.75,0.9,0.818,1.0,0.6,0.75
SEIR01_sl1000_mr05_nv10_7,0.842,0.696,0.762,0.919,0.739,0.819,0.787,0.804,0.796,0.804,0.804,0.804,0.946,0.761,0.843
SIR01_sl1000_mr15_nv10_18,1.0,0.565,0.722,0.78,0.667,0.719,0.676,0.696,0.686,0.846,0.638,0.727,0.917,0.638,0.752
SIR003_sl1000_mr025_nv10_18,1.0,0.4,0.571,1.0,0.4,0.571,1.0,1.0,1.0,1.0,1.0,1.0,1.0,1.0,1.0
SIR01_sl1000_mr075_nv10_20,0.938,0.5,0.652,0.643,0.6,0.621,0.562,0.6,0.581,0.731,0.633,0.679,0.8,0.667,0.727
SIR01_sl250_mr15_nv10_9,0.571,0.4,0.471,1.0,0.3,0.462,0.286,0.4,0.333,0.5,0.4,0.444,1.0,0.4,0.571
SEIR01_sl1000_mr025_nv5_6,0.667,0.5,0.571,0.714,0.625,0.667,0.625,0.625,0.625,0.625,0.625,0.625,0.625,0.625,0.625
SEIR015_sl1000_mr025_nv10_18,0.783,0.486,0.6,1.0,0.676,0.806,0.605,0.703,0.65,0.714,0.676,0.694,1.0,0.811,0.896
SIR01_sl1000_mr075_nv10_10,1.0,0.5,0.667,1.0,0.875,0.933,0.75,0.75,0.75,0.833,0.625,0.714,1.0,1.0,1.0
SIR003_sl1000_mr05_nv5_2,0.6,0.25,0.353,0.556,0.417,0.476,0.583,0.583,0.583,0.636,0.583,0.609,0.667,0.667,0.667
SIR003_sl250_mr05_nv10_14,0.8,0.5,0.615,1.0,0.625,0.769,0.75,0.75,0.75,0.75,0.75,0.75,0.875,0.875,0.875
SEIR01_sl1000_mr05_nv10_16,0.95,0.864,0.905,0.955,0.955,0.955,0.955,0.955,0.955,0.955,0.955,0.955,0.955,0.955,0.955
SEIR01_sl1000_mr025_nv10_16,1.0,0.571,0.727,0.95,0.905,0.927,0.837,0.857,0.847,0.971,0.786,0.868,1.0,0.833,0.909
SIR01_sl1000_mr15_nv5_15,0.96,0.533,0.686,0.825,0.733,0.776,0.711,0.711,0.711,0.744,0.644,0.69,0.865,0.711,0.78
SEIR01_sl1000_mr0125_nv10_13,0.9,0.9,0.9,1.0,0.7,0.824,0.818,0.9,0.857,0.818,0.9,0.857,1.0,1.0,1.0
SIR003_sl1000_mr05_nv5_13,1.0,0.545,0.706,0.8,0.364,0.5,0.833,0.909,0.87,0.833,0.909,0.87,0.833,0.455,0.588
SIR003_sl1000_mr05_nv10_2,1.0,0.667,0.8,0.917,0.733,0.815,0.933,0.933,0.933,0.933,0.933,0.933,0.933,0.933,0.933
SIR003_sl500_mr05_nv10_16,0.5,0.25,0.333,0.7,0.583,0.636,0.462,0.5,0.48,0.538,0.583,0.56,0.7,0.583,0.636
SEIR01_sl1000_mr025_nv10_15,0.75,0.6,0.667,0.875,0.7,0.778,0.8,0.8,0.8,0.8,0.8,0.8,0.8,0.8,0.8
SEIR01_sl250_mr025_nv10_8,0.676,0.735,0.704,1.0,0.5,0.667,0.605,0.765,0.675,0.619,0.765,0.684,1.0,0.735,0.847
SEIR015_sl250_mr025_nv10_20,0.654,0.515,0.576,1.0,0.424,0.596,0.61,0.758,0.676,0.684,0.788,0.732,0.929,0.788,0.852
SEIR01_sl250_mr025_nv10_1,0.649,0.533,0.585,1.0,0.578,0.732,0.561,0.711,0.627,0.635,0.733,0.68,0.917,0.733,0.815
SIR003_sl1000_mr05_nv5_4,1.0,0.786,0.88,1.0,0.786,0.88,0.857,0.857,0.857,0.917,0.786,0.846,1.0,0.786,0.88
SEIR015_sl500_mr025_nv10_13,0.44,0.393,0.415,1.0,0.643,0.783,0.436,0.607,0.507,0.485,0.571,0.525,1.0,0.786,0.88
SIR003_sl1000_mr05_nv20_13,0.97,0.593,0.736,0.761,0.648,0.7,0.759,0.759,0.759,0.818,0.667,0.735,0.886,0.574,0.697
SEIR01_sl1000_mr0125_nv10_3,0.846,0.579,0.688,1.0,0.895,0.944,0.842,0.842,0.842,0.889,0.842,0.865,0.971,0.895,0.932
SIR003_sl1000_mr025_nv10_3,1.0,0.731,0.844,1.0,0.731,0.844,0.769,0.769,0.769,0.95,0.731,0.826,1.0,0.731,0.844
SEIR01_sl1000_mr025_nv5_3,0.75,0.6,0.667,0.875,0.7,0.778,0.818,0.9,0.857,0.8,0.8,0.8,0.889,0.8,0.842
SIR01_sl500_mr15_nv10_17,0.75,0.692,0.72,1.0,0.615,0.762,0.692,0.692,0.692,0.75,0.692,0.72,1.0,0.769,0.87
SIR01_sl1000_mr3_nv10_8,1.0,0.6,0.75,1.0,0.6,0.75,0.7,0.7,0.7,1.0,0.6,0.75,1.0,0.6,0.75
SEIR01_sl1000_mr0125_nv10_6,0.966,0.583,0.727,0.913,0.875,0.894,0.875,0.875,0.875,0.925,0.771,0.841,0.949,0.771,0.851
SIR01_sl1000_mr075_nv10_19,1.0,0.273,0.429,0.429,0.273,0.333,0.364,0.364,0.364,0.8,0.364,0.5,0.667,0.182,0.286
SIR01_sl500_mr15_nv10_13,0.5,0.286,0.364,0.8,0.571,0.667,0.714,0.714,0.714,0.667,0.571,0.615,0.8,0.571,0.667
SEIR01_sl1000_mr0125_nv10_10,0.949,0.685,0.796,0.96,0.889,0.923,0.926,0.926,0.926,0.917,0.815,0.863,0.917,0.815,0.863
SIR003_sl1000_mr1_nv10_13,0.2,0.167,0.182,0.8,0.667,0.727,0.167,0.167,0.167,0.167,0.167,0.167,0.8,0.667,0.727
SEIR01_sl1000_mr025_nv5_10,1.0,0.273,0.429,1.0,0.606,0.755,0.824,0.848,0.836,0.885,0.697,0.78,1.0,0.636,0.778
SIR003_sl1000_mr1_nv10_11,1.0,0.6,0.75,0.75,0.6,0.667,0.7,0.7,0.7,0.778,0.7,0.737,0.75,0.6,0.667
SIR003_sl1000_mr05_nv5_7,0.967,0.392,0.558,0.667,0.514,0.58,0.56,0.568,0.564,0.704,0.514,0.594,0.857,0.486,0.621
SIR01_sl1000_mr3_nv10_2,1.0,0.556,0.714,0.778,0.778,0.778,0.778,0.778,0.778,0.778,0.778,0.778,0.778,0.778,0.778
SEIR015_sl1000_mr0125_nv10_13,0.963,0.52,0.675,0.979,0.94,0.959,0.9,0.9,0.9,0.976,0.82,0.891,0.978,0.88,0.926
SIR003_sl1000_mr1_nv10_2,0.844,0.429,0.568,0.709,0.619,0.661,0.688,0.698,0.693,0.755,0.635,0.69,0.804,0.587,0.679
SEIR01_sl1000_mr025_nv20_6,1.0,1.0,1.0,1.0,0.909,0.952,0.917,1.0,0.957,0.917,1.0,0.957,0.917,1.0,0.957
SEIR015_sl1000_mr025_nv20_14,0.778,0.318,0.452,0.955,0.955,0.955,0.909,0.909,0.909,0.9,0.818,0.857,0.95,0.864,0.905
SEIR015_sl500_mr025_nv10_9,0.778,0.636,0.7,1.0,0.455,0.625,0.538,0.636,0.583,0.538,0.636,0.583,0.7,0.636,0.667
SIR01_sl1000_mr15_nv5_10,1.0,0.727,0.842,1.0,0.727,0.842,0.727,0.727,0.727,1.0,0.727,0.842,1.0,0.727,0.842
SEIR015_sl1000_mr025_nv10_19,0.667,0.421,0.516,1.0,0.737,0.848,0.773,0.895,0.829,0.789,0.789,0.789,1.0,0.842,0.914
SEIR01_sl500_mr025_nv10_7,0.793,0.676,0.73,0.964,0.794,0.871,0.784,0.853,0.817,0.794,0.794,0.794,0.906,0.853,0.879
SEIR015_sl1000_mr0125_nv10_10,0.818,0.474,0.6,1.0,0.842,0.914,0.789,0.789,0.789,0.938,0.789,0.857,0.933,0.737,0.824
SEIR015_sl1000_mr025_nv10_6,1.0,0.457,0.627,0.955,0.913,0.933,0.87,0.87,0.87,0.85,0.739,0.791,0.927,0.826,0.874
SIR01_sl1000_mr075_nv10_8,1.0,0.438,0.609,0.909,0.625,0.741,0.625,0.625,0.625,0.818,0.562,0.667,0.909,0.625,0.741
SEIR015_sl1000_mr025_nv10_4,0.875,0.477,0.618,1.0,0.795,0.886,0.688,0.75,0.717,0.756,0.705,0.729,0.939,0.705,0.805
SEIR01_sl1000_mr025_nv20_11,0.75,0.6,0.667,0.75,0.6,0.667,0.8,0.8,0.8,0.8,0.8,0.8,0.8,0.8,0.8
SIR003_sl1000_mr05_nv20_19,1.0,0.568,0.724,0.848,0.757,0.8,0.757,0.757,0.757,0.867,0.703,0.776,0.871,0.73,0.794
SEIR015_sl1000_mr025_nv5_7,0.889,0.308,0.457,1.0,0.846,0.917,0.769,0.769,0.769,0.818,0.692,0.75,1.0,0.577,0.732
SIR003_sl500_mr05_nv10_3,0.875,0.724,0.792,0.875,0.724,0.792,0.759,0.759,0.759,0.808,0.724,0.764,0.957,0.759,0.846
SEIR01_sl1000_mr05_nv10_18,0.913,0.75,0.824,0.98,0.875,0.925,0.86,0.875,0.867,0.873,0.857,0.865,0.981,0.929,0.954
SEIR01_sl1000_mr025_nv10_7,0.9,0.675,0.771,0.861,0.775,0.816,0.7,0.7,0.7,0.8,0.7,0.747,0.861,0.775,0.816
SIR01_sl1000_mr15_nv10_9,1.0,0.286,0.444,0.8,0.571,0.667,0.714,0.714,0.714,0.667,0.667,0.667,0.7,0.667,0.683
SEIR015_sl1000_mr025_nv10_20,0.429,0.375,0.4,1.0,0.5,0.667,0.6,0.75,0.667,0.556,0.625,0.588,1.0,0.875,0.933
SIR01_sl1000_mr15_nv10_8,1.0,0.6,0.75,0.75,0.3,0.429,0.7,0.7,0.7,1.0,0.6,0.75,0.889,0.8,0.842
SIR01_sl250_mr15_nv10_1,0.615,0.471,0.533,1.0,0.412,0.583,0.526,0.588,0.556,0.692,0.529,0.6,1.0,0.529,0.692
SIR01_sl1000_mr15_nv20_15,0.667,0.286,0.4,0.875,0.5,0.636,0.429,0.429,0.429,0.455,0.357,0.4,0.875,0.5,0.636
SEIR01_sl250_mr025_nv10_4,0.818,0.643,0.72,1.0,0.643,0.783,0.812,0.929,0.867,0.812,0.929,0.867,1.0,0.857,0.923
SIR01_sl1000_mr15_nv5_16,0.571,0.444,0.5,1.0,0.222,0.364,0.444,0.444,0.444,0.75,0.333,0.462,1.0,0.444,0.615
SEIR01_sl1000_mr0125_nv10_17,0.636,0.583,0.609,0.778,0.583,0.667,0.769,0.833,0.8,0.769,0.833,0.8,0.833,0.833,0.833
SIR003_sl1000_mr025_nv10_10,0.8,0.615,0.696,0.917,0.846,0.88,0.692,0.692,0.692,0.75,0.692,0.72,0.917,0.846,0.88
SEIR01_sl500_mr025_nv10_15,0.911,0.707,0.796,1.0,0.828,0.906,0.787,0.828,0.807,0.852,0.793,0.821,0.98,0.828,0.897
SEIR01_sl1000_mr05_nv10_10,0.857,0.857,0.857,0.857,0.857,0.857,0.857,0.857,0.857,0.857,0.857,0.857,0.857,0.857,0.857
SEIR01_sl500_mr025_nv10_4,1.0,0.714,0.833,0.8,0.571,0.667,0.75,0.857,0.8,0.714,0.714,0.714,0.833,0.714,0.769
SEIR015_sl1000_mr0125_nv10_12,1.0,0.286,0.444,1.0,0.643,0.783,0.857,0.857,0.857,0.846,0.786,0.815,1.0,0.714,0.833
SIR003_sl1000_mr05_nv20_17,0.933,0.56,0.7,0.739,0.68,0.708,0.667,0.68,0.673,0.78,0.64,0.703,0.872,0.68,0.764
SIR01_sl500_mr15_nv10_9,0.806,0.439,0.568,0.929,0.684,0.788,0.59,0.632,0.61,0.733,0.579,0.647,0.977,0.737,0.84
SIR003_sl1000_mr025_nv10_6,0.929,0.565,0.703,0.714,0.652,0.682,0.696,0.696,0.696,0.789,0.652,0.714,0.824,0.609,0.7
SIR01_sl1000_mr15_nv20_20,1.0,0.643,0.783,0.917,0.786,0.846,0.786,0.786,0.786,0.786,0.786,0.786,0.923,0.857,0.889
SEIR01_sl1000_mr05_nv10_12,0.932,0.707,0.804,0.917,0.759,0.83,0.847,0.862,0.855,0.94,0.81,0.87,0.915,0.741,0.819
SIR01_sl250_mr15_nv10_17,0.875,1.0,0.933,1.0,0.429,0.6,0.857,0.857,0.857,0.857,0.857,0.857,1.0,0.857,0.923
SIR003_sl1000_mr025_nv10_11,0.933,0.467,0.622,0.731,0.633,0.679,0.633,0.633,0.633,0.739,0.567,0.642,0.783,0.6,0.679
SIR01_sl1000_mr15_nv20_2,1.0,0.4,0.571,1.0,0.4,0.571,0.6,0.6,0.6,0.8,0.4,0.533,0.833,0.5,0.625
SIR003_sl1000_mr1_nv10_18,1.0,0.455,0.625,0.792,0.576,0.667,0.727,0.727,0.727,0.828,0.727,0.774,0.846,0.667,0.746
SEIR015_sl250_mr025_nv10_19,0.389,0.189,0.255,1.0,0.378,0.549,0.535,0.622,0.575,0.6,0.486,0.537,1.0,0.459,0.63
SIR01_sl250_mr15_nv10_5,0.714,0.556,0.625,1.0,0.556,0.714,0.8,0.889,0.842,0.8,0.889,0.842,0.857,0.667,0.75
SEIR015_sl250_mr025_nv10_13,0.909,0.625,0.741,1.0,0.625,0.769,0.647,0.688,0.667,0.688,0.688,0.688,1.0,0.688,0.815
SEIR015_sl500_mr025_nv10_8,0.533,0.358,0.429,1.0,0.522,0.686,0.651,0.806,0.72,0.739,0.761,0.75,0.98,0.731,0.838
SEIR01_sl1000_mr025_nv20_17,0.905,0.76,0.826,0.955,0.84,0.894,0.84,0.84,0.84,0.833,0.8,0.816,0.96,0.96,0.96
SIR003_sl1000_mr05_nv20_10,1.0,0.731,0.844,0.857,0.808,0.832,0.827,0.827,0.827,0.933,0.808,0.866,0.952,0.769,0.851
SIR01_sl1000_mr075_nv10_15,1.0,0.667,0.8,1.0,0.5,0.667,0.833,0.833,0.833,0.833,0.833,0.833,1.0,0.667,0.8
SIR01_sl1000_mr15_nv10_15,0.818,0.237,0.367,0.677,0.553,0.609,0.538,0.553,0.545,0.68,0.447,0.54,0.769,0.526,0.625
SEIR015_sl1000_mr05_nv10_7,0.615,0.615,0.615,0.875,0.538,0.667,0.476,0.769,0.588,0.562,0.692,0.621,0.909,0.769,0.833
SEIR015_sl1000_mr025_nv20_5,0.95,0.487,0.644,1.0,0.974,0.987,0.897,0.897,0.897,0.946,0.897,0.921,0.971,0.872,0.919
SIR01_sl1000_mr075_nv10_5,0.95,0.594,0.731,0.893,0.781,0.833,0.727,0.75,0.738,0.92,0.719,0.807,0.923,0.75,0.828
SIR003_sl250_mr05_nv10_1,0.68,0.531,0.596,0.762,0.5,0.604,0.556,0.625,0.588,0.559,0.594,0.576,0.704,0.594,0.644
SIR003_sl250_mr05_nv10_3,0.875,0.636,0.737,0.875,0.636,0.737,0.818,0.818,0.818,0.85,0.773,0.81,0.9,0.818,0.857
SIR003_sl1000_mr05_nv20_20,1.0,0.714,0.833,0.857,0.857,0.857,0.857,0.857,0.857,0.857,0.857,0.857,0.857,0.857,0.857
SEIR015_sl1000_mr025_nv10_10,0.5,0.091,0.154,0.8,0.364,0.5,0.909,0.909,0.909,0.909,0.909,0.909,0.778,0.636,0.7
SIR003_sl250_mr05_nv10_12,0.75,0.462,0.571,0.857,0.462,0.6,0.571,0.615,0.593,0.583,0.538,0.56,0.875,0.538,0.667
SIR01_sl250_mr15_nv10_8,0.667,0.222,0.333,0.8,0.444,0.571,0.556,0.556,0.556,0.667,0.444,0.533,1.0,0.556,0.714
SEIR01_sl1000_mr025_nv5_15,0.786,0.407,0.537,0.846,0.815,0.83,0.714,0.741,0.727,0.75,0.667,0.706,0.818,0.667,0.735
SIR003_sl1000_mr025_nv10_1,0.9,0.643,0.75,0.769,0.714,0.741,0.714,0.714,0.714,0.769,0.714,0.741,0.769,0.714,0.741
SEIR015_sl1000_mr05_nv10_3,0.884,0.679,0.768,0.978,0.786,0.871,0.814,0.857,0.835,0.882,0.804,0.841,0.98,0.857,0.914
SIR01_sl1000_mr15_nv20_11,0.936,0.746,0.83,0.887,0.797,0.839,0.817,0.831,0.824,0.873,0.814,0.842,0.9,0.763,0.826
SEIR01_sl500_mr025_nv10_1,0.625,0.5,0.556,1.0,0.5,0.667,0.455,0.5,0.476,0.455,0.5,0.476,0.857,0.6,0.706
SEIR015_sl1000_mr025_nv5_16,1.0,0.308,0.471,1.0,0.846,0.917,0.769,0.769,0.769,1.0,0.731,0.844,1.0,0.692,0.818
SEIR015_sl1000_mr025_nv20_17,0.9,0.482,0.628,1.0,0.875,0.933,0.847,0.893,0.87,0.855,0.839,0.847,1.0,0.821,0.902
SIR01_sl1000_mr3_nv10_10,1.0,0.667,0.8,0.875,0.778,0.824,1.0,1.0,1.0,1.0,0.778,0.875,0.875,0.778,0.824
SEIR015_sl500_mr025_nv10_14,1.0,0.778,0.875,1.0,0.111,0.2,0.8,0.889,0.842,0.8,0.889,0.842,0.875,0.778,0.824
SEIR01_sl1000_mr025_nv5_7,1.0,0.8,0.889,1.0,0.8,0.889,0.9,0.9,0.9,0.9,0.9,0.9,1.0,0.9,0.947
SEIR01_sl1000_mr05_nv10_19,1.0,0.429,0.6,1.0,0.571,0.727,0.5,0.571,0.533,0.667,0.571,0.615,1.0,0.571,0.727
SIR003_sl1000_mr1_nv10_3,0.933,0.609,0.737,0.9,0.783,0.837,0.739,0.739,0.739,0.8,0.696,0.744,0.905,0.826,0.864
SEIR015_sl250_mr025_nv10_15,0.756,0.694,0.723,0.958,0.469,0.63,0.755,0.816,0.784,0.76,0.776,0.768,0.914,0.653,0.762
SEIR01_sl500_mr025_nv10_20,0.824,0.438,0.571,0.833,0.781,0.806,0.719,0.719,0.719,0.815,0.688,0.746,0.923,0.75,0.828
SIR01_sl1000_mr15_nv10_17,1.0,0.55,0.71,1.0,0.8,0.889,0.9,0.9,0.9,0.941,0.8,0.865,1.0,0.8,0.889
SEIR01_sl1000_mr025_nv20_20,0.818,0.581,0.679,0.931,0.871,0.9,0.812,0.839,0.825,0.897,0.839,0.867,0,0,0
SEIR015_sl250_mr025_nv10_17,0.6,0.25,0.353,1.0,0.083,0.154,0.692,0.75,0.72,0.455,0.417,0.435,1.0,0.25,0.4
SEIR01_sl1000_mr025_nv5_9,1.0,0.333,0.5,0.833,0.556,0.667,0.889,0.889,0.889,0.889,0.889,0.889,0.857,0.667,0.75
SEIR01_sl1000_mr025_nv10_8,0.947,0.667,0.783,0.833,0.741,0.784,0.815,0.815,0.815,0.88,0.815,0.846,0.815,0.815,0.815
SIR01_sl1000_mr15_nv20_16,1.0,0.81,0.895,0.933,0.667,0.778,0.905,0.905,0.905,0.947,0.857,0.9,0.941,0.762,0.842
SEIR015_sl1000_mr0125_nv10_1,0.906,0.397,0.552,1.0,0.904,0.95,0.789,0.822,0.805,0.921,0.795,0.853,1.0,0.767,0.868
SEIR01_sl500_mr025_nv10_16,0.9,0.6,0.72,0.909,0.667,0.769,0.75,0.8,0.774,0.75,0.8,0.774,0.857,0.8,0.828
SEIR015_sl1000_mr025_nv10_16,0.625,0.714,0.667,1.0,0.571,0.727,0.688,0.786,0.733,0.688,0.786,0.733,1.0,0.714,0.833
SIR003_sl250_mr05_nv10_20,0.615,0.39,0.478,0.889,0.39,0.542,0.565,0.634,0.598,0.59,0.561,0.575,0.87,0.488,0.625
SEIR015_sl1000_mr025_nv10_11,0.833,0.446,0.581,1.0,0.821,0.902,0.741,0.768,0.754,0.884,0.679,0.768,1.0,0.804,0.891
SIR003_sl1000_mr05_nv20_6,0.9,0.643,0.75,0.846,0.786,0.815,0.714,0.714,0.714,0.9,0.643,0.75,0.846,0.786,0.815
SIR003_sl1000_mr05_nv10_18,0.933,0.609,0.737,0.938,0.652,0.769,0.739,0.739,0.739,0.85,0.739,0.791,0.85,0.739,0.791
SEIR015_sl1000_mr05_nv10_4,0.474,0.281,0.353,1.0,0.625,0.769,0.6,0.656,0.627,0.618,0.656,0.636,0.964,0.844,0.9
SIR01_sl1000_mr15_nv20_8,0.971,0.688,0.805,0.974,0.792,0.874,0.771,0.771,0.771,0.9,0.75,0.818,0.974,0.792,0.874
SIR01_sl1000_mr3_nv10_20,1.0,0.417,0.588,0.727,0.667,0.696,0.833,0.833,0.833,0.8,0.667,0.727,0.7,0.583,0.636
SIR01_sl1000_mr15_nv20_18,1.0,0.833,0.909,0.958,0.767,0.852,0.933,0.933,0.933,0.963,0.867,0.912,0.962,0.833,0.893
SIR003_sl1000_mr025_nv10_20,0.75,0.333,0.462,0.857,0.667,0.75,0.778,0.778,0.778,0.75,0.667,0.706,0.778,0.778,0.778
SEIR015_sl1000_mr025_nv5_3,0.867,0.481,0.619,0.929,0.481,0.634,0.63,0.63,0.63,0.875,0.519,0.651,0.917,0.407,0.564
SEIR01_sl1000_mr025_nv10_1,0.941,0.571,0.711,1.0,0.821,0.902,0.897,0.929,0.912,0.889,0.857,0.873,0.963,0.929,0.945
SEIR01_sl1000_mr0125_nv10_7,0.968,0.769,0.857,1.0,0.872,0.932,0.897,0.897,0.897,0.946,0.897,0.921,1.0,0.872,0.932
SIR01_sl1000_mr15_nv5_1,0.929,0.464,0.619,0.75,0.536,0.625,0.607,0.607,0.607,0.773,0.607,0.68,0.938,0.536,0.682
SIR01_sl1000_mr075_nv10_3,1.0,0.364,0.533,0.545,0.545,0.545,0.545,0.545,0.545,0.625,0.455,0.526,0.833,0.455,0.588
SEIR01_sl1000_mr025_nv5_2,0.625,0.312,0.417,0.929,0.812,0.867,0.588,0.625,0.606,0.769,0.625,0.69,0.929,0.812,0.867
SIR01_sl1000_mr15_nv20_13,1.0,0.667,0.8,1.0,0.667,0.8,0.833,0.833,0.833,0.833,0.833,0.833,0.833,0.833,0.833
SIR003_sl1000_mr1_nv10_16,0.769,0.5,0.606,0.833,0.5,0.625,0.524,0.55,0.537,0.769,0.5,0.606,0.833,0.5,0.625
SEIR01_sl1000_mr025_nv10_20,0.769,0.588,0.667,0.875,0.824,0.848,0.765,0.765,0.765,0.824,0.824,0.824,0.812,0.765,0.788
SIR003_sl1000_mr025_nv10_4,1.0,0.484,0.652,0.75,0.677,0.712,0.742,0.742,0.742,0.87,0.645,0.741,0.909,0.645,0.755
SEIR015_sl1000_mr025_nv5_15,0.771,0.415,0.54,0.857,0.738,0.793,0.706,0.738,0.722,0.719,0.631,0.672,0.941,0.738,0.828
SIR003_sl500_mr05_nv10_5,1.0,0.8,0.889,1.0,0.6,0.75,0.9,0.9,0.9,0.9,0.9,0.9,1.0,0.6,0.75
SEIR01_sl1000_mr05_nv10_6,0.846,0.55,0.667,0.973,0.9,0.935,0.85,0.85,0.85,0.889,0.8,0.842,0.946,0.875,0.909
SEIR01_sl250_mr025_nv10_19,0.875,0.583,0.7,1.0,0.583,0.737,0.714,0.833,0.769,0.714,0.833,0.769,0.9,0.75,0.818
SEIR015_sl500_mr025_nv10_19,0.778,0.7,0.737,1.0,0.5,0.667,0.727,0.8,0.762,0.727,0.8,0.762,1.0,0.9,0.947
SEIR015_sl1000_mr025_nv5_20,0.714,0.244,0.364,1.0,0.659,0.794,0.674,0.707,0.69,0.697,0.561,0.622,1.0,0.439,0.61
SIR01_sl1000_mr075_nv10_14,1.0,0.571,0.727,0.8,0.571,0.667,0.571,0.571,0.571,0.571,0.571,0.571,0.833,0.714,0.769
SIR003_sl1000_mr05_nv20_2,0.897,0.531,0.667,0.85,0.694,0.764,0.7,0.714,0.707,0.805,0.673,0.733,0.892,0.673,0.767
SIR01_sl500_mr15_nv10_3,0.833,0.526,0.645,0.875,0.737,0.8,0.75,0.789,0.769,0.75,0.789,0.769,0.933,0.737,0.824
SEIR01_sl500_mr025_nv10_18,0.75,0.5,0.6,0.75,0.5,0.6,0.5,0.5,0.5,0.5,0.5,0.5,0.667,0.667,0.667
SEIR015_sl250_mr025_nv10_7,0.5,0.5,0.5,1.0,0.375,0.545,0.333,0.375,0.353,0.333,0.375,0.353,0.833,0.625,0.714
SIR003_sl1000_mr1_nv10_17,0.895,0.531,0.667,0.952,0.625,0.755,0.75,0.75,0.75,0.75,0.75,0.75,0.955,0.656,0.778
SEIR01_sl500_mr025_nv10_14,1.0,0.833,0.909,1.0,0.5,0.667,0.714,0.833,0.769,0.714,0.833,0.769,0.8,0.667,0.727
SIR003_sl1000_mr1_nv10_9,1.0,0.667,0.8,1.0,0.556,0.714,0.889,0.889,0.889,0.667,0.667,0.667,1.0,0.556,0.714
SEIR01_sl1000_mr025_nv10_6,1.0,0.571,0.727,1.0,0.571,0.727,0.714,0.714,0.714,0.714,0.714,0.714,0.833,0.714,0.769
SIR003_sl1000_mr1_nv10_8,0.955,0.6,0.737,0.7,0.6,0.646,0.714,0.714,0.714,0.926,0.714,0.806,0.846,0.629,0.721
SEIR01_sl1000_mr025_nv20_3,0.833,0.714,0.769,0.938,0.714,0.811,0.864,0.905,0.884,0.864,0.905,0.884,0.952,0.952,0.952
SEIR015_sl1000_mr0125_nv10_9,0.5,0.238,0.323,1.0,0.524,0.688,0.391,0.429,0.409,0.5,0.429,0.462,0.786,0.524,0.629
SIR003_sl250_mr05_nv10_6,0.783,0.545,0.643,0.9,0.545,0.679,0.735,0.758,0.746,0.733,0.667,0.698,0.826,0.576,0.679
SEIR015_sl1000_mr025_nv20_3,0.791,0.515,0.624,1.0,0.712,0.832,0.544,0.652,0.593,0.667,0.606,0.635,1.0,0.682,0.811
SEIR01_sl1000_mr025_nv5_5,0.944,0.333,0.493,0.812,0.765,0.788,0.611,0.647,0.629,0.821,0.627,0.711,0.933,0.549,0.691
SEIR015_sl1000_mr025_nv10_1,0.889,0.8,0.842,1.0,0.7,0.824,0.9,0.9,0.9,0.889,0.8,0.842,1.0,0.7,0.824
SEIR01_sl250_mr025_nv10_18,0.786,0.688,0.733,1.0,0.531,0.694,0.694,0.781,0.735,0.75,0.656,0.7,1.0,0.844,0.915
SIR01_sl250_mr15_nv10_10,0.622,0.5,0.554,0.923,0.429,0.585,0.469,0.536,0.5,0.577,0.536,0.556,0.935,0.518,0.667
SEIR015_sl1000_mr025_nv10_7,0.833,0.556,0.667,0.833,0.556,0.667,0.889,0.889,0.889,0.889,0.889,0.889,0.889,0.889,0.889
SIR003_sl1000_mr1_nv10_4,1.0,0.621,0.766,0.84,0.724,0.778,0.724,0.724,0.724,0.8,0.69,0.741,0.957,0.759,0.846
SIR003_sl500_mr05_nv10_9,1.0,0.429,0.6,1.0,0.429,0.6,0.857,0.857,0.857,0.857,0.857,0.857,1.0,0.714,0.833
SIR003_sl250_mr05_nv10_13,0.0,0.0,0,1.0,0.143,0.25,0.125,0.143,0.133,0.2,0.143,0.167,0,0,0
SEIR015_sl250_mr025_nv10_1,0.478,0.647,0.55,0.8,0.235,0.364,0.538,0.824,0.651,0.538,0.824,0.651,0.929,0.765,0.839
SIR003_sl1000_mr025_nv10_8,1.0,0.667,0.8,0.917,0.733,0.815,0.867,0.867,0.867,0.867,0.867,0.867,0.923,0.8,0.857
SIR003_sl1000_mr1_nv10_12,0.923,0.444,0.6,0.706,0.444,0.545,0.552,0.593,0.571,0.682,0.556,0.612,0.789,0.556,0.652
SIR003_sl1000_mr05_nv10_9,1.0,0.367,0.537,0.7,0.467,0.56,0.533,0.533,0.533,0.824,0.467,0.596,0.737,0.467,0.571
SEIR01_sl1000_mr025_nv20_15,0.882,0.652,0.75,1.0,0.957,0.978,0.913,0.913,0.913,0.955,0.913,0.933,0.955,0.913,0.933
SIR01_sl1000_mr075_nv10_4,0.9,0.474,0.621,0.897,0.684,0.776,0.795,0.816,0.805,0.784,0.763,0.773,0.919,0.895,0.907
SIR003_sl1000_mr05_nv20_5,0.882,0.625,0.732,0.889,0.667,0.762,0.667,0.667,0.667,0.842,0.667,0.744,0.889,0.667,0.762
SIR01_sl1000_mr075_nv10_2,1.0,0.545,0.706,1.0,0.455,0.625,0.545,0.545,0.545,0.857,0.545,0.667,0.875,0.636,0.737
SEIR015_sl1000_mr05_nv10_18,0.76,0.463,0.576,0.962,0.61,0.746,0.778,0.854,0.814,0.786,0.805,0.795,1.0,0.756,0.861
SIR01_sl1000_mr15_nv5_7,1.0,0.5,0.667,1.0,0.375,0.545,0.375,0.375,0.375,1.0,0.375,0.545,1.0,0.375,0.545
SIR01_sl1000_mr075_nv10_13,1.0,0.286,0.444,0.6,0.429,0.5,0.643,0.643,0.643,0.778,0.5,0.609,1.0,0.429,0.6
SEIR015_sl1000_mr0125_nv10_6,0.857,0.343,0.49,1.0,0.8,0.889,0.784,0.829,0.806,0.893,0.714,0.794,0.964,0.771,0.857
SEIR015_sl1000_mr0125_nv10_20,0.929,0.634,0.754,1.0,0.829,0.907,0.814,0.854,0.833,0.939,0.756,0.838,0.972,0.854,0.909
SIR01_sl1000_mr075_nv10_6,1.0,0.25,0.4,0.667,0.25,0.364,0.75,0.75,0.75,0.75,0.75,0.75,0.75,0.75,0.75
SIR01_sl1000_mr3_nv10_17,0.857,0.6,0.706,0.857,0.6,0.706,0.8,0.8,0.8,0.8,0.8,0.8,0.75,0.6,0.667
SEIR01_sl1000_mr025_nv20_10,0.8,0.444,0.571,1.0,0.556,0.714,0.667,0.667,0.667,0.857,0.667,0.75,0.875,0.778,0.824
SIR003_sl1000_mr05_nv5_10,1.0,0.512,0.677,0.844,0.659,0.74,0.805,0.805,0.805,0.886,0.756,0.816,0.9,0.659,0.761
SEIR01_sl1000_mr05_nv10_15,0.917,0.688,0.786,0.923,0.75,0.828,0.875,0.875,0.875,0.867,0.812,0.839,0.938,0.938,0.938
SEIR01_sl1000_mr025_nv10_4,0.892,0.635,0.742,0.98,0.923,0.95,0.868,0.885,0.876,0.93,0.769,0.842,0.978,0.865,0.918
SIR01_sl1000_mr3_nv10_18,1.0,0.583,0.737,0.9,0.75,0.818,0.792,0.792,0.792,0.818,0.75,0.783,1.0,0.708,0.829
SEIR01_sl1000_mr025_nv20_16,0.571,0.571,0.571,1.0,0.286,0.444,0.556,0.714,0.625,0.556,0.714,0.625,1.0,1.0,1.0
SIR01_sl250_mr15_nv10_11,0.688,0.458,0.55,0.917,0.458,0.611,0.462,0.5,0.48,0.522,0.5,0.511,0.722,0.542,0.619
SEIR01_sl250_mr025_nv10_7,0.733,0.786,0.759,0.857,0.429,0.571,0.706,0.857,0.774,0.706,0.857,0.774,0.923,0.857,0.889
SEIR015_sl1000_mr025_nv10_15,0.5,0.276,0.356,1.0,0.638,0.779,0.414,0.5,0.453,0.54,0.466,0.5,0.929,0.448,0.605
SEIR01_sl500_mr025_nv10_8,0.812,0.812,0.812,1.0,0.5,0.667,0.737,0.875,0.8,0.737,0.875,0.8,0.889,1.0,0.941
SEIR01_sl1000_mr0125_nv10_16,0.667,0.286,0.4,0.8,0.571,0.667,0.714,0.714,0.714,0.714,0.714,0.714,0.833,0.714,0.769
SEIR015_sl1000_mr0125_nv10_11,0.833,0.385,0.526,1.0,0.692,0.818,0.692,0.692,0.692,0.818,0.692,0.75,1.0,0.769,0.87
SEIR01_sl1000_mr0125_nv10_1,0.846,0.611,0.71,1.0,0.778,0.875,0.684,0.722,0.703,0.765,0.722,0.743,1.0,0.833,0.909
SIR003_sl1000_mr1_nv10_1,1.0,0.471,0.64,0.812,0.765,0.788,0.706,0.706,0.706,0.786,0.647,0.71,0.867,0.765,0.812
SIR003_sl500_mr05_nv10_15,1.0,0.737,0.848,0.929,0.684,0.788,0.842,0.842,0.842,0.889,0.842,0.865,1.0,0.684,0.813
SEIR01_sl250_mr025_nv10_6,0.526,0.455,0.488,0.818,0.409,0.545,0.5,0.636,0.56,0.577,0.682,0.625,0.789,0.682,0.732
SEIR01_sl250_mr025_nv10_3,0.654,0.63,0.642,1.0,0.778,0.875,0.667,0.815,0.733,0.667,0.815,0.733,0.885,0.852,0.868
SEIR01_sl1000_mr025_nv5_1,0.923,0.585,0.716,0.919,0.829,0.872,0.756,0.756,0.756,0.824,0.683,0.747,0.943,0.805,0.868
SEIR015_sl1000_mr05_nv10_17,0.653,0.464,0.542,1.0,0.754,0.86,0.675,0.783,0.725,0.8,0.754,0.776,1.0,0.812,0.896
SIR003_sl250_mr05_nv10_17,0.714,0.556,0.625,0.786,0.489,0.603,0.625,0.667,0.645,0.643,0.6,0.621,0.909,0.667,0.769
SIR003_sl1000_mr05_nv20_15,0.867,0.684,0.765,0.812,0.684,0.743,0.737,0.737,0.737,0.867,0.684,0.765,0.824,0.737,0.778
SEIR01_sl250_mr025_nv10_13,0.5,0.333,0.4,0.5,0.167,0.25,0.571,0.667,0.615,0.5,0.5,0.5,0.6,0.5,0.545
SEIR015_sl1000_mr05_nv10_13,0.949,0.607,0.74,0.981,0.852,0.912,0.951,0.951,0.951,0.942,0.803,0.867,0.98,0.803,0.883
SEIR015_sl1000_mr025_nv5_6,0.545,0.194,0.286,1.0,0.597,0.747,0.551,0.613,0.58,0.688,0.532,0.6,0.931,0.435,0.593
SIR01_sl1000_mr3_nv10_6,0.893,0.463,0.61,0.587,0.5,0.54,0.556,0.556,0.556,0.698,0.556,0.619,0.848,0.519,0.644
SEIR01_sl250_mr025_nv10_15,0.6,0.857,0.706,1.0,0.286,0.444,0.7,1.0,0.824,0.6,0.857,0.706,0.857,0.857,0.857
SEIR015_sl1000_mr025_nv10_8,1.0,0.65,0.788,1.0,0.7,0.824,1.0,1.0,1.0,1.0,0.8,0.889,1.0,0.75,0.857
SEIR015_sl1000_mr05_nv10_10,0.875,0.778,0.824,0,0,0,0.8,0.889,0.842,0.8,0.889,0.842,1.0,0.889,0.941
SEIR015_sl1000_mr025_nv10_13,0.286,0.2,0.235,1.0,0.1,0.182,0.333,0.4,0.364,0.5,0.4,0.444,1.0,0.3,0.462
SEIR015_sl1000_mr0125_nv10_4,1.0,0.6,0.75,1.0,0.7,0.824,0.8,0.8,0.8,1.0,0.8,0.889,1.0,0.8,0.889
SIR01_sl250_mr15_nv10_13,0.667,0.308,0.421,1.0,0.538,0.7,0.438,0.538,0.483,0.5,0.462,0.48,0.818,0.692,0.75
SEIR015_sl1000_mr05_nv10_19,0.571,0.5,0.533,1.0,0.812,0.897,0.757,0.875,0.812,0.794,0.844,0.818,1.0,0.938,0.968
SEIR01_sl1000_mr0125_nv10_18,0.921,0.778,0.843,0.907,0.867,0.886,0.851,0.889,0.87,0.87,0.889,0.879,0.951,0.867,0.907
SEIR01_sl1000_mr025_nv20_9,1.0,0.917,0.957,1.0,0.917,0.957,0.917,0.917,0.917,1.0,0.917,0.957,1.0,0.917,0.957
SEIR01_sl250_mr025_nv10_12,0.778,0.651,0.709,0.939,0.721,0.816,0.792,0.884,0.835,0.825,0.767,0.795,1.0,0.837,0.911
SIR003_sl500_mr05_nv10_17,0.833,0.5,0.625,0.875,0.7,0.778,0.636,0.7,0.667,0.778,0.7,0.737,0.8,0.8,0.8
SIR01_sl250_mr15_nv10_7,0.8,0.488,0.606,0.824,0.341,0.483,0.617,0.707,0.659,0.706,0.585,0.64,0.875,0.512,0.646
SEIR015_sl1000_mr05_nv10_9,0.875,0.467,0.609,1.0,0.6,0.75,0.611,0.733,0.667,0.923,0.8,0.857,1.0,0.533,0.696
SIR003_sl250_mr05_nv10_15,1.0,0.5,0.667,1.0,0.25,0.4,0.875,0.875,0.875,0.875,0.875,0.875,0.75,0.75,0.75
SEIR01_sl1000_mr025_nv20_7,1.0,0.647,0.786,1.0,0.824,0.903,0.882,0.882,0.882,0.875,0.824,0.848,1.0,0.824,0.903
SEIR015_sl1000_mr025_nv5_4,0.714,0.3,0.423,1.0,0.7,0.824,0.642,0.68,0.66,0.698,0.6,0.645,1.0,0.58,0.734
SIR003_sl250_mr05_nv10_2,0.625,0.714,0.667,1.0,0.857,0.923,0.714,0.714,0.714,0.75,0.643,0.692,1.0,0.929,0.963
SEIR015_sl1000_mr0125_nv10_8,0.778,0.389,0.519,1.0,0.778,0.875,0.55,0.611,0.579,0.75,0.5,0.6,1.0,0.667,0.8
SIR003_sl1000_mr05_nv10_16,0.938,0.6,0.732,0.783,0.72,0.75,0.808,0.84,0.824,0.792,0.76,0.776,0.85,0.68,0.756
SEIR01_sl1000_mr025_nv10_12,1.0,0.625,0.769,0.833,0.625,0.714,0.75,0.75,0.75,0.714,0.625,0.667,0.714,0.625,0.667
SIR003_sl250_mr05_nv10_9,0.6,0.333,0.429,0.5,0.111,0.182,0.364,0.444,0.4,0.429,0.333,0.375,0.6,0.333,0.429
SIR01_sl1000_mr3_nv10_1,0.941,0.533,0.681,0.75,0.7,0.724,0.839,0.867,0.852,0.84,0.7,0.764,0.8,0.667,0.727
SIR003_sl1000_mr025_nv10_17,0.85,0.739,0.791,0.895,0.739,0.81,0.75,0.783,0.766,0.818,0.783,0.8,0.947,0.783,0.857
SEIR015_sl250_mr025_nv10_11,0.56,0.412,0.475,0.727,0.235,0.356,0.455,0.588,0.513,0.486,0.529,0.507,0.875,0.412,0.56
SIR003_sl1000_mr025_nv10_13,0.75,0.273,0.4,0.667,0.364,0.471,0.545,0.545,0.545,0.667,0.364,0.471,0.667,0.364,0.471
SEIR01_sl1000_mr025_nv20_18,0.92,0.885,0.902,0.957,0.846,0.898,0.885,0.885,0.885,0.885,0.885,0.885,0.885,0.885,0.885
SEIR015_sl500_mr025_nv10_6,0.789,0.789,0.789,1.0,0.526,0.69,0.75,0.789,0.769,0.75,0.789,0.769,1.0,0.895,0.944
SEIR015_sl1000_mr0125_nv10_2,0.9,0.562,0.692,0.917,0.688,0.786,0.588,0.625,0.606,0.833,0.625,0.714,0.923,0.75,0.828
SIR003_sl1000_mr05_nv20_9,0.862,0.625,0.725,0.811,0.75,0.779,0.725,0.725,0.725,0.763,0.725,0.744,0.829,0.725,0.773
SIR01_sl250_mr15_nv10_15,0.667,0.25,0.364,1.0,0.25,0.4,0.4,0.5,0.444,0.667,0.25,0.364,1.0,0.5,0.667
SEIR01_sl1000_mr025_nv20_14,0.846,0.846,0.846,0.9,0.692,0.783,0.846,0.846,0.846,0.846,0.846,0.846,0.923,0.923,0.923
SIR01_sl1000_mr15_nv20_9,0.941,0.615,0.744,0.864,0.731,0.792,0.667,0.692,0.679,0.895,0.654,0.756,0.842,0.615,0.711
SEIR01_sl1000_mr025_nv20_5,0.931,0.818,0.871,1.0,0.879,0.935,0.848,0.848,0.848,0.848,0.848,0.848,0.935,0.879,0.906
SEIR01_sl1000_mr0125_nv10_5,0.974,0.809,0.884,1.0,0.872,0.932,0.857,0.894,0.875,0.891,0.872,0.882,1.0,0.915,0.956
SEIR015_sl1000_mr0125_nv10_17,0.75,0.577,0.652,1.0,0.692,0.818,0.594,0.731,0.655,0.654,0.654,0.654,0.957,0.846,0.898
SEIR01_sl1000_mr025_nv10_18,0.875,0.778,0.824,0.875,0.778,0.824,0.889,0.889,0.889,0.875,0.778,0.824,0.778,0.778,0.778
SIR003_sl1000_mr1_nv10_7,1.0,0.625,0.769,0.75,0.75,0.75,0.625,0.625,0.625,0.833,0.625,0.714,1.0,0.75,0.857
SEIR01_sl1000_mr0125_nv10_11,1.0,0.769,0.87,1.0,0.923,0.96,0.923,0.923,0.923,0.923,0.923,0.923,0.917,0.846,0.88
SEIR015_sl1000_mr025_nv20_10,0.333,0.333,0.333,1.0,0.222,0.364,0.7,0.778,0.737,0.625,0.556,0.588,1.0,0.778,0.875
SEIR01_sl1000_mr05_nv10_1,0.857,0.462,0.6,0.909,0.769,0.833,0.692,0.692,0.692,0.818,0.692,0.75,0.909,0.769,0.833
SIR01_sl1000_mr15_nv20_4,0.973,0.522,0.679,0.82,0.725,0.769,0.754,0.754,0.754,0.862,0.725,0.787,0.922,0.681,0.783
SIR01_sl1000_mr15_nv5_2,0.867,0.371,0.52,0.786,0.629,0.698,0.657,0.657,0.657,0.741,0.571,0.645,0.95,0.543,0.691
SEIR01_sl1000_mr025_nv20_4,0.857,0.75,0.8,0.8,0.5,0.615,0.75,0.75,0.75,0.75,0.75,0.75,0.714,0.625,0.667
SEIR01_sl1000_mr05_nv10_9,0.944,0.654,0.773,1.0,0.923,0.96,0.923,0.923,0.923,0.923,0.923,0.923,0.957,0.846,0.898
SIR01_sl1000_mr15_nv20_6,1.0,0.625,0.769,1.0,0.75,0.857,0.875,0.875,0.875,0.875,0.875,0.875,0.875,0.875,0.875
SEIR01_sl1000_mr025_nv5_16,0.909,0.556,0.69,1.0,0.722,0.839,0.944,0.944,0.944,0.944,0.944,0.944,1.0,1.0,1.0
SIR003_sl1000_mr05_nv10_6,0.909,0.476,0.625,0.846,0.524,0.647,0.762,0.762,0.762,0.684,0.619,0.65,0.778,0.667,0.718
SIR01_sl1000_mr15_nv20_17,1.0,0.571,0.727,0.9,0.643,0.75,0.714,0.714,0.714,0.714,0.714,0.714,0.9,0.643,0.75
SIR003_sl1000_mr05_nv10_15,1.0,0.615,0.762,0.9,0.692,0.783,0.846,0.846,0.846,0.909,0.769,0.833,0.909,0.769,0.833
SEIR01_sl1000_mr05_nv10_8,0.875,0.875,0.875,0.875,0.875,0.875,0.875,0.875,0.875,0.875,0.875,0.875,0.875,0.875,0.875
SIR003_sl1000_mr05_nv10_1,0.818,0.529,0.643,1.0,0.647,0.786,0.588,0.588,0.588,0.625,0.588,0.606,1.0,0.706,0.828
SEIR015_sl1000_mr025_nv20_18,0.606,0.513,0.556,1.0,0.615,0.762,0.58,0.744,0.652,0.643,0.692,0.667,1.0,0.821,0.901
SEIR01_sl1000_mr05_nv10_5,0.875,0.778,0.824,0.941,0.889,0.914,0.889,0.889,0.889,0.889,0.889,0.889,0.889,0.889,0.889
SEIR015_sl1000_mr025_nv5_17,0.938,0.366,0.526,0.969,0.756,0.849,0.81,0.829,0.819,0.838,0.756,0.795,0.972,0.854,0.909
SEIR01_sl250_mr025_nv10_14,0.59,0.5,0.541,0.926,0.543,0.685,0.451,0.5,0.474,0.561,0.5,0.529,0.8,0.609,0.691
SIR003_sl500_mr05_nv10_4,0.933,0.538,0.683,0.882,0.577,0.698,0.667,0.692,0.679,0.789,0.577,0.667,0.882,0.577,0.698
SIR003_sl1000_mr025_nv10_9,0.933,0.5,0.651,0.714,0.536,0.612,0.679,0.679,0.679,0.773,0.607,0.68,0.842,0.571,0.681
SIR01_sl500_mr15_nv10_1,1.0,0.4,0.571,1.0,0.4,0.571,0.4,0.4,0.4,1.0,0.4,0.571,1.0,0.6,0.75
SEIR015_sl500_mr025_nv10_15,0.909,0.517,0.659,1.0,0.862,0.926,0.763,0.776,0.769,0.836,0.793,0.814,1.0,0.724,0.84
SIR003_sl1000_mr05_nv10_8,1.0,0.5,0.667,0.837,0.783,0.809,0.717,0.717,0.717,0.912,0.674,0.775,0.854,0.761,0.805
SIR003_sl1000_mr1_nv10_15,0.667,0.364,0.471,0.778,0.636,0.7,0.636,0.636,0.636,0.636,0.636,0.636,0.818,0.818,0.818
SEIR01_sl1000_mr025_nv10_5,0.943,0.75,0.835,0.925,0.841,0.881,0.844,0.864,0.854,0.9,0.818,0.857,0.946,0.795,0.864
SIR003_sl1000_mr05_nv20_11,1.0,0.4,0.571,1.0,0.4,0.571,0.4,0.4,0.4,1.0,0.4,0.571,1.0,0.4,0.571
SEIR01_sl1000_mr025_nv5_11,0.818,0.474,0.6,1.0,0.579,0.733,0.75,0.789,0.769,0.8,0.632,0.706,1.0,0.632,0.774
SIR01_sl250_mr15_nv10_18,0.5,0.4,0.444,0.7,0.35,0.467,0.5,0.65,0.565,0.545,0.6,0.571,0.75,0.45,0.563
SEIR01_sl1000_mr05_nv10_3,0.882,0.6,0.714,0.81,0.68,0.739,0.84,0.84,0.84,0.909,0.8,0.851,0.895,0.68,0.773
SIR01_sl1000_mr3_nv10_12,0.826,0.559,0.667,0.885,0.676,0.767,0.629,0.647,0.638,0.786,0.647,0.71,0.893,0.735,0.806
SIR01_sl1000_mr075_nv10_12,0.95,0.633,0.76,1.0,0.6,0.75,0.833,0.833,0.833,0.926,0.833,0.877,0.962,0.833,0.893
SEIR01_sl500_mr025_nv10_11,0.786,0.647,0.71,0.917,0.647,0.759,0.737,0.824,0.778,0.737,0.824,0.778,0.833,0.882,0.857
SIR003_sl250_mr05_nv10_18,0.765,0.481,0.591,0.875,0.259,0.4,0.63,0.63,0.63,0.739,0.63,0.68,0.765,0.481,0.591
SIR003_sl1000_mr05_nv10_12,0.974,0.673,0.796,0.824,0.764,0.792,0.782,0.782,0.782,0.857,0.764,0.808,0.93,0.727,0.816
SIR003_sl1000_mr05_nv5_15,1.0,0.435,0.607,0.83,0.629,0.716,0.774,0.774,0.774,0.833,0.726,0.776,0.83,0.629,0.716
SIR003_sl1000_mr025_nv10_16,0.875,0.412,0.56,0.769,0.588,0.667,0.647,0.647,0.647,0.786,0.647,0.71,0.909,0.588,0.714
SEIR01_sl1000_mr0125_nv10_20,0.913,0.84,0.875,0.952,0.8,0.87,0.846,0.88,0.863,0.957,0.88,0.917,0.958,0.92,0.939
SIR01_sl500_mr15_nv10_10,0.571,0.308,0.4,0.75,0.462,0.571,0.538,0.538,0.538,0.538,0.538,0.538,0.75,0.462,0.571
SIR003_sl250_mr05_nv10_7,0.6,0.391,0.474,0.8,0.435,0.563,0.444,0.522,0.48,0.49,0.522,0.505,0.786,0.478,0.595
SEIR01_sl1000_mr025_nv5_17,0.8,0.364,0.5,0.889,0.727,0.8,0.818,0.818,0.818,0.818,0.818,0.818,0.909,0.909,0.909
SEIR01_sl500_mr025_nv10_17,0.667,0.333,0.444,0.667,0.333,0.444,0.286,0.333,0.308,0.333,0.333,0.333,0.5,0.333,0.4
SIR003_sl1000_mr05_nv10_10,1.0,0.769,0.87,1.0,0.769,0.87,0.846,0.846,0.846,0.846,0.846,0.846,0.917,0.846,0.88
SIR003_sl1000_mr05_nv5_3,1.0,0.375,0.545,0.833,0.625,0.714,0.625,0.625,0.625,0.75,0.75,0.75,0.833,0.625,0.714
SEIR015_sl1000_mr025_nv10_5,0.958,0.479,0.639,1.0,0.917,0.957,0.854,0.854,0.854,0.875,0.729,0.795,0.974,0.771,0.86
SEIR01_sl1000_mr025_nv10_19,0.923,0.61,0.735,0.945,0.881,0.912,0.836,0.864,0.85,0.855,0.797,0.825,0.94,0.797,0.862
SEIR01_sl1000_mr025_nv10_3,0.917,0.673,0.776,0.933,0.857,0.894,0.82,0.837,0.828,0.83,0.796,0.812,0.955,0.857,0.903
SIR003_sl1000_mr025_nv10_15,0.846,0.458,0.595,0.933,0.583,0.718,0.708,0.708,0.708,0.7,0.583,0.636,0.875,0.583,0.7
SIR003_sl1000_mr05_nv20_7,0.778,0.583,0.667,0.8,0.667,0.727,0.769,0.833,0.8,0.7,0.583,0.636,0.818,0.75,0.783
SEIR015_sl1000_mr025_nv20_20,0.643,0.474,0.545,0.846,0.579,0.688,0.684,0.684,0.684,0.706,0.632,0.667,0.824,0.737,0.778
SEIR01_sl1000_mr05_nv10_4,0.778,0.636,0.7,1.0,0.636,0.778,0.667,0.727,0.696,0.667,0.727,0.696,0.8,0.727,0.762
SEIR015_sl1000_mr025_nv10_14,0.818,0.36,0.5,0.85,0.68,0.756,0.655,0.76,0.704,0.69,0.8,0.741,0.905,0.76,0.826
SEIR015_sl1000_mr025_nv20_8,0.672,0.612,0.641,1.0,0.731,0.845,0.605,0.776,0.68,0.778,0.731,0.754,1.0,0.716,0.835
SEIR015_sl1000_mr0125_nv10_5,0.688,0.216,0.328,0.979,0.922,0.949,0.627,0.627,0.627,0.778,0.412,0.538,0.895,0.333,0.486
SEIR015_sl500_mr025_nv10_4,0.423,0.268,0.328,0.952,0.488,0.645,0.396,0.512,0.447,0.415,0.415,0.415,0.941,0.78,0.853
SIR01_sl1000_mr15_nv5_18,1.0,0.444,0.615,0.714,0.556,0.625,0.667,0.667,0.667,1.0,0.667,0.8,0.875,0.778,0.824
SEIR015_sl1000_mr05_nv10_20,0.263,0.122,0.167,1.0,0.561,0.719,0.353,0.439,0.391,0.316,0.293,0.304,1.0,0.268,0.423
SIR003_sl1000_mr05_nv10_20,1.0,0.222,0.364,0.375,0.333,0.353,0.444,0.444,0.444,0.667,0.222,0.333,0.8,0.444,0.571
SEIR01_sl1000_mr025_nv5_4,0.897,0.52,0.658,0.8,0.72,0.758,0.76,0.76,0.76,0.833,0.7,0.761,0.9,0.72,0.8
SIR003_sl1000_mr1_nv10_14,0.952,0.556,0.702,0.818,0.75,0.783,0.75,0.75,0.75,0.806,0.694,0.746,0.897,0.722,0.8
SEIR015_sl1000_mr025_nv5_19,0.556,0.455,0.5,1.0,0.182,0.308,0.389,0.636,0.483,0.5,0.545,0.522,1.0,0.273,0.429
SEIR01_sl1000_mr025_nv5_19,0.976,0.69,0.808,0.909,0.862,0.885,0.931,0.931,0.931,0.946,0.914,0.93,0.98,0.862,0.917
SEIR015_sl500_mr025_nv10_5,1.0,0.571,0.727,1.0,0.786,0.88,0.933,1.0,0.966,0.933,1.0,0.966,0.933,1.0,0.966
SEIR015_sl1000_mr05_nv10_8,0.846,0.611,0.71,1.0,0.861,0.925,0.725,0.806,0.763,0.743,0.722,0.732,1.0,0.833,0.909
SIR003_sl1000_mr1_nv10_19,1.0,0.484,0.653,0.722,0.609,0.661,0.656,0.656,0.656,0.771,0.578,0.661,0.792,0.594,0.679
SIR003_sl1000_mr05_nv20_8,0.875,0.519,0.651,0.739,0.63,0.68,0.63,0.63,0.63,0.708,0.63,0.667,0.739,0.63,0.68
SEIR01_sl500_mr025_nv10_13,0.833,0.5,0.625,1.0,0.7,0.824,0.636,0.7,0.667,0.7,0.7,0.7,1.0,0.8,0.889
SEIR01_sl1000_mr0125_nv10_19,0.952,0.667,0.784,1.0,0.767,0.868,0.833,0.833,0.833,0.893,0.833,0.862,0.964,0.9,0.931
SIR003_sl500_mr05_nv10_20,1.0,0.375,0.545,0.667,0.5,0.571,0.625,0.625,0.625,0.667,0.5,0.571,0.625,0.625,0.625
SIR003_sl1000_mr05_nv10_19,0.833,0.676,0.746,0.967,0.784,0.866,0.763,0.784,0.773,0.743,0.703,0.722,0.97,0.865,0.914
SIR003_sl500_mr05_nv10_13,0.931,0.562,0.701,0.825,0.688,0.75,0.708,0.708,0.708,0.879,0.604,0.716,0.842,0.667,0.744
SIR01_sl1000_mr15_nv20_10,1.0,0.615,0.762,0.8,0.615,0.696,0.769,0.769,0.769,0.769,0.769,0.769,1.0,0.692,0.818
SEIR015_sl1000_mr025_nv5_12,1.0,0.182,0.308,0.778,0.636,0.7,0.636,0.636,0.636,0.429,0.273,0.333,1.0,0.364,0.533
SIR003_sl1000_mr05_nv20_16,0.931,0.628,0.75,0.882,0.698,0.779,0.705,0.721,0.713,0.811,0.698,0.75,0.909,0.698,0.789
SEIR01_sl1000_mr025_nv20_19,0.941,0.906,0.923,0.942,0.925,0.933,0.943,0.943,0.943,0.943,0.943,0.943,0.943,0.943,0.943
SIR01_sl250_mr15_nv10_12,0.571,0.421,0.485,0.857,0.632,0.727,0.542,0.684,0.605,0.579,0.579,0.579,0.857,0.632,0.727
SIR01_sl1000_mr15_nv20_1,0.889,0.5,0.64,0.862,0.781,0.82,0.719,0.719,0.719,0.917,0.688,0.786,0.88,0.688,0.772
SEIR015_sl1000_mr025_nv5_10,0.708,0.472,0.567,1.0,0.417,0.588,0.744,0.806,0.773,0.774,0.667,0.716,1.0,0.444,0.615
SEIR01_sl250_mr025_nv10_10,0.688,0.647,0.667,1.0,0.471,0.64,0.737,0.824,0.778,0.737,0.824,0.778,0.846,0.647,0.733
SEIR01_sl1000_mr025_nv20_2,0.933,0.667,0.778,0.927,0.905,0.916,0.884,0.905,0.894,0.905,0.905,0.905,0.927,0.905,0.916
SIR01_sl1000_mr15_nv10_3,0.93,0.678,0.784,0.922,0.797,0.855,0.738,0.763,0.75,0.882,0.763,0.818,0.922,0.797,0.855
SEIR01_sl1000_mr025_nv10_2,0.889,0.727,0.8,0.909,0.909,0.909,0.833,0.909,0.87,0.875,0.955,0.913,0.909,0.909,0.909
SEIR01_sl1000_mr025_nv10_10,0.7,0.778,0.737,0.875,0.778,0.824,0.778,0.778,0.778,0.778,0.778,0.778,0.8,0.889,0.842
SIR01_sl1000_mr15_nv20_14,0.5,0.4,0.444,0.5,0.4,0.444,0.4,0.4,0.4,0.4,0.4,0.4,0.5,0.4,0.444
SIR01_sl1000_mr15_nv5_3,0.5,0.111,0.182,0.6,0.333,0.429,0.444,0.444,0.444,0.667,0.444,0.533,0.5,0.444,0.471
SEIR015_sl1000_mr025_nv20_13,0.6,0.667,0.632,0.833,0.556,0.667,0.538,0.778,0.636,0.538,0.778,0.636,0.889,0.889,0.889
SIR003_sl500_mr05_nv10_2,0.958,0.676,0.793,0.926,0.735,0.82,0.794,0.794,0.794,0.812,0.765,0.788,0.926,0.735,0.82
SIR003_sl500_mr05_nv10_19,0.756,0.517,0.614,0.86,0.717,0.782,0.633,0.633,0.633,0.654,0.567,0.607,0.894,0.7,0.785
SIR003_sl1000_mr05_nv5_1,0.938,0.429,0.588,0.733,0.629,0.677,0.667,0.686,0.676,0.774,0.686,0.727,0.852,0.657,0.742
SIR01_sl500_mr15_nv10_16,1.0,0.6,0.75,1.0,0.7,0.824,0.8,0.8,0.8,0.8,0.8,0.8,0.8,0.8,0.8
SEIR01_sl1000_mr05_nv10_2,0.875,0.875,0.875,0.857,0.75,0.8,0.889,1.0,0.941,0.889,1.0,0.941,0.875,0.875,0.875
SIR01_sl1000_mr3_nv10_11,0.962,0.439,0.602,0.86,0.649,0.74,0.684,0.684,0.684,0.947,0.632,0.758,0.95,0.667,0.784
SIR01_sl1000_mr15_nv5_4,1.0,0.28,0.438,0.867,0.52,0.65,0.32,0.32,0.32,0.647,0.44,0.524,0.933,0.56,0.7
SIR003_sl1000_mr05_nv20_14,1.0,0.9,0.947,1.0,0.9,0.947,1.0,1.0,1.0,1.0,0.9,0.947,1.0,0.9,0.947
SIR01_sl250_mr15_nv10_4,0.545,0.5,0.522,0.667,0.333,0.444,0.538,0.583,0.56,0.5,0.5,0.5,0.667,0.5,0.571
SEIR015_sl250_mr025_nv10_8,0.8,0.444,0.571,1.0,0.667,0.8,0.724,0.778,0.75,0.76,0.704,0.731,1.0,0.741,0.851
SIR003_sl1000_mr025_nv10_14,1.0,0.467,0.636,0.909,0.667,0.769,0.867,0.867,0.867,0.923,0.8,0.857,0.923,0.8,0.857
SEIR015_sl500_mr025_nv10_16,0.556,0.417,0.476,1.0,0.417,0.588,0.625,0.833,0.714,0.714,0.833,0.769,1.0,0.75,0.857
SEIR01_sl1000_mr025_nv5_12,0.75,0.316,0.444,0.846,0.579,0.688,0.789,0.789,0.789,0.75,0.632,0.686,0.857,0.632,0.727
SIR01_sl1000_mr3_nv10_7,1.0,0.435,0.606,0.722,0.565,0.634,0.652,0.652,0.652,0.727,0.696,0.711,0.923,0.522,0.667
SEIR015_sl1000_mr025_nv5_1,1.0,0.071,0.133,1.0,0.429,0.6,0.571,0.571,0.571,0.875,0.5,0.636,1.0,0.571,0.727
SEIR015_sl500_mr025_nv10_18,0.75,0.231,0.353,1.0,0.885,0.939,0.63,0.654,0.642,0.706,0.462,0.558,0.947,0.692,0.8
SEIR01_sl500_mr025_nv10_12,0.927,0.745,0.826,0.936,0.863,0.898,0.923,0.941,0.932,0.935,0.843,0.887,0.939,0.902,0.92
SEIR015_sl500_mr025_nv10_20,0.791,0.531,0.636,1.0,0.766,0.867,0.718,0.797,0.756,0.796,0.672,0.729,1.0,0.703,0.826
SEIR015_sl500_mr025_nv10_11,0.25,0.125,0.167,0,0,0,0.455,0.625,0.526,0.4,0.5,0.444,1.0,0.5,0.667
SEIR01_sl250_mr025_nv10_11,0.667,0.5,0.571,0.857,0.375,0.522,0.65,0.812,0.722,0.765,0.812,0.788,0.846,0.688,0.759
SIR01_sl1000_mr15_nv5_9,0.95,0.404,0.567,0.8,0.596,0.683,0.617,0.617,0.617,0.806,0.532,0.641,0.867,0.553,0.675
SIR003_sl250_mr05_nv10_5,0.737,0.636,0.683,0.923,0.545,0.686,0.773,0.773,0.773,0.696,0.727,0.711,0.875,0.636,0.737
SIR01_sl500_mr15_nv10_6,0.96,0.828,0.889,1.0,0.655,0.792,0.903,0.966,0.933,0.933,0.966,0.949,1.0,0.759,0.863
SEIR015_sl500_mr025_nv10_17,0.769,0.714,0.741,1.0,0.5,0.667,0.632,0.857,0.727,0.667,0.857,0.75,1.0,0.643,0.783
SEIR015_sl1000_mr025_nv5_9,0.565,0.325,0.413,0.947,0.45,0.61,0.568,0.625,0.595,0.7,0.525,0.6,0.947,0.45,0.61
SEIR01_sl1000_mr025_nv20_12,0.933,0.778,0.848,1.0,0.833,0.909,0.889,0.889,0.889,0.941,0.889,0.914,1.0,0.889,0.941
SIR003_sl1000_mr1_nv10_5,1.0,0.556,0.714,1.0,0.444,0.615,0.556,0.556,0.556,1.0,0.556,0.714,1.0,0.444,0.615
SEIR01_sl1000_mr05_nv10_11,0.815,0.688,0.746,0.926,0.781,0.847,0.714,0.781,0.746,0.758,0.781,0.769,0.933,0.875,0.903
