dataset,phy_tp,phy_fp,phy_fn,tnet_tp,tnet_fp,tnet_fn,tnet_50_tp,tnet_50_fp,tnet_50_fn,tnet_80_tp,tnet_80_fp,tnet_80_fn,tnet_100_tp,tnet_100_fp,tnet_100_fn
SEIR015_sl1000_mr0125_nv10_1,31,0,42,54,20,19,60,13,13,50,8,23,47,4,26
SEIR015_sl1000_mr0125_nv10_10,12,0,7,15,4,4,16,3,3,16,1,3,15,1,4
SEIR015_sl1000_mr0125_nv10_11,4,0,9,10,3,3,12,1,1,9,0,4,9,0,4
SEIR015_sl1000_mr0125_nv10_12,9,0,5,10,4,4,13,1,1,10,0,4,10,0,4
SEIR015_sl1000_mr0125_nv10_13,27,0,23,43,7,7,47,3,3,38,0,12,36,0,14
SEIR015_sl1000_mr0125_nv10_14,37,0,15,47,5,5,48,3,4,47,0,5,45,0,7
SEIR015_sl1000_mr0125_nv10_15,13,0,32,36,9,9,37,4,8,28,1,17,26,0,19
SEIR015_sl1000_mr0125_nv10_16,46,0,17,57,6,6,57,6,6,56,4,7,56,2,7
SEIR015_sl1000_mr0125_nv10_17,18,0,8,26,0,0,25,1,1,25,0,1,25,0,1
SEIR015_sl1000_mr0125_nv10_18,6,0,4,9,1,1,9,1,1,8,0,2,8,0,2
SEIR015_sl1000_mr0125_nv10_19,19,0,12,29,2,2,26,1,5,23,0,8,21,0,10
SEIR015_sl1000_mr0125_nv10_2,9,0,7,14,2,2,16,0,0,14,0,2,14,0,2
SEIR015_sl1000_mr0125_nv10_20,30,0,11,41,0,0,41,0,0,41,0,0,41,0,0
SEIR015_sl1000_mr0125_nv10_3,6,0,3,9,0,0,9,0,0,9,0,0,9,0,0
SEIR015_sl1000_mr0125_nv10_4,7,0,3,9,1,1,8,2,2,8,1,2,8,1,2
SEIR015_sl1000_mr0125_nv10_5,12,0,39,34,17,17,28,11,23,16,3,35,16,3,35
SEIR015_sl1000_mr0125_nv10_6,13,0,22,23,12,12,27,7,8,25,4,10,24,3,11
SEIR015_sl1000_mr0125_nv10_7,42,0,26,63,5,5,66,0,2,64,0,4,59,0,9
SEIR015_sl1000_mr0125_nv10_8,9,0,9,18,0,0,18,0,0,18,0,0,15,0,3
SEIR015_sl1000_mr0125_nv10_9,6,0,15,18,3,3,16,4,5,13,1,8,13,0,8
SEIR015_sl1000_mr025_nv10_1,6,0,4,7,3,3,10,0,0,9,0,1,9,0,1
SEIR015_sl1000_mr025_nv10_10,2,0,9,11,0,0,11,0,0,8,0,3,8,0,3
SEIR015_sl1000_mr025_nv10_11,22,0,34,47,9,9,52,1,4,45,0,11,42,0,14
SEIR015_sl1000_mr025_nv10_12,5,0,5,8,2,2,8,1,2,7,0,3,7,0,3
SEIR015_sl1000_mr025_nv10_13,3,0,7,5,5,5,8,1,2,5,1,5,5,0,5
SEIR015_sl1000_mr025_nv10_14,14,0,11,24,1,1,24,0,1,23,0,2,21,0,4
SEIR015_sl1000_mr025_nv10_15,24,0,34,48,10,10,55,2,3,46,1,12,42,1,16
SEIR015_sl1000_mr025_nv10_16,9,0,5,12,2,2,12,1,2,12,0,2,12,0,2
SEIR015_sl1000_mr025_nv10_17,19,0,19,33,5,5,37,1,1,31,1,7,26,1,12
SEIR015_sl1000_mr025_nv10_18,22,0,15,32,5,5,32,3,5,30,2,7,30,1,7
SEIR015_sl1000_mr025_nv10_19,10,0,9,18,1,1,18,1,1,18,0,1,14,0,5
SEIR015_sl1000_mr025_nv10_2,21,0,35,52,5,4,50,5,6,43,4,13,39,4,17
SEIR015_sl1000_mr025_nv10_20,5,0,3,8,0,0,8,0,0,8,0,0,8,0,0
SEIR015_sl1000_mr025_nv10_3,34,0,12,45,1,1,45,1,1,42,1,4,41,1,5
SEIR015_sl1000_mr025_nv10_4,23,0,21,40,4,4,40,2,4,36,0,8,31,0,13
SEIR015_sl1000_mr025_nv10_5,26,0,22,46,2,2,46,2,2,43,1,5,39,1,9
SEIR015_sl1000_mr025_nv10_6,22,0,24,43,3,3,44,2,2,40,1,6,40,1,6
SEIR015_sl1000_mr025_nv10_7,7,0,2,9,0,0,9,0,0,9,0,0,9,0,0
SEIR015_sl1000_mr025_nv10_8,14,0,6,17,3,3,17,0,3,16,0,4,16,0,4
SEIR015_sl1000_mr025_nv10_9,31,0,25,55,1,1,51,4,5,47,0,9,47,0,9
SEIR015_sl1000_mr025_nv20_1,8,0,7,12,3,3,13,0,2,12,0,3,12,0,3
SEIR015_sl1000_mr025_nv20_10,5,0,4,9,0,0,9,0,0,9,0,0,9,0,0
SEIR015_sl1000_mr025_nv20_11,7,0,6,12,1,1,13,0,0,12,0,1,10,0,3
SEIR015_sl1000_mr025_nv20_12,10,0,10,15,5,5,15,3,5,15,0,5,14,0,6
SEIR015_sl1000_mr025_nv20_13,7,0,2,9,0,0,9,0,0,9,0,0,9,0,0
SEIR015_sl1000_mr025_nv20_14,7,0,15,22,0,0,21,1,1,19,0,3,17,0,5
SEIR015_sl1000_mr025_nv20_15,14,0,10,23,1,1,21,3,3,20,1,4,20,1,4
SEIR015_sl1000_mr025_nv20_16,22,0,8,30,0,0,30,0,0,29,0,1,29,0,1
SEIR015_sl1000_mr025_nv20_17,29,0,27,49,7,7,50,3,6,47,0,9,44,0,12
SEIR015_sl1000_mr025_nv20_18,21,0,18,33,6,6,35,2,4,34,0,5,32,0,7
SEIR015_sl1000_mr025_nv20_19,8,0,3,11,0,0,10,1,1,10,1,1,10,0,1
SEIR015_sl1000_mr025_nv20_2,20,0,5,25,0,0,24,1,1,24,0,1,24,0,1
SEIR015_sl1000_mr025_nv20_20,9,0,10,14,5,5,13,3,6,12,1,7,12,1,7
SEIR015_sl1000_mr025_nv20_3,38,0,28,53,13,13,56,3,10,48,1,18,48,0,18
SEIR015_sl1000_mr025_nv20_4,14,0,19,26,7,7,31,1,2,25,0,8,18,0,15
SEIR015_sl1000_mr025_nv20_5,14,0,25,37,2,2,38,1,1,34,0,5,30,0,9
SEIR015_sl1000_mr025_nv20_6,27,0,11,38,0,0,38,0,0,34,0,4,34,0,4
SEIR015_sl1000_mr025_nv20_7,25,0,11,34,2,2,34,2,2,34,2,2,32,0,4
SEIR015_sl1000_mr025_nv20_8,41,0,26,47,20,20,54,1,13,48,0,19,45,0,22
SEIR015_sl1000_mr025_nv20_9,6,0,12,14,4,4,17,0,1,12,0,6,10,0,8
SEIR015_sl1000_mr025_nv5_1,3,0,11,11,3,3,13,1,1,9,1,5,8,1,6
SEIR015_sl1000_mr025_nv5_10,20,0,16,31,5,5,34,2,2,31,1,5,28,1,8
SEIR015_sl1000_mr025_nv5_11,16,0,31,38,9,9,39,5,8,33,1,14,30,1,17
SEIR015_sl1000_mr025_nv5_12,3,0,8,9,2,2,9,2,2,3,0,8,3,0,8
SEIR015_sl1000_mr025_nv5_13,18,0,13,27,4,4,27,3,4,25,1,6,25,1,6
SEIR015_sl1000_mr025_nv5_14,9,0,6,11,4,4,11,2,4,10,1,5,10,1,5
SEIR015_sl1000_mr025_nv5_15,26,0,39,54,11,11,52,7,13,48,1,17,46,0,19
SEIR015_sl1000_mr025_nv5_16,9,0,17,20,6,6,25,0,1,18,0,8,18,0,8
SEIR015_sl1000_mr025_nv5_17,17,0,24,32,9,9,37,4,4,35,4,6,32,4,9
SEIR015_sl1000_mr025_nv5_18,20,0,35,42,13,13,41,8,14,35,4,20,34,1,21
SEIR015_sl1000_mr025_nv5_19,5,0,6,8,3,3,6,2,5,5,1,6,5,1,6
SEIR015_sl1000_mr025_nv5_2,2,0,7,5,4,4,7,0,2,4,0,5,4,0,5
SEIR015_sl1000_mr025_nv5_20,16,0,25,36,5,5,33,7,8,25,1,16,25,1,16
SEIR015_sl1000_mr025_nv5_3,8,0,19,18,9,9,18,4,9,15,0,12,15,0,12
SEIR015_sl1000_mr025_nv5_4,16,0,34,43,7,7,43,4,7,40,1,10,36,1,14
SEIR015_sl1000_mr025_nv5_5,4,0,17,14,7,7,16,4,5,14,1,7,11,1,10
SEIR015_sl1000_mr025_nv5_6,14,0,48,38,26,24,38,18,24,34,7,28,32,2,30
SEIR015_sl1000_mr025_nv5_7,7,0,19,21,5,5,25,1,1,21,0,5,19,0,7
SEIR015_sl1000_mr025_nv5_8,9,0,14,17,6,6,19,4,4,16,1,7,16,1,7
SEIR015_sl1000_mr025_nv5_9,17,0,23,30,10,10,27,9,13,24,0,16,24,0,16
SEIR015_sl1000_mr05_nv10_1,9,0,8,16,1,1,14,2,3,11,0,6,11,0,6
SEIR015_sl1000_mr05_nv10_10,7,0,2,9,0,0,9,0,0,9,0,0,9,0,0
SEIR015_sl1000_mr05_nv10_11,2,0,6,6,2,2,6,2,2,5,1,3,5,1,3
SEIR015_sl1000_mr05_nv10_12,5,0,3,8,0,0,8,0,0,8,0,0,8,0,0
SEIR015_sl1000_mr05_nv10_13,39,0,22,58,3,3,58,3,3,50,0,11,48,0,13
SEIR015_sl1000_mr05_nv10_14,20,0,26,44,2,2,46,0,0,37,0,9,32,0,14
SEIR015_sl1000_mr05_nv10_15,3,0,8,10,1,1,11,0,0,8,0,3,8,0,3
SEIR015_sl1000_mr05_nv10_16,28,0,13,38,3,3,41,0,0,40,0,1,38,0,3
SEIR015_sl1000_mr05_nv10_17,37,0,32,60,9,9,63,6,6,54,1,15,51,0,18
SEIR015_sl1000_mr05_nv10_18,23,0,18,34,7,7,36,3,5,34,1,7,31,0,10
SEIR015_sl1000_mr05_nv10_19,20,0,12,31,1,1,31,1,1,30,0,2,30,0,2
SEIR015_sl1000_mr05_nv10_2,11,0,31,34,8,8,33,8,9,24,2,18,24,2,18
SEIR015_sl1000_mr05_nv10_20,8,0,33,18,23,23,26,15,15,19,12,22,14,8,27
SEIR015_sl1000_mr05_nv10_3,43,0,13,48,8,8,49,2,7,48,1,8,48,1,8
SEIR015_sl1000_mr05_nv10_4,14,0,18,26,6,6,26,3,6,24,1,8,21,1,11
SEIR015_sl1000_mr05_nv10_5,7,0,4,11,0,0,10,1,1,8,0,3,8,0,3
SEIR015_sl1000_mr05_nv10_6,14,0,16,29,1,1,24,5,6,22,0,8,19,0,11
SEIR015_sl1000_mr05_nv10_7,11,0,2,12,1,1,12,1,1,11,0,2,11,0,2
SEIR015_sl1000_mr05_nv10_8,22,0,14,34,2,2,31,3,5,29,1,7,29,1,7
SEIR015_sl1000_mr05_nv10_9,7,0,8,12,3,3,12,4,3,11,0,4,11,0,4
SEIR015_sl250_mr025_nv10_1,14,0,3,17,0,0,16,1,1,16,0,1,16,0,1
SEIR015_sl250_mr025_nv10_10,37,0,22,57,2,2,54,3,5,51,1,8,51,1,8
SEIR015_sl250_mr025_nv10_11,11,0,23,24,10,10,25,7,9,19,4,15,19,2,15
SEIR015_sl250_mr025_nv10_12,25,0,18,41,2,2,41,1,2,38,0,5,38,0,5
SEIR015_sl250_mr025_nv10_13,10,0,6,11,5,5,10,4,6,10,0,6,10,0,6
SEIR015_sl250_mr025_nv10_14,20,0,5,24,1,1,25,0,0,23,0,2,23,0,2
SEIR015_sl250_mr025_nv10_15,35,0,14,49,0,0,49,0,0,48,0,1,46,0,3
SEIR015_sl250_mr025_nv10_16,15,0,12,20,7,7,22,4,5,20,2,7,20,1,7
SEIR015_sl250_mr025_nv10_17,6,0,6,9,3,3,10,2,2,9,2,3,9,2,3
SEIR015_sl250_mr025_nv10_18,6,0,5,7,4,4,7,0,4,6,0,5,6,0,5
SEIR015_sl250_mr025_nv10_19,12,0,25,30,7,7,30,2,7,27,1,10,26,1,11
SEIR015_sl250_mr025_nv10_2,14,0,8,20,2,2,19,2,3,18,2,4,18,2,4
SEIR015_sl250_mr025_nv10_20,26,0,7,28,5,5,29,1,4,29,0,4,28,0,5
SEIR015_sl250_mr025_nv10_3,9,0,6,14,1,1,13,1,2,13,0,2,13,0,2
SEIR015_sl250_mr025_nv10_4,9,0,16,24,1,1,20,5,5,19,2,6,19,1,6
SEIR015_sl250_mr025_nv10_5,5,0,3,6,2,2,6,0,2,5,0,3,5,0,3
SEIR015_sl250_mr025_nv10_6,16,0,19,29,6,6,33,2,2,30,2,5,28,0,7
SEIR015_sl250_mr025_nv10_7,5,0,3,5,3,3,6,1,2,5,1,3,5,0,3
SEIR015_sl250_mr025_nv10_8,14,0,13,26,1,1,25,2,2,24,0,3,24,0,3
SEIR015_sl250_mr025_nv10_9,6,0,9,12,3,3,10,4,5,7,0,8,7,0,8
SEIR015_sl500_mr025_nv10_1,6,0,4,9,1,1,9,1,1,8,0,2,8,0,2
SEIR015_sl500_mr025_nv10_10,26,0,17,40,3,3,41,1,2,40,1,3,35,0,8
SEIR015_sl500_mr025_nv10_11,7,0,1,7,1,1,7,1,1,7,0,1,7,0,1
SEIR015_sl500_mr025_nv10_12,26,0,27,45,8,8,47,2,6,44,0,9,37,0,16
SEIR015_sl500_mr025_nv10_13,17,0,11,26,2,2,25,1,3,25,0,3,23,0,5
SEIR015_sl500_mr025_nv10_14,6,0,3,9,0,0,9,0,0,8,0,1,8,0,1
SEIR015_sl500_mr025_nv10_15,34,0,24,56,2,2,57,0,1,50,0,8,46,0,12
SEIR015_sl500_mr025_nv10_16,5,0,7,9,3,3,9,3,3,9,1,3,9,1,3
SEIR015_sl500_mr025_nv10_17,11,0,3,11,3,3,11,2,3,11,0,3,11,0,3
SEIR015_sl500_mr025_nv10_18,8,0,18,22,4,4,22,3,4,17,0,9,15,0,11
SEIR015_sl500_mr025_nv10_19,9,0,1,10,0,0,10,0,0,9,0,1,9,0,1
SEIR015_sl500_mr025_nv10_2,3,0,5,7,1,1,7,1,1,7,1,1,7,1,1
SEIR015_sl500_mr025_nv10_20,42,0,22,61,3,3,63,1,1,58,0,6,54,0,10
SEIR015_sl500_mr025_nv10_3,14,0,23,29,8,8,29,8,8,27,3,10,22,1,15
SEIR015_sl500_mr025_nv10_4,23,0,18,36,5,5,33,4,8,31,1,10,30,1,11
SEIR015_sl500_mr025_nv10_5,11,0,3,14,0,0,14,0,0,13,0,1,13,0,1
SEIR015_sl500_mr025_nv10_6,16,0,3,18,1,1,18,1,1,18,1,1,18,0,1
SEIR015_sl500_mr025_nv10_7,25,0,37,45,17,17,50,9,12,39,4,23,38,2,24
SEIR015_sl500_mr025_nv10_8,36,0,31,64,3,3,65,2,2,61,2,6,59,2,8
SEIR015_sl500_mr025_nv10_9,7,0,4,11,0,0,10,1,1,9,0,2,9,0,2
SEIR01_sl1000_mr0125_nv10_1,11,0,7,17,1,1,16,1,2,15,0,3,15,0,3
SEIR01_sl1000_mr0125_nv10_10,34,0,20,48,6,6,51,3,3,44,1,10,44,1,10
SEIR01_sl1000_mr0125_nv10_11,8,0,5,11,2,2,11,2,2,11,0,2,11,0,2
SEIR01_sl1000_mr0125_nv10_12,2,0,3,5,0,0,3,0,2,2,0,3,2,0,3
SEIR01_sl1000_mr0125_nv10_13,9,0,1,10,0,0,10,0,0,10,0,0,10,0,0
SEIR01_sl1000_mr0125_nv10_14,25,0,5,28,2,2,28,2,2,28,1,2,28,1,2
SEIR01_sl1000_mr0125_nv10_15,14,0,10,21,3,3,21,2,3,21,0,3,19,0,5
SEIR01_sl1000_mr0125_nv10_16,3,0,4,6,1,1,5,1,2,5,0,2,5,0,2
SEIR01_sl1000_mr0125_nv10_17,11,0,1,12,0,0,11,1,1,11,0,1,11,0,1
SEIR01_sl1000_mr0125_nv10_18,34,0,11,42,3,3,41,2,4,40,0,5,40,0,5
SEIR01_sl1000_mr0125_nv10_19,21,0,9,28,2,2,28,2,2,27,2,3,27,2,3
SEIR01_sl1000_mr0125_nv10_2,19,0,7,22,4,4,24,4,2,22,1,4,22,0,4
SEIR01_sl1000_mr0125_nv10_20,24,0,1,24,1,1,24,1,1,24,0,1,24,0,1
SEIR01_sl1000_mr0125_nv10_3,26,0,12,37,1,1,37,1,1,33,0,5,31,0,7
SEIR01_sl1000_mr0125_nv10_4,17,0,7,20,4,4,21,3,3,21,3,3,19,1,5
SEIR01_sl1000_mr0125_nv10_5,37,0,10,47,0,0,47,0,0,47,0,0,47,0,0
SEIR01_sl1000_mr0125_nv10_6,28,0,20,40,8,8,41,7,7,39,4,9,37,1,11
SEIR01_sl1000_mr0125_nv10_7,28,0,11,38,1,1,37,1,2,37,0,2,36,0,3
SEIR01_sl1000_mr0125_nv10_8,3,0,3,6,0,0,6,0,0,6,0,0,6,0,0
SEIR01_sl1000_mr0125_nv10_9,33,0,14,47,0,0,45,1,2,45,0,2,45,0,2
SEIR01_sl1000_mr025_nv10_1,17,0,11,28,0,0,28,0,0,28,0,0,28,0,0
SEIR01_sl1000_mr025_nv10_10,7,0,2,9,0,0,9,0,0,9,0,0,9,0,0
SEIR01_sl1000_mr025_nv10_11,24,0,11,30,5,5,30,5,5,29,3,6,29,1,6
SEIR01_sl1000_mr025_nv10_12,6,0,2,7,1,1,7,1,1,6,1,2,6,1,2
SEIR01_sl1000_mr025_nv10_13,5,0,15,17,3,3,17,3,3,16,1,4,16,0,4
SEIR01_sl1000_mr025_nv10_14,23,0,11,34,0,0,33,1,1,32,1,2,32,0,2
SEIR01_sl1000_mr025_nv10_15,8,0,2,10,0,0,10,0,0,10,0,0,10,0,0
SEIR01_sl1000_mr025_nv10_16,24,0,18,38,4,4,36,3,6,34,1,8,33,0,9
SEIR01_sl1000_mr025_nv10_17,32,0,13,42,3,3,41,4,4,40,1,5,37,1,8
SEIR01_sl1000_mr025_nv10_18,7,0,2,9,0,0,9,0,0,9,0,0,9,0,0
SEIR01_sl1000_mr025_nv10_19,42,0,17,55,4,4,58,2,1,54,1,5,52,1,7
SEIR01_sl1000_mr025_nv10_2,17,0,5,21,1,1,21,1,1,21,1,1,21,1,1
SEIR01_sl1000_mr025_nv10_20,14,0,3,15,2,2,17,0,0,17,0,0,17,0,0
SEIR01_sl1000_mr025_nv10_3,38,0,11,48,1,1,47,2,2,45,0,4,45,0,4
SEIR01_sl1000_mr025_nv10_4,35,0,17,48,4,4,48,4,4,47,1,5,45,1,7
SEIR01_sl1000_mr025_nv10_5,34,0,10,39,5,5,38,6,6,37,1,7,37,1,7
SEIR01_sl1000_mr025_nv10_6,4,0,3,6,1,1,6,1,1,6,1,1,6,1,1
SEIR01_sl1000_mr025_nv10_7,31,0,9,37,3,3,38,2,2,34,1,6,34,1,6
SEIR01_sl1000_mr025_nv10_8,22,0,5,27,0,0,24,1,3,24,0,3,24,0,3
SEIR01_sl1000_mr025_nv10_9,32,0,15,43,4,4,45,2,2,39,0,8,39,0,8
SEIR01_sl1000_mr025_nv20_1,24,0,8,32,0,0,32,0,0,31,0,1,31,0,1
SEIR01_sl1000_mr025_nv20_10,6,0,3,9,0,0,9,0,0,9,0,0,9,0,0
SEIR01_sl1000_mr025_nv20_11,4,0,1,5,0,0,5,0,0,5,0,0,5,0,0
SEIR01_sl1000_mr025_nv20_12,14,0,4,16,2,2,18,0,0,16,0,2,16,0,2
SEIR01_sl1000_mr025_nv20_13,44,0,14,54,4,4,53,3,5,51,2,7,51,0,7
SEIR01_sl1000_mr025_nv20_14,12,0,1,13,0,0,12,1,1,12,0,1,12,0,1
SEIR01_sl1000_mr025_nv20_15,16,0,7,22,1,1,22,1,1,21,0,2,21,0,2
SEIR01_sl1000_mr025_nv20_16,5,0,2,7,0,0,7,0,0,7,0,0,7,0,0
SEIR01_sl1000_mr025_nv20_17,22,0,3,25,0,0,25,0,0,25,0,0,25,0,0
SEIR01_sl1000_mr025_nv20_18,26,0,0,26,0,0,26,0,0,26,0,0,26,0,0
SEIR01_sl1000_mr025_nv20_19,50,0,3,53,0,0,53,0,0,52,0,1,52,0,1
SEIR01_sl1000_mr025_nv20_2,30,0,12,42,0,0,42,0,0,42,0,0,42,0,0
SEIR01_sl1000_mr025_nv20_20,19,0,12,29,2,2,28,1,3,27,0,4,25,0,6
SEIR01_sl1000_mr025_nv20_3,14,0,7,21,0,0,21,0,0,21,0,0,21,0,0
SEIR01_sl1000_mr025_nv20_4,7,0,1,8,0,0,8,0,0,8,0,0,8,0,0
SEIR01_sl1000_mr025_nv20_5,28,0,5,30,3,3,30,2,3,29,1,4,29,1,4
SEIR01_sl1000_mr025_nv20_6,10,0,1,11,0,0,11,0,0,11,0,0,11,0,0
SEIR01_sl1000_mr025_nv20_7,10,0,7,16,1,1,16,1,1,15,1,2,15,1,2
SEIR01_sl1000_mr025_nv20_8,5,0,0,5,0,0,5,0,0,5,0,0,5,0,0
SEIR01_sl1000_mr025_nv20_9,11,0,1,12,0,0,12,0,0,12,0,0,12,0,0
SEIR01_sl1000_mr025_nv5_1,26,0,15,34,7,7,31,5,10,29,4,12,29,3,12
SEIR01_sl1000_mr025_nv5_10,11,0,22,26,7,7,32,1,1,23,1,10,22,1,11
SEIR01_sl1000_mr025_nv5_11,12,0,7,14,5,5,14,2,5,14,0,5,14,0,5
SEIR01_sl1000_mr025_nv5_12,9,0,10,17,2,2,18,1,1,15,1,4,13,1,6
SEIR01_sl1000_mr025_nv5_13,9,0,3,12,0,0,12,0,0,11,0,1,11,0,1
SEIR01_sl1000_mr025_nv5_14,16,0,4,18,2,2,19,1,1,18,0,2,18,0,2
SEIR01_sl1000_mr025_nv5_15,17,0,10,24,3,3,24,3,3,22,1,5,22,1,5
SEIR01_sl1000_mr025_nv5_16,13,0,5,16,2,2,17,1,1,16,1,2,16,1,2
SEIR01_sl1000_mr025_nv5_17,7,0,4,11,0,0,11,0,0,11,0,0,11,0,0
SEIR01_sl1000_mr025_nv5_18,30,0,17,43,4,4,42,5,5,42,2,5,38,1,9
SEIR01_sl1000_mr025_nv5_19,39,0,19,51,7,7,50,7,8,49,3,9,49,1,9
SEIR01_sl1000_mr025_nv5_2,10,0,6,16,0,0,15,1,1,15,0,1,15,0,1
SEIR01_sl1000_mr025_nv5_20,16,0,8,20,4,4,21,3,3,19,2,5,19,1,5
SEIR01_sl1000_mr025_nv5_3,9,0,1,10,0,0,10,0,0,10,0,0,10,0,0
SEIR01_sl1000_mr025_nv5_4,29,0,21,43,7,7,41,6,9,40,3,10,39,1,11
SEIR01_sl1000_mr025_nv5_5,20,0,31,37,14,14,34,10,17,32,5,19,31,2,20
SEIR01_sl1000_mr025_nv5_6,3,0,5,6,2,2,5,3,3,5,2,3,5,2,3
SEIR01_sl1000_mr025_nv5_7,7,0,3,10,0,0,10,0,0,10,0,0,10,0,0
SEIR01_sl1000_mr025_nv5_8,16,0,7,21,2,2,22,1,1,21,0,2,21,0,2
SEIR01_sl1000_mr025_nv5_9,3,0,6,7,2,2,7,2,2,7,0,2,7,0,2
SEIR01_sl1000_mr05_nv10_1,6,0,7,12,1,1,12,1,1,11,0,2,11,0,2
SEIR01_sl1000_mr05_nv10_10,6,0,1,7,0,0,7,0,0,6,0,1,6,0,1
SEIR01_sl1000_mr05_nv10_11,23,0,9,28,4,4,29,2,3,28,1,4,28,1,4
SEIR01_sl1000_mr05_nv10_12,42,0,16,54,4,4,55,3,3,51,2,7,51,2,7
SEIR01_sl1000_mr05_nv10_13,3,0,5,7,1,1,8,0,0,7,0,1,7,0,1
SEIR01_sl1000_mr05_nv10_14,24,0,15,35,4,4,32,5,7,29,0,10,27,0,12
SEIR01_sl1000_mr05_nv10_15,16,0,0,16,0,0,16,0,0,16,0,0,16,0,0
SEIR01_sl1000_mr05_nv10_16,21,0,1,22,0,0,22,0,0,22,0,0,22,0,0
SEIR01_sl1000_mr05_nv10_17,14,0,8,20,2,2,19,3,3,18,1,4,18,1,4
SEIR01_sl1000_mr05_nv10_18,44,0,12,50,6,6,54,2,2,50,2,6,50,2,6
SEIR01_sl1000_mr05_nv10_19,4,0,3,6,1,1,6,1,1,5,1,2,5,1,2
SEIR01_sl1000_mr05_nv10_2,7,0,1,8,0,0,8,0,0,7,0,1,7,0,1
SEIR01_sl1000_mr05_nv10_20,38,0,14,49,3,3,50,1,2,45,0,7,45,0,7
SEIR01_sl1000_mr05_nv10_3,11,0,14,23,2,2,22,3,3,20,0,5,18,0,7
SEIR01_sl1000_mr05_nv10_4,8,0,3,8,3,3,10,1,1,10,0,1,8,0,3
SEIR01_sl1000_mr05_nv10_5,15,0,3,18,0,0,17,1,1,17,0,1,17,0,1
SEIR01_sl1000_mr05_nv10_6,24,0,16,36,4,4,38,1,2,36,1,4,35,1,5
SEIR01_sl1000_mr05_nv10_7,33,0,13,41,5,5,42,2,4,41,1,5,39,1,7
SEIR01_sl1000_mr05_nv10_8,8,0,0,8,0,0,8,0,0,8,0,0,8,0,0
SEIR01_sl1000_mr05_nv10_9,18,0,8,23,3,3,26,0,0,24,0,2,22,0,4
SEIR01_sl250_mr025_nv10_1,24,0,21,35,10,10,35,8,10,34,2,11,34,2,11
SEIR01_sl250_mr025_nv10_10,10,0,7,14,3,3,14,1,3,13,0,4,13,0,4
SEIR01_sl250_mr025_nv10_11,10,0,6,14,2,2,16,0,0,16,0,0,14,0,2
SEIR01_sl250_mr025_nv10_12,30,0,13,38,5,5,40,3,3,38,3,5,37,1,6
SEIR01_sl250_mr025_nv10_13,4,0,2,4,2,2,5,1,1,4,0,2,4,0,2
SEIR01_sl250_mr025_nv10_14,33,0,13,39,7,7,38,4,8,37,0,9,37,0,9
SEIR01_sl250_mr025_nv10_15,6,0,1,7,0,0,7,0,0,7,0,0,7,0,0
SEIR01_sl250_mr025_nv10_16,28,0,18,40,6,6,39,7,7,37,1,9,37,0,9
SEIR01_sl250_mr025_nv10_17,5,0,3,8,0,0,8,0,0,5,0,3,5,0,3
SEIR01_sl250_mr025_nv10_18,24,0,8,32,0,0,29,1,3,28,0,4,28,0,4
SEIR01_sl250_mr025_nv10_19,6,0,6,10,2,2,10,2,2,10,2,2,10,2,2
SEIR01_sl250_mr025_nv10_2,14,0,0,14,0,0,14,0,0,14,0,0,14,0,0
SEIR01_sl250_mr025_nv10_20,14,0,4,18,0,0,18,0,0,18,0,0,18,0,0
SEIR01_sl250_mr025_nv10_3,20,0,7,25,2,2,26,1,1,26,1,1,25,1,2
SEIR01_sl250_mr025_nv10_4,12,0,2,14,0,0,14,0,0,14,0,0,14,0,0
SEIR01_sl250_mr025_nv10_5,30,0,11,38,3,3,40,1,1,35,1,6,35,1,6
SEIR01_sl250_mr025_nv10_6,17,0,5,20,2,2,20,2,2,20,2,2,20,2,2
SEIR01_sl250_mr025_nv10_7,13,0,1,14,0,0,14,1,0,13,0,1,13,0,1
SEIR01_sl250_mr025_nv10_8,27,0,7,34,0,0,31,3,3,29,0,5,29,0,5
SEIR01_sl250_mr025_nv10_9,43,0,18,58,3,3,56,3,5,53,0,8,53,0,8
SEIR01_sl500_mr025_nv10_1,6,0,4,10,0,0,10,0,0,10,0,0,10,0,0
SEIR01_sl500_mr025_nv10_10,9,0,5,14,0,0,13,1,1,12,0,2,12,0,2
SEIR01_sl500_mr025_nv10_11,13,0,4,16,1,1,16,1,1,15,1,2,15,1,2
SEIR01_sl500_mr025_nv10_12,42,0,9,49,2,2,51,0,0,47,0,4,45,0,6
SEIR01_sl500_mr025_nv10_13,12,0,8,18,2,2,18,2,2,18,2,2,16,1,4
SEIR01_sl500_mr025_nv10_14,4,0,2,6,0,0,5,1,1,5,0,1,5,0,1
SEIR01_sl500_mr025_nv10_15,37,0,21,53,5,5,55,3,3,53,2,5,53,2,5
SEIR01_sl500_mr025_nv10_16,9,0,6,13,2,2,13,2,2,12,2,3,12,2,3
SEIR01_sl500_mr025_nv10_17,3,0,3,6,0,0,6,0,0,5,0,1,5,0,1
SEIR01_sl500_mr025_nv10_18,3,0,3,4,2,2,5,1,1,4,1,2,4,1,2
SEIR01_sl500_mr025_nv10_19,8,0,0,8,0,0,8,0,0,8,0,0,8,0,0
SEIR01_sl500_mr025_nv10_2,6,0,2,8,0,0,8,0,0,8,0,0,8,0,0
SEIR01_sl500_mr025_nv10_20,20,0,12,25,7,7,29,1,3,25,1,7,25,1,7
SEIR01_sl500_mr025_nv10_3,20,0,1,20,1,1,20,1,1,20,0,1,20,0,1
SEIR01_sl500_mr025_nv10_4,6,0,1,7,0,0,7,0,0,7,0,0,7,0,0
SEIR01_sl500_mr025_nv10_5,4,0,1,4,1,1,4,1,1,4,0,1,4,0,1
SEIR01_sl500_mr025_nv10_6,44,0,9,53,0,0,53,0,0,51,0,2,49,0,4
SEIR01_sl500_mr025_nv10_7,28,0,6,34,0,0,32,2,2,31,0,3,31,0,3
SEIR01_sl500_mr025_nv10_8,13,0,3,16,0,0,16,0,0,16,0,0,16,0,0
SEIR01_sl500_mr025_nv10_9,8,0,1,8,1,1,9,0,0,8,0,1,8,0,1
SIR003_sl1000_mr025_nv10_1,11,0,3,14,0,0,12,2,2,12,2,2,12,0,2
SIR003_sl1000_mr025_nv10_10,11,0,2,12,1,1,12,1,1,12,1,1,12,1,1
SIR003_sl1000_mr025_nv10_11,15,0,15,20,10,10,20,8,10,20,4,10,19,1,11
SIR003_sl1000_mr025_nv10_12,33,0,16,43,6,6,41,7,8,40,4,9,39,2,10
SIR003_sl1000_mr025_nv10_13,3,0,8,6,5,5,6,5,5,5,1,6,5,1,6
SIR003_sl1000_mr025_nv10_14,8,0,7,14,1,1,14,1,1,14,1,1,14,1,1
SIR003_sl1000_mr025_nv10_15,11,0,13,16,8,8,16,5,8,14,2,10,14,2,10
SIR003_sl1000_mr025_nv10_16,8,0,9,13,4,4,13,4,4,13,2,4,13,2,4
SIR003_sl1000_mr025_nv10_17,18,0,5,21,2,2,20,3,3,20,3,3,20,1,3
SIR003_sl1000_mr025_nv10_18,3,0,2,4,1,1,4,1,1,4,1,1,4,1,1
SIR003_sl1000_mr025_nv10_19,11,0,13,19,5,5,18,6,6,17,3,7,16,2,8
SIR003_sl1000_mr025_nv10_2,14,0,5,16,3,3,17,1,2,15,1,4,15,1,4
SIR003_sl1000_mr025_nv10_20,5,0,4,7,2,2,7,2,2,7,2,2,7,1,2
SIR003_sl1000_mr025_nv10_3,18,0,8,20,6,6,21,1,5,20,0,6,19,0,7
SIR003_sl1000_mr025_nv10_4,18,0,13,25,6,6,26,5,5,23,1,8,22,1,9
SIR003_sl1000_mr025_nv10_5,7,0,0,7,0,0,7,0,0,7,0,0,7,0,0
SIR003_sl1000_mr025_nv10_6,14,0,9,17,6,6,17,6,6,17,4,6,16,4,7
SIR003_sl1000_mr025_nv10_7,4,0,12,11,5,5,11,4,5,10,3,6,10,3,6
SIR003_sl1000_mr025_nv10_8,12,0,3,14,1,1,14,1,1,14,1,1,14,1,1
SIR003_sl1000_mr025_nv10_9,10,0,18,18,10,10,16,7,12,14,5,14,14,4,14
SIR003_sl1000_mr05_nv10_1,12,0,5,12,5,5,14,2,3,12,0,5,12,0,5
SIR003_sl1000_mr05_nv10_10,10,0,3,11,2,2,11,2,2,11,2,2,11,0,2
SIR003_sl1000_mr05_nv10_11,16,0,19,27,8,8,24,9,11,22,7,13,22,5,13
SIR003_sl1000_mr05_nv10_12,33,0,22,45,10,10,44,10,11,41,5,14,41,5,14
SIR003_sl1000_mr05_nv10_13,29,0,27,45,11,11,42,9,14,40,3,16,40,3,16
SIR003_sl1000_mr05_nv10_14,9,0,1,10,0,0,9,1,1,9,0,1,9,0,1
SIR003_sl1000_mr05_nv10_15,6,0,7,11,2,2,12,1,1,11,1,2,10,1,3
SIR003_sl1000_mr05_nv10_16,15,0,10,20,5,5,21,4,4,19,2,6,19,1,6
SIR003_sl1000_mr05_nv10_17,4,0,10,8,6,6,7,3,7,7,3,7,7,2,7
SIR003_sl1000_mr05_nv10_18,11,0,12,19,4,4,17,3,6,15,1,8,15,1,8
SIR003_sl1000_mr05_nv10_19,27,0,10,33,4,4,33,4,4,33,2,4,33,2,4
SIR003_sl1000_mr05_nv10_2,12,0,3,13,2,2,13,2,2,13,1,2,13,1,2
SIR003_sl1000_mr05_nv10_20,2,0,7,4,5,5,3,6,6,3,2,6,3,0,6
SIR003_sl1000_mr05_nv10_3,6,0,4,8,2,2,8,2,2,8,1,2,8,1,2
SIR003_sl1000_mr05_nv10_4,13,0,0,13,0,0,13,0,0,13,0,0,13,0,0
SIR003_sl1000_mr05_nv10_5,10,0,36,27,19,19,27,16,19,23,5,23,22,5,24
SIR003_sl1000_mr05_nv10_6,11,0,10,15,6,6,16,5,5,15,3,6,14,2,7
SIR003_sl1000_mr05_nv10_7,16,0,7,21,2,2,20,3,3,20,2,3,20,2,3
SIR003_sl1000_mr05_nv10_8,26,0,20,39,7,7,37,8,9,36,5,10,35,5,11
SIR003_sl1000_mr05_nv10_9,10,0,20,15,15,15,16,7,14,15,7,15,14,4,16
SIR003_sl1000_mr05_nv20_1,20,0,15,29,6,6,29,6,6,28,3,7,28,3,7
SIR003_sl1000_mr05_nv20_10,36,0,16,45,7,7,44,5,8,42,2,10,41,2,11
SIR003_sl1000_mr05_nv20_11,2,0,3,3,2,2,3,2,2,3,2,2,3,0,2
SIR003_sl1000_mr05_nv20_12,29,0,26,44,11,11,42,9,13,40,6,15,40,3,15
SIR003_sl1000_mr05_nv20_13,30,0,24,41,13,13,38,10,16,35,2,19,35,1,19
SIR003_sl1000_mr05_nv20_14,9,0,1,10,0,0,10,0,0,10,0,0,10,0,0
SIR003_sl1000_mr05_nv20_15,13,0,6,16,3,3,17,2,2,16,0,3,15,0,4
SIR003_sl1000_mr05_nv20_16,27,0,16,33,10,10,34,7,9,31,1,12,30,1,13
SIR003_sl1000_mr05_nv20_17,32,0,18,39,11,11,39,9,11,37,3,13,37,3,13
SIR003_sl1000_mr05_nv20_18,20,0,18,26,12,12,30,8,8,26,5,12,25,2,13
SIR003_sl1000_mr05_nv20_19,19,0,18,30,7,7,30,7,7,29,5,8,29,2,8
SIR003_sl1000_mr05_nv20_2,27,0,22,36,13,13,36,7,13,35,6,14,34,3,15
SIR003_sl1000_mr05_nv20_20,5,0,2,6,1,1,6,1,1,6,1,1,6,1,1
SIR003_sl1000_mr05_nv20_3,6,0,7,9,4,4,9,4,4,9,3,4,9,3,4
SIR003_sl1000_mr05_nv20_4,19,0,13,26,6,6,25,4,7,24,2,8,24,2,8
SIR003_sl1000_mr05_nv20_5,12,0,12,19,5,5,15,8,9,15,3,9,15,3,9
SIR003_sl1000_mr05_nv20_6,10,0,4,13,1,1,11,3,3,11,0,3,11,0,3
SIR003_sl1000_mr05_nv20_7,7,0,5,10,2,2,10,2,2,9,1,3,9,1,3
SIR003_sl1000_mr05_nv20_8,15,0,12,21,6,6,21,6,6,20,6,7,20,4,7
SIR003_sl1000_mr05_nv20_9,24,0,16,33,7,7,33,6,7,31,4,9,31,4,9
SIR003_sl1000_mr05_nv5_1,17,0,18,27,8,8,29,8,6,26,4,9,26,4,9
SIR003_sl1000_mr05_nv5_10,20,0,21,32,9,9,31,9,10,30,8,11,29,4,12
SIR003_sl1000_mr05_nv5_11,26,0,36,41,22,21,39,15,23,37,11,25,36,9,26
SIR003_sl1000_mr05_nv5_12,5,0,1,5,1,1,5,1,1,5,0,1,5,0,1
SIR003_sl1000_mr05_nv5_13,3,0,8,7,4,4,7,4,4,7,3,4,7,3,4
SIR003_sl1000_mr05_nv5_14,13,0,16,21,8,8,19,7,10,15,0,14,15,0,14
SIR003_sl1000_mr05_nv5_15,32,0,30,49,13,13,48,13,14,48,9,14,45,7,17
SIR003_sl1000_mr05_nv5_16,1,0,5,5,1,1,5,1,1,5,1,1,5,1,1
SIR003_sl1000_mr05_nv5_17,15,0,33,30,18,18,30,16,18,26,9,22,26,7,22
SIR003_sl1000_mr05_nv5_18,8,0,8,13,3,3,12,4,4,12,3,4,12,2,4
SIR003_sl1000_mr05_nv5_19,13,0,21,23,11,11,22,9,12,21,7,13,21,5,13
SIR003_sl1000_mr05_nv5_2,7,0,5,10,2,2,10,2,2,10,2,2,10,2,2
SIR003_sl1000_mr05_nv5_20,6,0,7,9,4,4,9,4,4,7,0,6,7,0,6
SIR003_sl1000_mr05_nv5_3,3,0,5,5,3,3,5,3,3,5,2,3,4,1,4
SIR003_sl1000_mr05_nv5_4,10,0,4,12,2,2,12,2,2,12,2,2,12,0,2
SIR003_sl1000_mr05_nv5_5,3,0,8,7,4,4,8,3,3,5,1,6,5,0,6
SIR003_sl1000_mr05_nv5_6,3,0,8,7,4,4,6,3,5,4,0,7,4,0,7
SIR003_sl1000_mr05_nv5_7,29,0,45,48,27,26,49,17,25,43,7,31,41,6,33
SIR003_sl1000_mr05_nv5_8,9,0,16,13,12,12,15,10,10,14,6,11,12,4,13
SIR003_sl1000_mr05_nv5_9,11,0,13,20,4,4,16,3,8,14,2,10,14,2,10
SIR003_sl1000_mr1_nv10_1,9,0,8,13,4,4,13,4,4,13,2,4,13,2,4
SIR003_sl1000_mr1_nv10_10,3,0,8,7,4,4,7,4,4,7,4,4,6,3,5
SIR003_sl1000_mr1_nv10_11,5,0,5,8,2,2,8,2,2,8,2,2,8,2,2
SIR003_sl1000_mr1_nv10_12,15,0,12,25,2,2,24,3,3,22,3,5,18,3,9
SIR003_sl1000_mr1_nv10_13,2,0,4,4,2,2,4,2,2,4,2,2,4,2,2
SIR003_sl1000_mr1_nv10_14,21,0,15,26,10,10,27,9,9,27,3,9,26,3,10
SIR003_sl1000_mr1_nv10_15,6,0,5,8,3,3,9,2,2,8,2,3,8,2,3
SIR003_sl1000_mr1_nv10_16,8,0,12,10,10,10,11,4,9,10,2,10,10,2,10
SIR003_sl1000_mr1_nv10_17,17,0,15,27,5,5,26,6,6,24,2,8,24,2,8
SIR003_sl1000_mr1_nv10_18,19,0,14,29,4,4,26,4,7,25,2,8,24,0,9
SIR003_sl1000_mr1_nv10_19,28,0,36,42,22,22,41,18,23,39,9,25,38,5,26
SIR003_sl1000_mr1_nv10_2,27,0,36,45,19,18,47,13,16,42,5,21,41,3,22
SIR003_sl1000_mr1_nv10_20,34,0,35,52,17,17,50,13,19,46,5,23,45,5,24
SIR003_sl1000_mr1_nv10_3,16,0,7,20,3,3,19,4,4,19,3,4,19,3,4
SIR003_sl1000_mr1_nv10_4,19,0,10,23,6,6,23,5,6,23,4,6,23,3,6
SIR003_sl1000_mr1_nv10_5,5,0,4,6,3,3,6,3,3,5,0,4,5,0,4
SIR003_sl1000_mr1_nv10_6,16,0,14,25,5,5,20,8,10,19,5,11,19,2,11
SIR003_sl1000_mr1_nv10_7,4,0,4,5,3,3,5,3,3,5,2,3,5,2,3
SIR003_sl1000_mr1_nv10_8,21,0,14,28,7,7,26,7,9,24,3,11,24,2,11
SIR003_sl1000_mr1_nv10_9,5,0,4,6,3,3,5,1,4,5,0,4,5,0,4
SIR003_sl250_mr05_nv10_1,15,0,17,20,12,12,21,6,11,19,3,13,19,1,13
SIR003_sl250_mr05_nv10_10,13,0,6,16,3,3,16,3,3,16,3,3,16,1,3
SIR003_sl250_mr05_nv10_11,4,0,8,8,4,4,8,4,4,8,3,4,8,3,4
SIR003_sl250_mr05_nv10_12,5,0,8,12,1,1,13,0,0,10,0,3,10,0,3
SIR003_sl250_mr05_nv10_13,2,0,5,6,1,1,4,3,3,4,3,3,4,1,3
SIR003_sl250_mr05_nv10_14,7,0,1,7,1,1,7,1,1,7,0,1,7,0,1
SIR003_sl250_mr05_nv10_15,6,0,2,7,1,1,7,1,1,7,1,1,7,1,1
SIR003_sl250_mr05_nv10_16,6,0,5,9,2,2,10,1,1,9,1,2,9,1,2
SIR003_sl250_mr05_nv10_17,26,0,19,38,7,7,34,9,11,33,3,12,32,2,13
SIR003_sl250_mr05_nv10_18,18,0,9,22,5,5,23,3,4,21,2,6,21,2,6
SIR003_sl250_mr05_nv10_19,5,0,20,17,8,8,11,8,14,11,6,14,11,4,14
SIR003_sl250_mr05_nv10_2,11,0,3,12,2,2,12,2,2,12,1,2,12,1,2
SIR003_sl250_mr05_nv10_20,18,0,23,28,13,13,26,11,15,24,5,17,24,4,17
SIR003_sl250_mr05_nv10_3,16,0,6,20,2,2,19,3,3,18,2,4,18,2,4
SIR003_sl250_mr05_nv10_4,9,0,3,11,1,1,11,1,1,11,1,1,11,1,1
SIR003_sl250_mr05_nv10_5,14,0,8,18,4,4,18,4,4,18,3,4,17,2,5
SIR003_sl250_mr05_nv10_6,20,0,13,27,6,6,27,6,6,26,6,7,25,3,8
SIR003_sl250_mr05_nv10_7,23,0,23,35,11,11,33,9,13,30,6,16,30,6,16
SIR003_sl250_mr05_nv10_8,11,0,6,15,2,2,14,3,3,14,2,3,13,1,4
SIR003_sl250_mr05_nv10_9,5,0,4,7,2,2,7,2,2,7,2,2,7,1,2
SIR003_sl500_mr05_nv10_1,5,0,2,5,2,2,5,0,2,5,0,2,5,0,2
SIR003_sl500_mr05_nv10_10,16,0,23,29,10,10,27,9,12,25,3,14,22,1,17
SIR003_sl500_mr05_nv10_11,3,0,3,4,2,2,5,1,1,4,1,2,4,1,2
SIR003_sl500_mr05_nv10_12,16,0,10,22,4,4,22,4,4,21,4,5,20,4,6
SIR003_sl500_mr05_nv10_13,26,0,22,40,8,8,37,11,11,35,6,13,34,6,14
SIR003_sl500_mr05_nv10_14,20,0,13,27,6,6,25,4,8,24,3,9,23,1,10
SIR003_sl500_mr05_nv10_15,11,0,8,14,5,5,16,3,3,13,1,6,13,1,6
SIR003_sl500_mr05_nv10_16,6,0,6,10,2,2,10,2,2,10,2,2,10,0,2
SIR003_sl500_mr05_nv10_17,7,0,3,9,1,1,9,1,1,9,1,1,9,1,1
SIR003_sl500_mr05_nv10_18,9,0,4,10,3,3,11,1,2,10,1,3,10,1,3
SIR003_sl500_mr05_nv10_19,34,0,26,45,15,15,48,12,12,44,4,16,44,4,16
SIR003_sl500_mr05_nv10_2,23,0,11,28,6,6,28,5,6,27,1,7,26,0,8
SIR003_sl500_mr05_nv10_20,3,0,5,5,3,3,5,3,3,4,1,4,4,1,4
SIR003_sl500_mr05_nv10_3,22,0,7,24,5,5,25,2,4,24,1,5,24,1,5
SIR003_sl500_mr05_nv10_4,10,0,16,18,8,8,21,3,5,16,2,10,16,2,10
SIR003_sl500_mr05_nv10_5,8,0,2,9,1,1,9,1,1,9,1,1,9,1,1
SIR003_sl500_mr05_nv10_6,7,0,14,14,7,7,14,4,7,12,2,9,12,1,9
SIR003_sl500_mr05_nv10_7,13,0,5,18,0,0,17,0,1,16,0,2,16,0,2
SIR003_sl500_mr05_nv10_8,8,0,7,13,2,2,13,2,2,13,2,2,13,2,2
SIR003_sl500_mr05_nv10_9,5,0,2,6,1,1,6,1,1,6,1,1,6,1,1
SIR01_sl1000_mr075_nv10_1,30,0,27,46,11,11,45,9,12,43,6,14,41,4,16
SIR01_sl1000_mr075_nv10_10,8,0,0,8,0,0,8,0,0,8,0,0,8,0,0
SIR01_sl1000_mr075_nv10_11,5,0,2,6,1,1,6,1,1,6,1,1,6,1,1
SIR01_sl1000_mr075_nv10_12,24,0,6,26,4,4,26,4,4,26,1,4,25,0,5
SIR01_sl1000_mr075_nv10_13,5,0,9,9,5,5,9,2,5,8,0,6,8,0,6
SIR01_sl1000_mr075_nv10_14,4,0,3,6,1,1,6,1,1,5,1,2,5,1,2
SIR01_sl1000_mr075_nv10_15,4,0,2,5,1,1,5,1,1,5,1,1,5,1,1
SIR01_sl1000_mr075_nv10_16,10,0,8,16,2,2,15,2,3,14,1,4,14,1,4
SIR01_sl1000_mr075_nv10_17,30,0,41,47,25,24,51,21,20,45,14,26,42,7,29
SIR01_sl1000_mr075_nv10_18,9,0,2,10,1,1,10,1,1,10,1,1,10,1,1
SIR01_sl1000_mr075_nv10_19,2,0,9,7,4,4,5,3,6,2,0,9,2,0,9
SIR01_sl1000_mr075_nv10_2,8,0,3,9,2,2,9,2,2,9,0,2,9,0,2
SIR01_sl1000_mr075_nv10_20,16,0,14,25,5,5,26,4,4,22,3,8,21,1,9
SIR01_sl1000_mr075_nv10_3,4,0,7,7,4,4,6,5,5,6,0,5,6,0,5
SIR01_sl1000_mr075_nv10_4,26,0,12,34,4,4,34,3,4,30,3,8,30,3,8
SIR01_sl1000_mr075_nv10_5,39,0,25,55,9,9,55,5,9,50,4,14,49,3,15
SIR01_sl1000_mr075_nv10_6,5,0,3,7,1,1,7,1,1,7,1,1,7,1,1
SIR01_sl1000_mr075_nv10_7,17,0,7,23,1,1,21,3,3,21,1,3,20,1,4
SIR01_sl1000_mr075_nv10_8,9,0,7,11,5,5,11,2,5,10,1,6,10,1,6
SIR01_sl1000_mr075_nv10_9,13,0,14,18,9,9,16,6,11,16,3,11,16,2,11
SIR01_sl1000_mr15_nv10_10,19,0,13,27,5,5,24,8,8,24,4,8,24,3,8
SIR01_sl1000_mr15_nv10_11,6,0,6,7,5,5,7,3,5,6,0,6,6,0,6
SIR01_sl1000_mr15_nv10_12,11,0,13,18,6,6,15,6,9,15,3,9,15,3,9
SIR01_sl1000_mr15_nv10_14,7,0,1,8,0,0,8,0,0,8,0,0,8,0,0
SIR01_sl1000_mr15_nv10_15,10,0,28,24,14,14,24,12,14,23,9,15,22,7,16
SIR01_sl1000_mr15_nv10_16,6,0,1,7,0,0,7,0,0,7,0,0,7,0,0
SIR01_sl1000_mr15_nv10_17,12,0,8,19,1,1,16,2,4,16,0,4,16,0,4
SIR01_sl1000_mr15_nv10_18,36,0,33,49,20,20,49,16,20,46,8,23,46,3,23
SIR01_sl1000_mr15_nv10_19,7,0,2,8,1,1,8,1,1,8,1,1,8,1,1
SIR01_sl1000_mr15_nv10_20,6,0,3,8,1,1,8,1,1,8,1,1,8,1,1
SIR01_sl1000_mr15_nv10_3,36,0,23,51,8,8,45,9,14,41,4,18,41,2,18
SIR01_sl1000_mr15_nv10_5,6,0,4,8,2,2,8,2,2,8,2,2,8,0,2
SIR01_sl1000_mr15_nv10_6,3,0,4,7,0,0,6,1,1,6,0,1,5,0,2
SIR01_sl1000_mr15_nv10_7,27,0,23,33,17,17,37,10,13,31,3,19,31,3,19
SIR01_sl1000_mr15_nv10_8,6,0,4,7,3,3,10,0,0,7,0,3,7,0,3
SIR01_sl1000_mr15_nv10_9,10,0,11,15,6,6,16,5,5,15,3,6,15,3,6
SIR01_sl1000_mr15_nv20_1,16,0,16,26,6,6,24,7,8,22,2,10,21,1,11
SIR01_sl1000_mr15_nv20_10,8,0,5,10,3,3,9,2,4,9,2,4,9,0,4
SIR01_sl1000_mr15_nv20_11,41,0,18,51,8,8,49,8,10,49,6,10,49,6,10
SIR01_sl1000_mr15_nv20_12,6,0,9,10,5,5,10,5,5,9,4,6,8,2,7
SIR01_sl1000_mr15_nv20_13,5,0,1,6,0,0,6,0,0,6,0,0,6,0,0
SIR01_sl1000_mr15_nv20_14,3,0,2,4,1,1,4,1,1,4,1,1,4,1,1
SIR01_sl1000_mr15_nv20_15,5,0,9,9,5,5,10,2,4,9,1,5,8,1,6
SIR01_sl1000_mr15_nv20_16,12,0,9,18,3,3,17,4,4,16,2,5,16,2,5
SIR01_sl1000_mr15_nv20_17,8,0,6,10,4,4,10,3,4,9,1,5,9,1,5
SIR01_sl1000_mr15_nv20_18,23,0,7,26,4,4,26,4,4,26,2,4,25,0,5
SIR01_sl1000_mr15_nv20_19,40,0,11,43,8,8,43,3,8,43,2,8,43,2,8
SIR01_sl1000_mr15_nv20_2,5,0,5,8,2,2,7,0,3,6,0,4,6,0,4
SIR01_sl1000_mr15_nv20_20,9,0,5,11,3,3,11,3,3,11,3,3,11,2,3
SIR01_sl1000_mr15_nv20_3,2,0,3,3,2,2,2,0,3,2,0,3,2,0,3
SIR01_sl1000_mr15_nv20_4,41,0,28,53,16,16,53,7,16,50,4,19,50,4,19
SIR01_sl1000_mr15_nv20_5,4,0,6,7,3,3,7,3,3,6,1,4,6,0,4
SIR01_sl1000_mr15_nv20_6,6,0,2,8,0,0,8,0,0,8,0,0,8,0,0
SIR01_sl1000_mr15_nv20_7,19,0,9,24,4,4,23,5,5,23,1,5,22,1,6
SIR01_sl1000_mr15_nv20_8,33,0,15,40,8,8,39,3,9,37,0,11,36,0,12
SIR01_sl1000_mr15_nv20_9,13,0,13,20,6,6,21,5,5,17,3,9,15,1,11
SIR01_sl1000_mr15_nv5_1,11,0,17,18,10,10,17,10,11,17,4,11,17,3,11
SIR01_sl1000_mr15_nv5_10,8,0,3,9,2,2,9,1,2,9,1,2,8,0,3
SIR01_sl1000_mr15_nv5_11,3,0,6,7,2,2,7,2,2,6,1,3,6,1,3
SIR01_sl1000_mr15_nv5_12,11,0,12,17,6,6,14,7,9,12,2,11,12,1,11
SIR01_sl1000_mr15_nv5_13,11,0,5,14,2,2,14,2,2,14,2,2,14,2,2
SIR01_sl1000_mr15_nv5_14,11,0,11,15,7,7,16,6,6,15,4,7,15,4,7
SIR01_sl1000_mr15_nv5_15,23,0,22,39,6,6,34,8,11,31,5,14,31,5,14
SIR01_sl1000_mr15_nv5_16,5,0,4,7,2,2,7,2,2,7,2,2,7,2,2
SIR01_sl1000_mr15_nv5_17,4,0,4,6,2,2,6,2,2,6,1,2,6,1,2
SIR01_sl1000_mr15_nv5_18,5,0,4,6,3,3,7,2,2,6,0,3,6,0,3
SIR01_sl1000_mr15_nv5_19,9,0,12,16,5,5,16,5,5,13,2,8,13,2,8
SIR01_sl1000_mr15_nv5_2,10,0,25,29,6,6,24,11,11,22,6,13,20,3,15
SIR01_sl1000_mr15_nv5_20,11,0,6,16,1,1,16,1,1,13,0,4,13,0,4
SIR01_sl1000_mr15_nv5_3,3,0,6,5,4,4,6,3,3,5,3,4,5,3,4
SIR01_sl1000_mr15_nv5_4,7,0,18,16,9,9,12,8,13,11,4,14,10,2,15
SIR01_sl1000_mr15_nv5_5,3,0,8,7,4,4,5,3,6,5,2,6,5,2,6
SIR01_sl1000_mr15_nv5_6,10,0,13,15,8,8,14,7,9,12,2,11,12,2,11
SIR01_sl1000_mr15_nv5_7,3,0,5,5,3,3,5,3,3,4,0,4,4,0,4
SIR01_sl1000_mr15_nv5_8,2,0,6,4,4,4,5,0,3,4,0,4,4,0,4
SIR01_sl1000_mr15_nv5_9,19,0,28,31,16,16,29,10,18,28,7,19,28,4,19
SIR01_sl1000_mr3_nv10_1,15,0,15,22,8,8,24,6,6,22,6,8,22,3,8
SIR01_sl1000_mr3_nv10_10,5,0,4,8,1,1,8,1,1,8,1,1,8,1,1
SIR01_sl1000_mr3_nv10_11,26,0,31,39,18,18,40,9,17,36,4,21,36,2,21
SIR01_sl1000_mr3_nv10_12,21,0,13,27,7,7,26,3,8,26,2,8,26,2,8
SIR01_sl1000_mr3_nv10_13,21,0,15,26,10,10,26,3,10,26,0,10,25,0,11
SIR01_sl1000_mr3_nv10_14,20,0,8,27,1,1,27,1,1,27,1,1,27,1,1
SIR01_sl1000_mr3_nv10_15,5,0,4,7,2,2,7,2,2,7,2,2,6,0,3
SIR01_sl1000_mr3_nv10_16,21,0,11,28,4,4,25,2,7,25,2,7,25,2,7
SIR01_sl1000_mr3_nv10_17,6,0,4,7,3,3,7,0,3,6,0,4,6,0,4
SIR01_sl1000_mr3_nv10_18,14,0,10,18,6,6,19,5,5,18,3,6,18,3,6
SIR01_sl1000_mr3_nv10_19,10,0,20,15,15,15,16,4,14,12,0,18,12,0,18
SIR01_sl1000_mr3_nv10_2,5,0,4,7,2,2,7,2,2,6,1,3,6,1,3
SIR01_sl1000_mr3_nv10_20,6,0,6,9,3,3,10,2,2,9,2,3,8,1,4
SIR01_sl1000_mr3_nv10_3,13,0,7,16,4,4,16,4,4,16,4,4,16,1,4
SIR01_sl1000_mr3_nv10_4,6,0,6,11,1,1,11,1,1,10,1,2,10,1,2
SIR01_sl1000_mr3_nv10_5,12,0,16,22,6,6,22,5,6,21,3,7,18,3,10
SIR01_sl1000_mr3_nv10_6,28,0,26,38,16,16,37,16,17,36,4,18,35,4,19
SIR01_sl1000_mr3_nv10_7,9,0,14,18,5,5,15,8,8,13,3,10,12,0,11
SIR01_sl1000_mr3_nv10_8,6,0,4,7,3,3,7,3,3,7,0,3,7,0,3
SIR01_sl1000_mr3_nv10_9,16,0,13,21,8,8,21,5,8,18,1,11,17,0,12
SIR01_sl250_mr15_nv10_1,7,0,10,13,4,4,12,3,5,11,2,6,11,2,6
SIR01_sl250_mr15_nv10_10,30,0,26,44,12,12,40,12,16,37,7,19,36,2,20
SIR01_sl250_mr15_nv10_11,13,0,11,17,7,7,16,8,8,16,5,8,16,1,8
SIR01_sl250_mr15_nv10_12,10,0,9,18,1,1,17,2,2,16,1,3,16,1,3
SIR01_sl250_mr15_nv10_13,4,0,9,10,3,3,10,2,3,9,0,4,8,0,5
SIR01_sl250_mr15_nv10_14,5,0,10,11,4,4,11,2,4,10,1,5,9,1,6
SIR01_sl250_mr15_nv10_15,5,0,3,7,1,1,6,2,2,6,2,2,6,0,2
SIR01_sl250_mr15_nv10_16,19,0,4,23,0,0,23,0,0,23,0,0,23,0,0
SIR01_sl250_mr15_nv10_17,7,0,0,7,0,0,7,0,0,7,0,0,7,0,0
SIR01_sl250_mr15_nv10_18,10,0,10,15,5,5,14,6,6,14,1,6,14,1,6
SIR01_sl250_mr15_nv10_19,4,0,3,6,1,1,6,1,1,6,1,1,6,1,1
SIR01_sl250_mr15_nv10_2,5,0,4,8,1,1,7,2,2,6,1,3,6,1,3
SIR01_sl250_mr15_nv10_20,1,0,6,6,1,1,5,2,2,4,2,3,4,1,3
SIR01_sl250_mr15_nv10_3,10,0,4,14,0,0,14,0,0,14,0,0,14,0,0
SIR01_sl250_mr15_nv10_4,4,0,8,9,3,3,9,3,3,9,1,3,9,1,3
SIR01_sl250_mr15_nv10_5,6,0,3,7,2,2,8,1,1,8,1,1,7,1,2
SIR01_sl250_mr15_nv10_6,18,0,25,29,14,14,31,10,12,28,5,15,26,3,17
SIR01_sl250_mr15_nv10_7,22,0,19,33,8,8,32,9,9,31,6,10,29,5,12
SIR01_sl250_mr15_nv10_8,2,0,7,6,3,3,5,4,4,5,2,4,5,2,4
SIR01_sl250_mr15_nv10_9,3,0,7,6,4,4,6,4,4,5,0,5,5,0,5
SIR01_sl500_mr15_nv10_1,3,0,2,4,1,1,4,0,1,3,0,2,3,0,2
SIR01_sl500_mr15_nv10_10,4,0,9,9,4,4,8,4,5,8,1,5,8,1,5
SIR01_sl500_mr15_nv10_11,9,0,8,12,5,5,14,3,3,13,1,4,11,0,6
SIR01_sl500_mr15_nv10_12,1,0,5,2,4,4,3,2,3,2,0,4,2,0,4
SIR01_sl500_mr15_nv10_13,1,0,6,5,2,2,4,3,3,4,3,3,3,3,4
SIR01_sl500_mr15_nv10_14,22,0,17,28,11,11,26,10,13,23,3,16,23,1,16
SIR01_sl500_mr15_nv10_15,15,0,15,21,9,9,21,5,9,19,4,11,19,4,11
SIR01_sl500_mr15_nv10_16,7,0,3,8,2,2,9,1,1,8,1,2,8,1,2
SIR01_sl500_mr15_nv10_17,10,0,3,13,0,0,13,0,0,13,0,0,13,0,0
SIR01_sl500_mr15_nv10_18,10,0,15,15,10,10,15,4,10,14,3,11,14,2,11
SIR01_sl500_mr15_nv10_19,14,0,13,19,8,8,19,8,8,18,3,9,18,1,9
SIR01_sl500_mr15_nv10_2,16,0,5,19,2,2,19,2,2,19,2,2,19,2,2
SIR01_sl500_mr15_nv10_20,16,0,9,23,2,2,23,2,2,22,2,3,22,2,3
SIR01_sl500_mr15_nv10_3,11,0,8,17,2,2,13,6,6,13,2,6,13,2,6
SIR01_sl500_mr15_nv10_4,25,0,24,39,10,10,35,6,14,33,5,16,31,5,18
SIR01_sl500_mr15_nv10_5,32,0,20,43,9,9,44,8,8,42,5,10,41,5,11
SIR01_sl500_mr15_nv10_6,22,0,7,25,4,4,25,3,4,25,2,4,24,1,5
SIR01_sl500_mr15_nv10_7,4,0,3,5,2,2,5,2,2,5,0,2,5,0,2
SIR01_sl500_mr15_nv10_8,3,0,5,4,4,4,6,2,2,4,0,4,4,0,4
SIR01_sl500_mr15_nv10_9,37,0,20,46,11,11,47,9,10,45,7,12,44,3,13
