host.id,tree.id,xcoord,tips,reads,subgraphs,clades,overall.rtt,largest.rtt,max.branch.length,max.pat.distance,global.mean.pat.distance,subgraph.mean.pat.distance,normalised.overall.rtt,normalised.largest.rtt,normalised.max.branch.length,normalised.max.pat.distance,normalised.global.mean.pat.distance,normalised.subgraph.mean.pat.distance,prop.gp.1,prop.gp.2,prop.gp.3,prop.gp.4,prop.gp.5,prop.gp.6,prop.gp.7,prop.gp.8,prop.gp.9
1,1000_to_1099,1049.5,11,11,5,11,0.0051438181818181826,0.005758714285714285,0.012121999999999999,0.024288999999999995,0.00984330909090909,0.010368095238095239,0.0051438181818181826,0.005758714285714285,0.012121999999999999,0.024288999999999995,0.00984330909090909,0.010368095238095239,0.6363636363636364,0.09090909090909091,0.09090909090909091,0.09090909090909091,0.09090909090909091,0,0,0,0
29,1000_to_1099,1049.5,14,14,1,13,0.0054659999999999995,0.0054659999999999995,0.012214999999999998,0.024335999999999997,0.01075197802197802,0.01075197802197802,0.0054659999999999995,0.0054659999999999995,0.012214999999999998,0.024335999999999997,0.01075197802197802,0.01075197802197802,1,0,0,0,0,0,0,0,0
31,1000_to_1099,1049.5,11,11,4,9,0.008110999999999998,0.007057625,0.020679,0.032929,0.010955418181818182,0.009804750000000001,0.008110999999999998,0.007057625,0.020679,0.032929,0.010955418181818182,0.009804750000000001,0.7272727272727273,0.09090909090909091,0.09090909090909091,0.09090909090909091,0,0,0,0,0
41,1000_to_1099,1049.5,6,6,5,5,0.020865833333333333,0.004036,0.028298000000000004,0.052513000000000004,0.026660466666666667,0.008072,0.020865833333333333,0.004036,0.028298000000000004,0.052513000000000004,0.026660466666666667,0.008072,0.3333333333333333,0.16666666666666666,0.16666666666666666,0.16666666666666666,0.16666666666666666,0,0,0,0
42,1000_to_1099,1049.5,40,40,1,11,0.010896625000000002,0.010896625000000002,0.037776,0.073837,0.019612191025641025,0.019612191025641025,0.010896625000000002,0.010896625000000002,0.037776,0.073837,0.019612191025641025,0.019612191025641025,1,0,0,0,0,0,0,0,0
44,1000_to_1099,1049.5,11,11,2,5,0.012743272727272726,0.0107899,0.028308,0.061165,0.02124483636363636,0.01727731111111111,0.012743272727272726,0.0107899,0.028308,0.061165,0.02124483636363636,0.01727731111111111,0.9090909090909091,0.09090909090909091,0,0,0,0,0,0,0
45,1000_to_1099,1049.5,92,92,7,10,0.03310803260869565,0.0164796625,0.058331,0.187536,0.035147705924510275,0.022330881962025317,0.03310803260869565,0.0164796625,0.058331,0.187536,0.035147705924510275,0.022330881962025317,0.8695652173913043,0.06521739130434782,0.021739130434782608,0.010869565217391304,0.010869565217391304,0.010869565217391304,0.010869565217391304,0,0
1,1100_to_1199,1149.5,11,11,4,9,0.005777636363636363,0.001951,0.032105,0.04401,0.011407854545454546,0.0039013333333333335,0.005777636363636363,0.001951,0.032105,0.04401,0.011407854545454546,0.0039013333333333335,0.36363636363636365,0.36363636363636365,0.18181818181818182,0.09090909090909091,0,0,0,0,0
29,1100_to_1199,1149.5,14,14,1,7,0.0045100714285714275,0.0045100714285714275,0.016053,0.027820000000000004,0.009015747252747253,0.009015747252747253,0.0045100714285714275,0.0045100714285714275,0.016053,0.027820000000000004,0.009015747252747253,0.009015747252747253,1,0,0,0,0,0,0,0,0
31,1100_to_1199,1149.5,11,11,4,11,0.015009636363636364,0.009844499999999999,0.02786,0.043797,0.017247163636363635,0.019687333333333334,0.015009636363636364,0.009844499999999999,0.02786,0.043797,0.017247163636363635,0.019687333333333334,0.36363636363636365,0.2727272727272727,0.2727272727272727,0.09090909090909091,0,0,0,0,0
41,1100_to_1199,1149.5,6,6,3,5,0.011395000000000002,0.01708725,0.020336,0.036213999999999996,0.0190256,0.024767166666666663,0.011395000000000002,0.01708725,0.020336,0.036213999999999996,0.0190256,0.024767166666666663,0.6666666666666666,0.16666666666666666,0.16666666666666666,0,0,0,0,0,0
42,1100_to_1199,1149.5,40,40,1,12,0.010311499999999994,0.010311499999999994,0.03695,0.072824,0.019020858974358974,0.019020858974358974,0.010311499999999994,0.010311499999999994,0.03695,0.072824,0.019020858974358974,0.019020858974358974,1,0,0,0,0,0,0,0,0
44,1100_to_1199,1149.5,11,11,3,4,0.01830036363636364,0.009172000000000001,0.027566000000000018,0.06738900000000002,0.027333454545454546,0.007296266666666667,0.01830036363636364,0.009172000000000001,0.027566000000000018,0.06738900000000002,0.027333454545454546,0.007296266666666667,0.5454545454545454,0.36363636363636365,0.09090909090909091,0,0,0,0,0,0
45,1100_to_1199,1149.5,92,92,7,13,0.02331453260869565,0.01810339189189189,0.05349,0.193825,0.04371354395604396,0.033511185116623474,0.02331453260869565,0.01810339189189189,0.05349,0.193825,0.04371354395604396,0.033511185116623474,0.8043478260869565,0.14130434782608695,0.010869565217391304,0.010869565217391304,0.010869565217391304,0.010869565217391304,0.010869565217391304,0,0
1,1200_to_1299,1249.5,11,11,1,9,0.010259545454545455,0.010259545454545455,0.023454,0.043182000000000005,0.013919672727272727,0.013919672727272727,0.010259545454545455,0.010259545454545455,0.023454,0.043182000000000005,0.013919672727272727,0.013919672727272727,1,0,0,0,0,0,0,0,0
29,1200_to_1299,1249.5,14,14,1,3,0.006100785714285716,0.006100785714285716,0.011769,0.019561000000000002,0.005564274725274725,0.005564274725274725,0.006100785714285716,0.006100785714285716,0.011769,0.019561000000000002,0.005564274725274725,0.005564274725274725,1,0,0,0,0,0,0,0,0
31,1200_to_1299,1249.5,11,11,9,9,0.012432636363636363,0.0117605,0.0352,0.05107300000000001,0.018547454545454548,0.023521,0.012432636363636363,0.0117605,0.0352,0.05107300000000001,0.018547454545454548,0.023521,0.18181818181818182,0.18181818181818182,0.09090909090909091,0.09090909090909091,0.09090909090909091,0.09090909090909091,0.09090909090909091,0.09090909090909091,0.09090909090909091
41,1200_to_1299,1249.5,6,6,3,4,0.010985833333333334,0.0077729999999999995,0.01181,0.027263999999999997,0.011668066666666666,0.010407,0.010985833333333334,0.0077729999999999995,0.01181,0.027263999999999997,0.011668066666666666,0.010407,0.6666666666666666,0.16666666666666666,0.16666666666666666,0,0,0,0,0,0
42,1200_to_1299,1249.5,40,40,1,15,0.009578425000000003,0.009578425000000003,0.048575,0.09942200000000001,0.017608414102564102,0.017608414102564102,0.009578425000000003,0.009578425000000003,0.048575,0.09942200000000001,0.017608414102564102,0.017608414102564102,1,0,0,0,0,0,0,0,0
44,1200_to_1299,1249.5,11,11,1,4,0.015232454545454544,0.015232454545454544,0.015901,0.062447,0.023418436363636365,0.023418436363636365,0.015232454545454544,0.015232454545454544,0.015901,0.062447,0.023418436363636365,0.023418436363636365,1,0,0,0,0,0,0,0,0
45,1200_to_1299,1249.5,92,92,7,8,0.062218500000000024,0.06153211904761907,0.04746300000000001,0.18949500000000002,0.0473332828475872,0.03287775329890993,0.062218500000000024,0.06153211904761907,0.04746300000000001,0.18949500000000002,0.0473332828475872,0.03287775329890993,0.9130434782608695,0.021739130434782608,0.021739130434782608,0.010869565217391304,0.010869565217391304,0.010869565217391304,0.010869565217391304,0,0
1,1300_to_1399,1349.5,11,11,3,9,0.030923000000000003,0.010945666666666666,0.04856,0.08691600000000001,0.023763309090909093,0.021248,0.030923000000000003,0.010945666666666666,0.04856,0.08691600000000001,0.023763309090909093,0.021248,0.8181818181818182,0.09090909090909091,0.09090909090909091,0,0,0,0,0,0
29,1300_to_1399,1349.5,14,14,2,10,0.008199071428571429,0.00705846153846154,0.026887,0.049916,0.016309505494505494,0.01401451282051282,0.008199071428571429,0.00705846153846154,0.026887,0.049916,0.016309505494505494,0.01401451282051282,0.9285714285714286,0.07142857142857142,0,0,0,0,0,0,0
31,1300_to_1399,1349.5,11,11,6,9,0.007021181818181818,0.0019246666666666665,0.015515999999999999,0.027245999999999996,0.007754290909090908,0.0038477333333333335,0.007021181818181818,0.0019246666666666665,0.015515999999999999,0.027245999999999996,0.007754290909090908,0.0038477333333333335,0.5454545454545454,0.09090909090909091,0.09090909090909091,0.09090909090909091,0.09090909090909091,0.09090909090909091,0,0,0
41,1300_to_1399,1349.5,6,6,4,5,0.009571000000000001,0.006390666666666666,0.01537,0.026827,0.0140464,0.012780666666666666,0.009571000000000001,0.006390666666666666,0.01537,0.026827,0.0140464,0.012780666666666666,0.5,0.16666666666666666,0.16666666666666666,0.16666666666666666,0,0,0,0,0
42,1300_to_1399,1349.5,40,40,3,22,0.012592150000000002,0.012314882352941177,0.027291000000000003,0.06180100000000001,0.02237990512820513,0.021006926916221035,0.012592150000000002,0.012314882352941177,0.027291000000000003,0.06180100000000001,0.02237990512820513,0.021006926916221035,0.85,0.125,0.025,0,0,0,0,0,0
44,1300_to_1399,1349.5,11,11,7,10,0.010753727272727274,0.0114286,0.01542,0.034486,0.01829181818181818,0.016733,0.010753727272727274,0.0114286,0.01542,0.034486,0.01829181818181818,0.016733,0.45454545454545453,0.09090909090909091,0.09090909090909091,0.09090909090909091,0.09090909090909091,0.09090909090909091,0.09090909090909091,0,0
45,1300_to_1399,1349.5,92,92,8,9,0.07355425000000002,0.039962404761904755,0.040583,0.161724,0.037983748924988056,0.024227132530120484,0.07355425000000002,0.039962404761904755,0.040583,0.161724,0.037983748924988056,0.024227132530120484,0.9130434782608695,0.021739130434782608,0.010869565217391304,0.010869565217391304,0.010869565217391304,0.010869565217391304,0.010869565217391304,0.010869565217391304,0
1,1400_to_1499,1449.5,11,11,5,5,0.011161727272727271,0.01066425,0.019608,0.038845000000000005,0.015812254545454547,0.0200585,0.011161727272727271,0.01066425,0.019608,0.038845000000000005,0.015812254545454547,0.0200585,0.36363636363636365,0.2727272727272727,0.18181818181818182,0.09090909090909091,0.09090909090909091,0,0,0,0
29,1400_to_1499,1449.5,14,14,1,5,0.005844571428571428,0.005844571428571428,0.015908,0.035422999999999996,0.011601340659340658,0.011601340659340658,0.005844571428571428,0.005844571428571428,0.015908,0.035422999999999996,0.011601340659340658,0.011601340659340658,1,0,0,0,0,0,0,0,0
31,1400_to_1499,1449.5,11,11,3,10,0.010798272727272728,0.008533222222222222,0.011597,0.023145,0.0166076,0.017060666666666665,0.010798272727272728,0.008533222222222222,0.011597,0.023145,0.0166076,0.017060666666666665,0.8181818181818182,0.09090909090909091,0.09090909090909091,0,0,0,0,0,0
41,1400_to_1499,1449.5,6,6,3,5,0.016333,0.010679250000000001,0.051449999999999996,0.078763,0.029582666666666667,0.013658833333333332,0.016333,0.010679250000000001,0.051449999999999996,0.078763,0.029582666666666667,0.013658833333333332,0.6666666666666666,0.16666666666666666,0.16666666666666666,0,0,0,0,0,0
42,1400_to_1499,1449.5,40,40,2,21,0.019039125,0.004341114285714288,0.061997,0.12631599999999998,0.024753634615384615,0.008475203361344538,0.019039125,0.004341114285714288,0.061997,0.12631599999999998,0.024753634615384615,0.008475203361344538,0.875,0.125,0,0,0,0,0,0,0
44,1400_to_1499,1449.5,11,11,3,7,0.038983,0.020935444444444444,0.036964,0.125916,0.04691218181818182,0.033702333333333334,0.038983,0.020935444444444444,0.036964,0.125916,0.04691218181818182,0.033702333333333334,0.8181818181818182,0.09090909090909091,0.09090909090909091,0,0,0,0,0,0
45,1400_to_1499,1449.5,92,92,6,6,0.08029241304347826,0.07235022093023255,0.05065900000000001,0.22201900000000005,0.04094971715241281,0.026805769357045147,0.08029241304347826,0.07235022093023255,0.05065900000000001,0.22201900000000005,0.04094971715241281,0.026805769357045147,0.9347826086956522,0.021739130434782608,0.010869565217391304,0.010869565217391304,0.010869565217391304,0.010869565217391304,0,0,0
1,1500_to_1599,1549.5,11,11,7,8,0.01465618181818182,0.00881175,0.020225,0.040066000000000004,0.01610898181818182,0.013706833333333333,0.01465618181818182,0.00881175,0.020225,0.040066000000000004,0.01610898181818182,0.013706833333333333,0.36363636363636365,0.18181818181818182,0.09090909090909091,0.09090909090909091,0.09090909090909091,0.09090909090909091,0.09090909090909091,0,0
29,1500_to_1599,1549.5,14,14,1,4,0.005052928571428572,0.005052928571428572,0.015993,0.027806000000000004,0.010016692307692308,0.010016692307692308,0.005052928571428572,0.005052928571428572,0.015993,0.027806000000000004,0.010016692307692308,0.010016692307692308,1,0,0,0,0,0,0,0,0
31,1500_to_1599,1549.5,11,11,2,11,0.0032229090909090905,0.0031538000000000004,0.01189,0.019763,0.006439854545454545,0.006302266666666666,0.0032229090909090905,0.0031538000000000004,0.01189,0.019763,0.006439854545454545,0.006302266666666666,0.9090909090909091,0.09090909090909091,0,0,0,0,0,0,0
41,1500_to_1599,1549.5,6,6,3,5,0.009206500000000001,0.00990475,0.01593,0.035579,0.0157926,0.015862166666666663,0.009206500000000001,0.00990475,0.01593,0.035579,0.0157926,0.015862166666666663,0.6666666666666666,0.16666666666666666,0.16666666666666666,0,0,0,0,0,0
42,1500_to_1599,1549.5,40,40,3,18,0.021105775000000004,0.017705657142857146,0.040861,0.124469,0.03801785512820513,0.030856215126050423,0.021105775000000004,0.017705657142857146,0.040861,0.124469,0.03801785512820513,0.030856215126050423,0.875,0.1,0.025,0,0,0,0,0,0
44,1500_to_1599,1549.5,11,11,3,6,0.022294272727272732,0.018881799999999997,0.023581,0.062719,0.030994436363636364,0.0306606,0.022294272727272732,0.018881799999999997,0.023581,0.062719,0.030994436363636364,0.0306606,0.45454545454545453,0.45454545454545453,0.09090909090909091,0,0,0,0,0,0
45,1500_to_1599,1549.5,92,92,7,9,0.04572244565217392,0.03653536904761905,0.040928,0.19416100000000003,0.04447497873865265,0.031402296901893285,0.04572244565217392,0.03653536904761905,0.040928,0.19416100000000003,0.04447497873865265,0.031402296901893285,0.9130434782608695,0.021739130434782608,0.021739130434782608,0.010869565217391304,0.010869565217391304,0.010869565217391304,0.010869565217391304,0,0
1,1600_to_1699,1649.5,11,11,4,7,0.008014545454545453,0.009456375,0.021428,0.042414999999999994,0.015568581818181817,0.01802053571428571,0.008014545454545453,0.009456375,0.021428,0.042414999999999994,0.015568581818181817,0.01802053571428571,0.7272727272727273,0.09090909090909091,0.09090909090909091,0.09090909090909091,0,0,0,0,0
29,1600_to_1699,1649.5,14,14,3,9,0.004849142857142857,0.004268750000000001,0.03037,0.042882,0.009690857142857143,0.008530287878787879,0.004849142857142857,0.004268750000000001,0.03037,0.042882,0.009690857142857143,0.008530287878787879,0.8571428571428571,0.07142857142857142,0.07142857142857142,0,0,0,0,0,0
31,1600_to_1699,1649.5,11,11,6,9,0.019838727272727272,0.002091,0.021400000000000002,0.046436,0.0164352,0.004181333333333334,0.019838727272727272,0.002091,0.021400000000000002,0.046436,0.0164352,0.004181333333333334,0.36363636363636365,0.18181818181818182,0.18181818181818182,0.09090909090909091,0.09090909090909091,0.09090909090909091,0,0,0
41,1600_to_1699,1649.5,6,6,2,5,0.016019666666666665,0.0158802,0.01265,0.041867999999999995,0.022579466666666666,0.0250872,0.016019666666666665,0.0158802,0.01265,0.041867999999999995,0.022579466666666666,0.0250872,0.8333333333333334,0.16666666666666666,0,0,0,0,0,0,0
42,1600_to_1699,1649.5,40,40,2,15,0.018083050000000003,0.011411828571428573,0.04182500000000001,0.12801800000000002,0.03326878717948718,0.02121692100840336,0.018083050000000003,0.011411828571428573,0.04182500000000001,0.12801800000000002,0.03326878717948718,0.02121692100840336,0.875,0.125,0,0,0,0,0,0,0
44,1600_to_1699,1649.5,11,11,4,7,0.03461681818181817,0.0074778,0.020920999999999995,0.08015099999999999,0.037861381818181813,0.014128,0.03461681818181817,0.0074778,0.020920999999999995,0.08015099999999999,0.037861381818181813,0.014128,0.45454545454545453,0.2727272727272727,0.18181818181818182,0.09090909090909091,0,0,0,0,0
45,1600_to_1699,1649.5,92,92,6,6,0.07241223913043479,0.06255195348837211,0.063653,0.205443,0.03819394744386049,0.028246016963064297,0.07241223913043479,0.06255195348837211,0.063653,0.205443,0.03819394744386049,0.028246016963064297,0.9347826086956522,0.021739130434782608,0.010869565217391304,0.010869565217391304,0.010869565217391304,0.010869565217391304,0,0,0
1,1700_to_1799,1749.5,11,11,3,9,0.004615636363636364,0.0032493333333333337,0.011834,0.023590999999999997,0.009086763636363637,0.0059819999999999995,0.004615636363636364,0.0032493333333333337,0.011834,0.023590999999999997,0.009086763636363637,0.0059819999999999995,0.5454545454545454,0.36363636363636365,0.09090909090909091,0,0,0,0,0,0
29,1700_to_1799,1749.5,14,14,1,9,0.005067571428571428,0.005067571428571428,0.019955,0.039754,0.009957186813186813,0.009957186813186813,0.005067571428571428,0.005067571428571428,0.019955,0.039754,0.009957186813186813,0.009957186813186813,1,0,0,0,0,0,0,0,0
31,1700_to_1799,1749.5,11,11,7,9,0.0074533636363636364,2e-6,0.015844,0.031437,0.009833927272727272,3.3333333333333333e-6,0.0074533636363636364,2e-6,0.015844,0.031437,0.009833927272727272,3.3333333333333333e-6,0.2727272727272727,0.18181818181818182,0.18181818181818182,0.09090909090909091,0.09090909090909091,0.09090909090909091,0.09090909090909091,0,0
41,1700_to_1799,1749.5,6,6,2,4,0.011077166666666666,0.011742200000000001,0.01575,0.03134,0.015408066666666668,0.0172368,0.011077166666666666,0.011742200000000001,0.01575,0.03134,0.015408066666666668,0.0172368,0.8333333333333334,0.16666666666666666,0,0,0,0,0,0,0
42,1700_to_1799,1749.5,40,40,1,19,0.016453875,0.016453875,0.027970000000000002,0.05584800000000001,0.016865914102564102,0.016865914102564102,0.016453875,0.016453875,0.027970000000000002,0.05584800000000001,0.016865914102564102,0.016865914102564102,1,0,0,0,0,0,0,0,0
44,1700_to_1799,1749.5,11,11,3,5,0.020850636363636363,0.01284325,0.024073,0.072311,0.03161367272727273,0.023439714285714286,0.020850636363636363,0.01284325,0.024073,0.072311,0.03161367272727273,0.023439714285714286,0.7272727272727273,0.18181818181818182,0.09090909090909091,0,0,0,0,0,0
45,1700_to_1799,1749.5,92,92,7,10,0.03001646739130434,0.018816587500000002,0.045253,0.18476299999999996,0.04640161323459149,0.02727793196202532,0.03001646739130434,0.018816587500000002,0.045253,0.18476299999999996,0.04640161323459149,0.02727793196202532,0.8695652173913043,0.06521739130434782,0.021739130434782608,0.010869565217391304,0.010869565217391304,0.010869565217391304,0.010869565217391304,0,0
1,1800_to_1899,1849.5,11,11,1,7,0.0057100909090909095,0.0057100909090909095,0.026076000000000002,0.040858000000000005,0.0114176,0.0114176,0.0057100909090909095,0.0057100909090909095,0.026076000000000002,0.040858000000000005,0.0114176,0.0114176,1,0,0,0,0,0,0,0,0
29,1800_to_1899,1849.5,14,14,5,11,0.006046785714285714,0.006827428571428572,0.011147,0.022241,0.011927945054945054,0.012952857142857143,0.006046785714285714,0.006827428571428572,0.011147,0.022241,0.011927945054945054,0.012952857142857143,0.5,0.21428571428571427,0.14285714285714285,0.07142857142857142,0.07142857142857142,0,0,0,0
31,1800_to_1899,1849.5,11,11,7,8,0.014389454545454546,0.006119333333333333,0.014865,0.029602999999999997,0.014313236363636362,0.012238,0.014389454545454546,0.006119333333333333,0.014865,0.029602999999999997,0.014313236363636362,0.012238,0.2727272727272727,0.18181818181818182,0.18181818181818182,0.09090909090909091,0.09090909090909091,0.09090909090909091,0.09090909090909091,0,0
41,1800_to_1899,1849.5,6,6,5,5,0.01902116666666667,0.003661,0.018460000000000004,0.04418,0.025285666666666668,0.007322,0.01902116666666667,0.003661,0.018460000000000004,0.04418,0.025285666666666668,0.007322,0.3333333333333333,0.16666666666666666,0.16666666666666666,0.16666666666666666,0.16666666666666666,0,0,0,0
42,1800_to_1899,1849.5,40,40,1,19,0.019552924999999995,0.019552924999999995,0.050175,0.09466,0.01670713974358974,0.01670713974358974,0.019552924999999995,0.019552924999999995,0.050175,0.09466,0.01670713974358974,0.01670713974358974,1,0,0,0,0,0,0,0,0
44,1800_to_1899,1849.5,11,11,5,9,0.025236000000000005,0.017512142857142858,0.02955200000000001,0.06334500000000001,0.02660178181818182,0.023072,0.025236000000000005,0.017512142857142858,0.02955200000000001,0.06334500000000001,0.02660178181818182,0.023072,0.6363636363636364,0.09090909090909091,0.09090909090909091,0.09090909090909091,0.09090909090909091,0,0,0,0
45,1800_to_1899,1849.5,92,92,7,10,0.05565290217391306,0.0179247125,0.054344,0.22624000000000005,0.04708072408026756,0.027761214873417723,0.05565290217391306,0.0179247125,0.054344,0.22624000000000005,0.04708072408026756,0.027761214873417723,0.8695652173913043,0.06521739130434782,0.021739130434782608,0.010869565217391304,0.010869565217391304,0.010869565217391304,0.010869565217391304,0,0
1,1900_to_1999,1949.5,11,11,1,9,0.005697636363636364,0.005697636363636364,0.018665,0.033278,0.011259454545454546,0.011259454545454546,0.005697636363636364,0.005697636363636364,0.018665,0.033278,0.011259454545454546,0.011259454545454546,1,0,0,0,0,0,0,0,0
29,1900_to_1999,1949.5,14,14,3,7,0.013135142857142857,0.005569416666666667,0.019012,0.04469000000000001,0.015662439560439563,0.011135227272727272,0.013135142857142857,0.005569416666666667,0.019012,0.04469000000000001,0.015662439560439563,0.011135227272727272,0.8571428571428571,0.07142857142857142,0.07142857142857142,0,0,0,0,0,0
31,1900_to_1999,1949.5,11,11,7,7,0.008348000000000001,0.004956666666666667,0.014866,0.029579999999999995,0.011911527272727273,0.009912666666666667,0.008348000000000001,0.004956666666666667,0.014866,0.029579999999999995,0.011911527272727273,0.009912666666666667,0.2727272727272727,0.18181818181818182,0.18181818181818182,0.09090909090909091,0.09090909090909091,0.09090909090909091,0.09090909090909091,0,0
41,1900_to_1999,1949.5,6,6,4,5,0.015866166666666664,0.0018215,0.014624999999999996,0.036572999999999994,0.01951673333333333,0.003643,0.015866166666666664,0.0018215,0.014624999999999996,0.036572999999999994,0.01951673333333333,0.003643,0.3333333333333333,0.3333333333333333,0.16666666666666666,0.16666666666666666,0,0,0,0,0
42,1900_to_1999,1949.5,40,40,1,8,0.008521150000000002,0.008521150000000002,0.030018,0.059625,0.014784535897435898,0.014784535897435898,0.008521150000000002,0.008521150000000002,0.030018,0.059625,0.014784535897435898,0.014784535897435898,1,0,0,0,0,0,0,0,0
44,1900_to_1999,1949.5,11,11,1,7,0.004375909090909091,0.004375909090909091,0.022549,0.037189,0.008616545454545455,0.008616545454545455,0.004375909090909091,0.004375909090909091,0.022549,0.037189,0.008616545454545455,0.008616545454545455,1,0,0,0,0,0,0,0,0
45,1900_to_1999,1949.5,92,92,6,9,0.027793032608695638,0.02593496385542169,0.049912,0.141713,0.025464978738652656,0.017149111372318542,0.027793032608695638,0.02593496385542169,0.049912,0.141713,0.025464978738652656,0.017149111372318542,0.9021739130434783,0.05434782608695652,0.010869565217391304,0.010869565217391304,0.010869565217391304,0.010869565217391304,0,0,0
1,2000_to_2099,2049.5,11,11,6,8,0.010711909090909093,0.011787,0.01187,0.03159,0.01460949090909091,0.017052,0.010711909090909093,0.011787,0.01187,0.03159,0.01460949090909091,0.017052,0.36363636363636365,0.18181818181818182,0.18181818181818182,0.09090909090909091,0.09090909090909091,0.09090909090909091,0,0,0
29,2000_to_2099,2049.5,14,14,1,7,0.005963857142857143,0.005963857142857143,0.020187,0.036079,0.011662263736263737,0.011662263736263737,0.005963857142857143,0.005963857142857143,0.020187,0.036079,0.011662263736263737,0.011662263736263737,1,0,0,0,0,0,0,0,0
31,2000_to_2099,2049.5,11,11,3,10,0.018237545454545458,0.009917875,0.019994,0.035973000000000005,0.020969636363636364,0.019830392857142855,0.018237545454545458,0.009917875,0.019994,0.035973000000000005,0.020969636363636364,0.019830392857142855,0.7272727272727273,0.18181818181818182,0.09090909090909091,0,0,0,0,0,0
41,2000_to_2099,2049.5,6,6,5,5,0.007849833333333332,1e-6,0.007881,0.019632999999999998,0.011514466666666666,2e-6,0.007849833333333332,1e-6,0.007881,0.019632999999999998,0.011514466666666666,2e-6,0.3333333333333333,0.16666666666666666,0.16666666666666666,0.16666666666666666,0.16666666666666666,0,0,0,0
42,2000_to_2099,2049.5,40,40,1,12,0.024981949999999996,0.024981949999999996,0.045879,0.116762,0.041037794871794875,0.041037794871794875,0.024981949999999996,0.024981949999999996,0.045879,0.116762,0.041037794871794875,0.041037794871794875,1,0,0,0,0,0,0,0,0
44,2000_to_2099,2049.5,11,11,1,3,0.02844245454545454,0.02844245454545454,0.024083,0.083107,0.036989963636363636,0.036989963636363636,0.02844245454545454,0.02844245454545454,0.024083,0.083107,0.036989963636363636,0.036989963636363636,1,0,0,0,0,0,0,0,0
45,2000_to_2099,2049.5,92,92,5,7,0.05232617391304347,0.031031928571428564,0.06290899999999999,0.186078,0.046219245580506454,0.035407364888123925,0.05232617391304347,0.031031928571428564,0.06290899999999999,0.186078,0.046219245580506454,0.035407364888123925,0.9130434782608695,0.03260869565217391,0.03260869565217391,0.010869565217391304,0.010869565217391304,0,0,0,0
1,2100_to_2199,2149.5,11,11,7,7,0.00958509090909091,0.013974666666666665,0.017145,0.050703,0.0177868,0.019542666666666667,0.00958509090909091,0.013974666666666665,0.017145,0.050703,0.0177868,0.019542666666666667,0.2727272727272727,0.2727272727272727,0.09090909090909091,0.09090909090909091,0.09090909090909091,0.09090909090909091,0.09090909090909091,0,0
29,2100_to_2199,2149.5,14,14,3,12,0.004524285714285714,0.004210125,0.012806,0.025436999999999998,0.008953846153846153,0.008118535714285714,0.004524285714285714,0.004210125,0.012806,0.025436999999999998,0.008953846153846153,0.008118535714285714,0.5714285714285714,0.35714285714285715,0.07142857142857142,0,0,0,0,0,0
31,2100_to_2199,2149.5,11,11,4,7,0.0038535454545454537,0.005645999999999999,0.017059,0.025509000000000004,0.0077,0.011290133333333332,0.0038535454545454537,0.005645999999999999,0.017059,0.025509000000000004,0.0077,0.011290133333333332,0.5454545454545454,0.18181818181818182,0.18181818181818182,0.09090909090909091,0,0,0,0,0
41,2100_to_2199,2149.5,6,6,4,5,0.0028375,0.005663666666666665,0.008492,0.008502,0.004538866666666666,0.005665333333333332,0.0028375,0.005663666666666665,0.008492,0.008502,0.004538866666666666,0.005665333333333332,0.5,0.16666666666666666,0.16666666666666666,0.16666666666666666,0,0,0,0,0
42,2100_to_2199,2149.5,40,40,1,20,0.02168475,0.02168475,0.069593,0.13420800000000002,0.03643859743589744,0.03643859743589744,0.02168475,0.02168475,0.069593,0.13420800000000002,0.03643859743589744,0.03643859743589744,1,0,0,0,0,0,0,0,0
44,2100_to_2199,2149.5,11,11,6,7,0.014952454545454545,0.008459333333333334,0.021221,0.054972999999999994,0.02407072727272727,0.014103333333333334,0.014952454545454545,0.008459333333333334,0.021221,0.054972999999999994,0.02407072727272727,0.014103333333333334,0.2727272727272727,0.2727272727272727,0.18181818181818182,0.09090909090909091,0.09090909090909091,0.09090909090909091,0,0,0
45,2100_to_2199,2149.5,92,92,5,5,0.058821358695652186,0.053521298850574724,0.038954,0.15634500000000004,0.03097481915910177,0.024702042769313017,0.058821358695652186,0.053521298850574724,0.038954,0.15634500000000004,0.03097481915910177,0.024702042769313017,0.9456521739130435,0.021739130434782608,0.010869565217391304,0.010869565217391304,0.010869565217391304,0,0,0,0
1,2200_to_2299,2249.5,11,11,1,8,0.005614818181818182,0.005614818181818182,0.020907,0.03722,0.010633236363636363,0.010633236363636363,0.005614818181818182,0.005614818181818182,0.020907,0.03722,0.010633236363636363,0.010633236363636363,1,0,0,0,0,0,0,0,0
29,2200_to_2299,2249.5,14,14,2,9,0.0017530714285714285,0.0015736923076923076,0.008166,0.012255,0.0035015494505494507,0.0031423846153846155,0.0017530714285714285,0.0015736923076923076,0.008166,0.012255,0.0035015494505494507,0.0031423846153846155,0.9285714285714286,0.07142857142857142,0,0,0,0,0,0,0
31,2200_to_2299,2249.5,11,11,6,10,0.007134363636363636,0.0034039999999999995,0.021075,0.033521999999999996,0.008922036363636364,0.003542,0.007134363636363636,0.0034039999999999995,0.021075,0.033521999999999996,0.008922036363636364,0.003542,0.5454545454545454,0.09090909090909091,0.09090909090909091,0.09090909090909091,0.09090909090909091,0.09090909090909091,0,0,0
41,2200_to_2299,2249.5,6,6,5,5,0.011009499999999998,0.006251499999999999,0.012502,0.033155,0.015455799999999997,0.012502999999999998,0.011009499999999998,0.006251499999999999,0.012502,0.033155,0.015455799999999997,0.012502999999999998,0.3333333333333333,0.16666666666666666,0.16666666666666666,0.16666666666666666,0.16666666666666666,0,0,0,0
42,2200_to_2299,2249.5,40,40,1,12,0.010949,0.010949,0.052552,0.10786500000000002,0.020619692307692308,0.020619692307692308,0.010949,0.010949,0.052552,0.10786500000000002,0.020619692307692308,0.020619692307692308,1,0,0,0,0,0,0,0,0
44,2200_to_2299,2249.5,11,11,4,6,0.02464227272727272,0.004508,0.031068,0.080228,0.037402399999999995,0.008418333333333333,0.02464227272727272,0.004508,0.031068,0.080228,0.037402399999999995,0.008418333333333333,0.36363636363636365,0.2727272727272727,0.2727272727272727,0.09090909090909091,0,0,0,0,0
45,2200_to_2299,2249.5,92,92,5,7,0.04741089130434783,0.04297267469879516,0.066041,0.24277600000000002,0.04518172479694219,0.028230775786071118,0.04741089130434783,0.04297267469879516,0.066041,0.24277600000000002,0.04518172479694219,0.028230775786071118,0.9021739130434783,0.043478260869565216,0.03260869565217391,0.010869565217391304,0.010869565217391304,0,0,0,0
1,2300_to_2399,2349.5,11,11,2,10,0.0063914545454545465,0.006156399999999999,0.026695,0.039783,0.012460036363636363,0.01191928888888889,0.0063914545454545465,0.006156399999999999,0.026695,0.039783,0.012460036363636363,0.01191928888888889,0.9090909090909091,0.09090909090909091,0,0,0,0,0,0,0
29,2300_to_2399,2349.5,14,14,1,3,0.004116642857142856,0.004116642857142856,0.02259,0.031442,0.00823042857142857,0.00823042857142857,0.004116642857142856,0.004116642857142856,0.02259,0.031442,0.00823042857142857,0.00823042857142857,1,0,0,0,0,0,0,0,0
31,2300_to_2399,2349.5,11,11,9,11,0.015155090909090908,1.5e-6,0.022454000000000002,0.048813,0.017487672727272727,3e-6,0.015155090909090908,1.5e-6,0.022454000000000002,0.048813,0.017487672727272727,3e-6,0.18181818181818182,0.18181818181818182,0.09090909090909091,0.09090909090909091,0.09090909090909091,0.09090909090909091,0.09090909090909091,0.09090909090909091,0.09090909090909091
41,2300_to_2399,2349.5,6,6,4,6,0.015369833333333333,0.010320333333333332,0.013314999999999999,0.04399,0.02489953333333333,0.011763999999999998,0.015369833333333333,0.010320333333333332,0.013314999999999999,0.04399,0.02489953333333333,0.011763999999999998,0.5,0.16666666666666666,0.16666666666666666,0.16666666666666666,0,0,0,0,0
42,2300_to_2399,2349.5,40,40,5,17,0.026497374999999997,0.02596283333333333,0.066114,0.119845,0.035996057692307695,0.0338992253968254,0.026497374999999997,0.02596283333333333,0.066114,0.119845,0.035996057692307695,0.0338992253968254,0.9,0.025,0.025,0.025,0.025,0,0,0,0
44,2300_to_2399,2349.5,11,11,3,8,0.035382363636363635,0.0169522,0.026194000000000002,0.097468,0.0526584,0.0221458,0.035382363636363635,0.0169522,0.026194000000000002,0.097468,0.0526584,0.0221458,0.45454545454545453,0.2727272727272727,0.2727272727272727,0,0,0,0,0,0
45,2300_to_2399,2349.5,92,92,6,6,0.1095694673913043,0.09251241860465115,0.055573,0.24718600000000002,0.048893092451027236,0.03439763720930233,0.1095694673913043,0.09251241860465115,0.055573,0.24718600000000002,0.048893092451027236,0.03439763720930233,0.9347826086956522,0.021739130434782608,0.010869565217391304,0.010869565217391304,0.010869565217391304,0.010869565217391304,0,0,0
1,2400_to_2499,2449.5,11,11,5,8,0.010322909090909093,0.009086,0.041303,0.065609,0.01977272727272727,0.018169666666666667,0.010322909090909093,0.009086,0.041303,0.065609,0.01977272727272727,0.018169666666666667,0.36363636363636365,0.2727272727272727,0.18181818181818182,0.09090909090909091,0.09090909090909091,0,0,0,0
29,2400_to_2499,2449.5,14,14,1,7,0.005150357142857143,0.005150357142857143,0.016294,0.032269000000000006,0.010209307692307693,0.010209307692307693,0.005150357142857143,0.005150357142857143,0.016294,0.032269000000000006,0.010209307692307693,0.010209307692307693,1,0,0,0,0,0,0,0,0
31,2400_to_2499,2449.5,11,11,5,11,0.010841545454545454,0.007401857142857142,0.011896999999999998,0.023895,0.0100004,0.009134571428571428,0.010841545454545454,0.007401857142857142,0.011896999999999998,0.023895,0.0100004,0.009134571428571428,0.6363636363636364,0.09090909090909091,0.09090909090909091,0.09090909090909091,0.09090909090909091,0,0,0,0
41,2400_to_2499,2449.5,6,6,4,5,0.010627,0.00198,0.008049,0.031911999999999996,0.0164796,0.00396,0.010627,0.00198,0.008049,0.031911999999999996,0.0164796,0.00396,0.3333333333333333,0.3333333333333333,0.16666666666666666,0.16666666666666666,0,0,0,0,0
42,2400_to_2499,2449.5,40,40,3,6,0.03952155,0.03852850000000001,0.051119,0.107494,0.03379836153846154,0.03219283214793742,0.03952155,0.03852850000000001,0.051119,0.107494,0.03379836153846154,0.03219283214793742,0.95,0.025,0.025,0,0,0,0,0,0
44,2400_to_2499,2449.5,11,11,2,7,0.022378545454545457,0.014286624999999999,0.024689,0.07687,0.0345996,0.025789607142857142,0.022378545454545457,0.014286624999999999,0.024689,0.07687,0.0345996,0.025789607142857142,0.7272727272727273,0.2727272727272727,0,0,0,0,0,0,0
45,2400_to_2499,2449.5,92,92,4,6,0.06980671739130435,0.058604252873563224,0.068137,0.20137000000000005,0.036666259436215966,0.027293152098369425,0.06980671739130435,0.058604252873563224,0.068137,0.20137000000000005,0.036666259436215966,0.027293152098369425,0.9456521739130435,0.03260869565217391,0.010869565217391304,0.010869565217391304,0,0,0,0,0
1,2500_to_2599,2549.5,11,11,3,9,0.012281909090909092,0.006454666666666666,0.019558,0.031087,0.011821890909090908,0.012692,0.012281909090909092,0.006454666666666666,0.019558,0.031087,0.011821890909090908,0.012692,0.8181818181818182,0.09090909090909091,0.09090909090909091,0,0,0,0,0,0
29,2500_to_2599,2549.5,14,14,1,8,0.005534857142857143,0.005534857142857143,0.015798,0.027469,0.010982505494505494,0.010982505494505494,0.005534857142857143,0.005534857142857143,0.015798,0.027469,0.010982505494505494,0.010982505494505494,1,0,0,0,0,0,0,0,0
31,2500_to_2599,2549.5,11,11,6,8,0.02427845454545455,0.00582725,0.027072000000000002,0.04269100000000001,0.016961636363636366,0.011652833333333334,0.02427845454545455,0.00582725,0.027072000000000002,0.04269100000000001,0.016961636363636366,0.011652833333333334,0.36363636363636365,0.18181818181818182,0.18181818181818182,0.09090909090909091,0.09090909090909091,0.09090909090909091,0,0,0
41,2500_to_2599,2549.5,6,6,4,4,0.010333,0.010394666666666667,0.011703,0.03489,0.016539733333333334,0.012987333333333333,0.010333,0.010394666666666667,0.011703,0.03489,0.016539733333333334,0.012987333333333333,0.5,0.16666666666666666,0.16666666666666666,0.16666666666666666,0,0,0,0,0
42,2500_to_2599,2549.5,40,40,2,16,0.0124274,0.011654307692307695,0.03483,0.066237,0.01925442307692308,0.017748793522267207,0.0124274,0.011654307692307695,0.03483,0.066237,0.01925442307692308,0.017748793522267207,0.975,0.025,0,0,0,0,0,0,0
44,2500_to_2599,2549.5,11,11,3,7,0.02153009090909091,0.0032876666666666666,0.027151999999999996,0.058448999999999994,0.021358145454545452,0.0059364000000000005,0.02153009090909091,0.0032876666666666666,0.027151999999999996,0.058448999999999994,0.021358145454545452,0.0059364000000000005,0.5454545454545454,0.2727272727272727,0.18181818181818182,0,0,0,0,0,0
45,2500_to_2599,2549.5,92,92,6,8,0.033163076086956525,0.024682345238095243,0.043813,0.136792,0.027896850692785476,0.019963067986230636,0.033163076086956525,0.024682345238095243,0.043813,0.136792,0.027896850692785476,0.019963067986230636,0.9130434782608695,0.03260869565217391,0.021739130434782608,0.010869565217391304,0.010869565217391304,0.010869565217391304,0,0,0
1,2600_to_2699,2649.5,11,11,5,8,0.014384272727272725,0.0067655,0.016507,0.032871,0.015236654545454545,0.012449933333333333,0.014384272727272725,0.0067655,0.016507,0.032871,0.015236654545454545,0.012449933333333333,0.5454545454545454,0.18181818181818182,0.09090909090909091,0.09090909090909091,0.09090909090909091,0,0,0,0
29,2600_to_2699,2649.5,14,14,1,9,0.005891785714285715,0.005891785714285715,0.025445,0.03777200000000001,0.011689,0.011689,0.005891785714285715,0.005891785714285715,0.025445,0.03777200000000001,0.011689,0.011689,1,0,0,0,0,0,0,0,0
31,2600_to_2699,2649.5,11,11,5,9,0.011075363636363637,0.0048590000000000005,0.012408,0.028803000000000002,0.011412872727272727,0.0048656,0.011075363636363637,0.0048590000000000005,0.012408,0.028803000000000002,0.011412872727272727,0.0048656,0.45454545454545453,0.2727272727272727,0.09090909090909091,0.09090909090909091,0.09090909090909091,0,0,0,0
41,2600_to_2699,2649.5,6,6,2,5,0.014308000000000001,0.015551400000000002,0.012406,0.045049,0.023717733333333334,0.0253732,0.014308000000000001,0.015551400000000002,0.012406,0.045049,0.023717733333333334,0.0253732,0.8333333333333334,0.16666666666666666,0,0,0,0,0,0,0
42,2600_to_2699,2649.5,40,40,3,23,0.023796200000000007,0.023562789473684214,0.033866,0.07863500000000001,0.02278931794871795,0.022751564722617353,0.023796200000000007,0.023562789473684214,0.033866,0.07863500000000001,0.02278931794871795,0.022751564722617353,0.95,0.025,0.025,0,0,0,0,0,0
44,2600_to_2699,2649.5,11,11,3,7,0.02041609090909091,0.010933499999999999,0.025023,0.078374,0.03106389090909091,0.017961266666666666,0.02041609090909091,0.010933499999999999,0.025023,0.078374,0.03106389090909091,0.017961266666666666,0.5454545454545454,0.36363636363636365,0.09090909090909091,0,0,0,0,0,0
45,2600_to_2699,2649.5,92,92,6,7,0.038436076086956525,0.03459152380952381,0.042083,0.18935600000000002,0.037214691113234596,0.024259065404475044,0.038436076086956525,0.03459152380952381,0.042083,0.18935600000000002,0.037214691113234596,0.024259065404475044,0.9130434782608695,0.03260869565217391,0.021739130434782608,0.010869565217391304,0.010869565217391304,0.010869565217391304,0,0,0
1,2700_to_2799,2749.5,11,11,6,9,0.011500818181818183,0.00923,0.036383,0.064082,0.017757636363636364,0.018458,0.011500818181818183,0.00923,0.036383,0.064082,0.017757636363636364,0.018458,0.2727272727272727,0.18181818181818182,0.18181818181818182,0.18181818181818182,0.09090909090909091,0.09090909090909091,0,0,0
29,2700_to_2799,2749.5,14,14,1,6,0.003629285714285714,0.003629285714285714,0.015663,0.023488000000000002,0.007169736263736264,0.007169736263736264,0.003629285714285714,0.003629285714285714,0.015663,0.023488000000000002,0.007169736263736264,0.007169736263736264,1,0,0,0,0,0,0,0,0
31,2700_to_2799,2749.5,11,11,3,8,0.0054150000000000005,0.005306166666666667,0.020123000000000002,0.036105000000000005,0.010827018181818183,0.010610733333333334,0.0054150000000000005,0.005306166666666667,0.020123000000000002,0.036105000000000005,0.010827018181818183,0.010610733333333334,0.5454545454545454,0.36363636363636365,0.09090909090909091,0,0,0,0,0,0
41,2700_to_2799,2749.5,6,6,3,5,0.0032676666666666657,2e-6,0.011793999999999999,0.015693,0.0060144,3.3333333333333333e-6,0.0032676666666666657,2e-6,0.011793999999999999,0.015693,0.0060144,3.3333333333333333e-6,0.5,0.3333333333333333,0.16666666666666666,0,0,0,0,0,0
42,2700_to_2799,2749.5,40,40,1,17,0.01489802499999999,0.01489802499999999,0.049911,0.08130599999999999,0.019438785897435897,0.019438785897435897,0.01489802499999999,0.01489802499999999,0.049911,0.08130599999999999,0.019438785897435897,0.019438785897435897,1,0,0,0,0,0,0,0,0
44,2700_to_2799,2749.5,11,11,2,5,0.0266080909090909,0.005045999999999999,0.035121999999999994,0.066666,0.03530450909090909,0.008942533333333334,0.0266080909090909,0.005045999999999999,0.035121999999999994,0.066666,0.03530450909090909,0.008942533333333334,0.5454545454545454,0.45454545454545453,0,0,0,0,0,0,0
45,2700_to_2799,2749.5,92,92,6,9,0.03817219565217393,0.0328505487804878,0.055026,0.15986300000000003,0.03811871906354516,0.025871829268292686,0.03817219565217393,0.0328505487804878,0.055026,0.15986300000000003,0.03811871906354516,0.025871829268292686,0.8913043478260869,0.05434782608695652,0.021739130434782608,0.010869565217391304,0.010869565217391304,0.010869565217391304,0,0,0
1,2800_to_2899,2849.5,11,11,4,8,0.012473454545454545,0.010671285714285715,0.015707,0.03547,0.01771538181818182,0.019094,0.012473454545454545,0.010671285714285715,0.015707,0.03547,0.01771538181818182,0.019094,0.6363636363636364,0.18181818181818182,0.09090909090909091,0.09090909090909091,0,0,0,0,0
29,2800_to_2899,2849.5,14,14,1,9,0.0045025714285714296,0.0045025714285714296,0.011897,0.023791,0.008913802197802197,0.008913802197802197,0.0045025714285714296,0.0045025714285714296,0.011897,0.023791,0.008913802197802197,0.008913802197802197,1,0,0,0,0,0,0,0,0
31,2800_to_2899,2849.5,11,11,3,10,0.004301727272727273,0.0039506666666666666,0.015994,0.023836,0.008457745454545454,0.007679722222222222,0.004301727272727273,0.0039506666666666666,0.015994,0.023836,0.008457745454545454,0.007679722222222222,0.8181818181818182,0.09090909090909091,0.09090909090909091,0,0,0,0,0,0
41,2800_to_2899,2849.5,6,6,5,5,0.014068833333333336,1e-6,0.032850000000000004,0.057113000000000004,0.023461400000000004,2e-6,0.014068833333333336,1e-6,0.032850000000000004,0.057113000000000004,0.023461400000000004,2e-6,0.3333333333333333,0.16666666666666666,0.16666666666666666,0.16666666666666666,0.16666666666666666,0,0,0,0
42,2800_to_2899,2849.5,40,40,1,19,0.018063425000000004,0.018063425000000004,0.072902,0.104471,0.02178169358974359,0.02178169358974359,0.018063425000000004,0.018063425000000004,0.072902,0.104471,0.02178169358974359,0.02178169358974359,1,0,0,0,0,0,0,0,0
44,2800_to_2899,2849.5,11,11,2,4,0.032295727272727275,0.009818666666666668,0.039382000000000014,0.08712300000000002,0.04585418181818183,0.0185916,0.032295727272727275,0.009818666666666668,0.039382000000000014,0.08712300000000002,0.04585418181818183,0.0185916,0.5454545454545454,0.45454545454545453,0,0,0,0,0,0,0
45,2800_to_2899,2849.5,92,92,5,6,0.07960722826086954,0.04593909523809522,0.063202,0.21604800000000002,0.04183407907310081,0.026092289730349973,0.07960722826086954,0.04593909523809522,0.063202,0.21604800000000002,0.04183407907310081,0.026092289730349973,0.9130434782608695,0.03260869565217391,0.03260869565217391,0.010869565217391304,0.010869565217391304,0,0,0,0
1,2900_to_2999,2949.5,11,11,7,10,0.00854509090909091,0.0040856,0.025070000000000002,0.045486,0.011800363636363637,0.0081692,0.00854509090909091,0.0040856,0.025070000000000002,0.045486,0.011800363636363637,0.0081692,0.45454545454545453,0.09090909090909091,0.09090909090909091,0.09090909090909091,0.09090909090909091,0.09090909090909091,0.09090909090909091,0,0
29,2900_to_2999,2949.5,14,14,2,8,0.004352428571428572,0.004375846153846155,0.016455,0.024583,0.008613604395604397,0.008645641025641027,0.004352428571428572,0.004375846153846155,0.016455,0.024583,0.008613604395604397,0.008645641025641027,0.9285714285714286,0.07142857142857142,0,0,0,0,0,0,0
31,2900_to_2999,2949.5,11,11,3,10,0.0037403636363636363,0.004119111111111111,0.020834,0.024904,0.007477054545454546,0.008233666666666667,0.0037403636363636363,0.004119111111111111,0.020834,0.024904,0.007477054545454546,0.008233666666666667,0.8181818181818182,0.09090909090909091,0.09090909090909091,0,0,0,0,0,0
41,2900_to_2999,2949.5,6,6,5,5,0.004727166666666668,1e-6,0.008107,0.016205999999999998,0.008373666666666666,2e-6,0.004727166666666668,1e-6,0.008107,0.016205999999999998,0.008373666666666666,2e-6,0.3333333333333333,0.16666666666666666,0.16666666666666666,0.16666666666666666,0.16666666666666666,0,0,0,0
42,2900_to_2999,2949.5,40,40,1,14,0.023860874999999997,0.023860874999999997,0.047294,0.096284,0.02362005,0.02362005,0.023860874999999997,0.023860874999999997,0.047294,0.096284,0.02362005,0.02362005,1,0,0,0,0,0,0,0,0
44,2900_to_2999,2949.5,11,11,3,6,0.025651454545454543,0.012934333333333332,0.025015000000000003,0.066443,0.03605770909090909,0.024787466666666667,0.025651454545454543,0.012934333333333332,0.025015000000000003,0.066443,0.03605770909090909,0.024787466666666667,0.5454545454545454,0.2727272727272727,0.18181818181818182,0,0,0,0,0,0
45,2900_to_2999,2949.5,92,92,7,9,0.05220801086956521,0.052490178571428577,0.07287,0.18401900000000004,0.031806288342092696,0.020653399598393574,0.05220801086956521,0.052490178571428577,0.07287,0.18401900000000004,0.031806288342092696,0.020653399598393574,0.9130434782608695,0.03260869565217391,0.010869565217391304,0.010869565217391304,0.010869565217391304,0.010869565217391304,0.010869565217391304,0,0
1,3000_to_3099,3049.5,11,11,7,7,0.03901872727272728,0.011919333333333332,0.04764700000000001,0.09518200000000002,0.039406072727272735,0.015902666666666666,0.03901872727272728,0.011919333333333332,0.04764700000000001,0.09518200000000002,0.039406072727272735,0.015902666666666666,0.2727272727272727,0.2727272727272727,0.09090909090909091,0.09090909090909091,0.09090909090909091,0.09090909090909091,0.09090909090909091,0,0
29,3000_to_3099,3049.5,14,14,1,6,0.005712571428571428,0.005712571428571428,0.020359,0.032354999999999995,0.011421978021978021,0.011421978021978021,0.005712571428571428,0.005712571428571428,0.020359,0.032354999999999995,0.011421978021978021,0.011421978021978021,1,0,0,0,0,0,0,0,0
31,3000_to_3099,3049.5,11,11,2,9,0.040182545454545464,0.0115563,0.075534,0.09962,0.024341818181818183,0.01039771111111111,0.040182545454545464,0.0115563,0.075534,0.09962,0.024341818181818183,0.01039771111111111,0.9090909090909091,0.09090909090909091,0,0,0,0,0,0,0
41,3000_to_3099,3049.5,6,6,2,6,0.027159833333333338,0.025424000000000002,0.035831,0.083484,0.0384366,0.0270274,0.027159833333333338,0.025424000000000002,0.035831,0.083484,0.0384366,0.0270274,0.8333333333333334,0.16666666666666666,0,0,0,0,0,0,0
42,3000_to_3099,3049.5,40,40,2,9,0.032421099999999994,0.016251846153846148,0.057416,0.093127,0.02611028717948718,0.023607257759784075,0.032421099999999994,0.016251846153846148,0.057416,0.093127,0.02611028717948718,0.023607257759784075,0.975,0.025,0,0,0,0,0,0,0
44,3000_to_3099,3049.5,11,11,1,5,0.010831181818181816,0.010831181818181816,0.015965,0.039708,0.017757963636363637,0.017757963636363637,0.010831181818181816,0.010831181818181816,0.015965,0.039708,0.017757963636363637,0.017757963636363637,1,0,0,0,0,0,0,0,0
45,3000_to_3099,3049.5,92,92,5,7,0.06476810869565215,0.06675487356321837,0.063788,0.18544500000000003,0.03458984424271381,0.027350224538893346,0.06476810869565215,0.06675487356321837,0.063788,0.18544500000000003,0.03458984424271381,0.027350224538893346,0.9456521739130435,0.021739130434782608,0.010869565217391304,0.010869565217391304,0.010869565217391304,0,0,0,0
1,3100_to_3199,3149.5,11,11,4,10,0.007640727272727272,0.003931166666666667,0.028931000000000002,0.040752000000000003,0.01484930909090909,0.007859666666666666,0.007640727272727272,0.003931166666666667,0.028931000000000002,0.040752000000000003,0.01484930909090909,0.007859666666666666,0.5454545454545454,0.2727272727272727,0.09090909090909091,0.09090909090909091,0,0,0,0,0
29,3100_to_3199,3149.5,14,14,2,9,0.0048105000000000005,0.004270538461538461,0.012022,0.023849999999999996,0.009531637362637362,0.008436948717948718,0.0048105000000000005,0.004270538461538461,0.012022,0.023849999999999996,0.009531637362637362,0.008436948717948718,0.9285714285714286,0.07142857142857142,0,0,0,0,0,0,0
31,3100_to_3199,3149.5,11,11,4,9,0.006880181818181818,0.006501000000000001,0.024475,0.032424999999999995,0.00861650909090909,0.008791785714285714,0.006880181818181818,0.006501000000000001,0.024475,0.032424999999999995,0.00861650909090909,0.008791785714285714,0.7272727272727273,0.09090909090909091,0.09090909090909091,0.09090909090909091,0,0,0,0,0
41,3100_to_3199,3149.5,6,6,5,5,0.006662666666666667,0.0101475,0.020294,0.028166,0.011227733333333333,0.020295,0.006662666666666667,0.0101475,0.020294,0.028166,0.011227733333333333,0.020295,0.3333333333333333,0.16666666666666666,0.16666666666666666,0.16666666666666666,0.16666666666666666,0,0,0,0
42,3100_to_3199,3149.5,40,40,1,18,0.013938925000000001,0.013938925000000001,0.041506,0.06981100000000001,0.02019944230769231,0.02019944230769231,0.013938925000000001,0.013938925000000001,0.041506,0.06981100000000001,0.02019944230769231,0.02019944230769231,1,0,0,0,0,0,0,0,0
44,3100_to_3199,3149.5,11,11,1,4,0.020379454545454548,0.020379454545454548,0.016235,0.052476,0.02831658181818182,0.02831658181818182,0.020379454545454548,0.020379454545454548,0.016235,0.052476,0.02831658181818182,0.02831658181818182,1,0,0,0,0,0,0,0,0
45,3100_to_3199,3149.5,92,92,6,10,0.04713651086956523,0.016095599999999995,0.068768,0.19109400000000004,0.03843083014811276,0.023812993670886077,0.04713651086956523,0.016095599999999995,0.068768,0.19109400000000004,0.03843083014811276,0.023812993670886077,0.8695652173913043,0.07608695652173914,0.021739130434782608,0.010869565217391304,0.010869565217391304,0.010869565217391304,0,0,0
1,3200_to_3299,3249.5,11,11,6,9,0.00590209090909091,0.009098799999999999,0.015612,0.034602999999999995,0.011389127272727272,0.0159352,0.00590209090909091,0.009098799999999999,0.015612,0.034602999999999995,0.011389127272727272,0.0159352,0.45454545454545453,0.18181818181818182,0.09090909090909091,0.09090909090909091,0.09090909090909091,0.09090909090909091,0,0,0
29,3200_to_3299,3249.5,14,14,1,6,0.005135571428571429,0.005135571428571429,0.015246,0.030495999999999995,0.010267626373626373,0.010267626373626373,0.005135571428571429,0.005135571428571429,0.015246,0.030495999999999995,0.010267626373626373,0.010267626373626373,1,0,0,0,0,0,0,0,0
31,3200_to_3299,3249.5,11,11,1,9,0.009676454545454545,0.009676454545454545,0.015505,0.026884,0.009433636363636365,0.009433636363636365,0.009676454545454545,0.009676454545454545,0.015505,0.026884,0.009433636363636365,0.009433636363636365,1,0,0,0,0,0,0,0,0
41,3200_to_3299,3249.5,6,6,4,5,0.030576000000000002,0.003772,0.04240800000000001,0.072714,0.04030386666666667,0.007544,0.030576000000000002,0.003772,0.04240800000000001,0.072714,0.04030386666666667,0.007544,0.3333333333333333,0.3333333333333333,0.16666666666666666,0.16666666666666666,0,0,0,0,0
42,3200_to_3299,3249.5,40,40,1,11,0.017174150000000003,0.017174150000000003,0.051743000000000004,0.09389500000000002,0.021244751282051284,0.021244751282051284,0.017174150000000003,0.017174150000000003,0.051743000000000004,0.09389500000000002,0.021244751282051284,0.021244751282051284,1,0,0,0,0,0,0,0,0
44,3200_to_3299,3249.5,11,11,1,7,0.009242,0.009242,0.015169,0.030144999999999998,0.01302,0.01302,0.009242,0.009242,0.015169,0.030144999999999998,0.01302,0.01302,1,0,0,0,0,0,0,0,0
45,3200_to_3299,3249.5,92,92,6,10,0.02317032608695652,0.019343812499999998,0.052291,0.182114,0.03406593263258481,0.023414905379746834,0.02317032608695652,0.019343812499999998,0.052291,0.182114,0.03406593263258481,0.023414905379746834,0.8695652173913043,0.07608695652173914,0.021739130434782608,0.010869565217391304,0.010869565217391304,0.010869565217391304,0,0,0
1,3300_to_3399,3349.5,11,11,7,7,0.009059636363636365,0.005077666666666667,0.023556,0.046468999999999996,0.016313345454545453,0.010154666666666666,0.009059636363636365,0.005077666666666667,0.023556,0.046468999999999996,0.016313345454545453,0.010154666666666666,0.2727272727272727,0.18181818181818182,0.18181818181818182,0.09090909090909091,0.09090909090909091,0.09090909090909091,0.09090909090909091,0,0
29,3300_to_3399,3349.5,14,14,2,7,0.005159071428571429,0.004977307692307692,0.026958,0.038385,0.010316274725274726,0.009952794871794872,0.005159071428571429,0.004977307692307692,0.026958,0.038385,0.010316274725274726,0.009952794871794872,0.9285714285714286,0.07142857142857142,0,0,0,0,0,0,0
31,3300_to_3399,3349.5,11,11,1,11,0.006996636363636364,0.006996636363636364,0.027259,0.050496,0.01399090909090909,0.01399090909090909,0.006996636363636364,0.006996636363636364,0.027259,0.050496,0.01399090909090909,0.01399090909090909,1,0,0,0,0,0,0,0,0
41,3300_to_3399,3349.5,6,6,5,5,0.0088865,0.0076985,0.015396,0.034353,0.015245,0.015397,0.0088865,0.0076985,0.015396,0.034353,0.015245,0.015397,0.3333333333333333,0.16666666666666666,0.16666666666666666,0.16666666666666666,0.16666666666666666,0,0,0,0
42,3300_to_3399,3349.5,40,40,1,2,0.0176568,0.0176568,0.039316,0.07740899999999999,0.015925869230769232,0.015925869230769232,0.0176568,0.0176568,0.039316,0.07740899999999999,0.015925869230769232,0.015925869230769232,1,0,0,0,0,0,0,0,0
44,3300_to_3399,3349.5,11,11,2,6,0.02443063636363637,0.005598833333333333,0.027435,0.07266500000000001,0.03294018181818182,0.006256466666666667,0.02443063636363637,0.005598833333333333,0.027435,0.07266500000000001,0.03294018181818182,0.006256466666666667,0.5454545454545454,0.45454545454545453,0,0,0,0,0,0,0
45,3300_to_3399,3349.5,92,92,6,10,0.051440630434782586,0.030880799999999993,0.060648,0.19320700000000002,0.048442091734352606,0.03174884493670886,0.051440630434782586,0.030880799999999993,0.060648,0.19320700000000002,0.048442091734352606,0.03174884493670886,0.8695652173913043,0.07608695652173914,0.021739130434782608,0.010869565217391304,0.010869565217391304,0.010869565217391304,0,0,0
1,3400_to_3499,3449.5,11,11,4,8,0.011179545454545456,0.011300250000000001,0.046252,0.070527,0.02176698181818182,0.02145357142857143,0.011179545454545456,0.011300250000000001,0.046252,0.070527,0.02176698181818182,0.02145357142857143,0.7272727272727273,0.09090909090909091,0.09090909090909091,0.09090909090909091,0,0,0,0,0
29,3400_to_3499,3449.5,14,14,2,8,0.010998785714285711,0.007216538461538463,0.020486,0.036931000000000005,0.015116494505494505,0.014429153846153847,0.010998785714285711,0.007216538461538463,0.020486,0.036931000000000005,0.015116494505494505,0.014429153846153847,0.9285714285714286,0.07142857142857142,0,0,0,0,0,0,0
31,3400_to_3499,3449.5,11,11,5,9,0.005502636363636363,0.004037142857142857,0.012195,0.024349999999999997,0.011000763636363636,0.008072,0.005502636363636363,0.004037142857142857,0.012195,0.024349999999999997,0.011000763636363636,0.008072,0.6363636363636364,0.09090909090909091,0.09090909090909091,0.09090909090909091,0.09090909090909091,0,0,0,0
41,3400_to_3499,3449.5,6,6,3,4,0.003365333333333333,2e-6,0.008115999999999998,0.012137999999999998,0.005121999999999999,3.3333333333333333e-6,0.003365333333333333,2e-6,0.008115999999999998,0.012137999999999998,0.005121999999999999,3.3333333333333333e-6,0.5,0.3333333333333333,0.16666666666666666,0,0,0,0,0,0
42,3400_to_3499,3449.5,40,40,1,17,0.017468225000000007,0.017468225000000007,0.033692,0.08212900000000001,0.024855926923076924,0.024855926923076924,0.017468225000000007,0.017468225000000007,0.033692,0.08212900000000001,0.024855926923076924,0.024855926923076924,1,0,0,0,0,0,0,0,0
44,3400_to_3499,3449.5,11,11,1,4,0.02227790909090909,0.02227790909090909,0.024345,0.062231999999999996,0.030539927272727273,0.030539927272727273,0.02227790909090909,0.02227790909090909,0.024345,0.062231999999999996,0.030539927272727273,0.030539927272727273,1,0,0,0,0,0,0,0,0
45,3400_to_3499,3449.5,92,92,7,8,0.05095389130434779,0.03598739285714285,0.077565,0.212887,0.038462723841376015,0.024884127653471026,0.05095389130434779,0.03598739285714285,0.077565,0.212887,0.038462723841376015,0.024884127653471026,0.9130434782608695,0.021739130434782608,0.021739130434782608,0.010869565217391304,0.010869565217391304,0.010869565217391304,0.010869565217391304,0,0
1,3500_to_3599,3549.5,11,11,2,7,0.006870727272727273,0.0071627999999999995,0.016053,0.032088000000000005,0.01316338181818182,0.013620044444444444,0.006870727272727273,0.0071627999999999995,0.016053,0.032088000000000005,0.01316338181818182,0.013620044444444444,0.9090909090909091,0.09090909090909091,0,0,0,0,0,0,0
29,3500_to_3599,3549.5,14,14,1,7,0.008208214285714287,0.008208214285714287,0.01202,0.020012,0.009547219780219779,0.009547219780219779,0.008208214285714287,0.008208214285714287,0.01202,0.020012,0.009547219780219779,0.009547219780219779,1,0,0,0,0,0,0,0,0
31,3500_to_3599,3549.5,11,11,7,9,0.008306000000000001,0.00598775,0.012044999999999998,0.024068,0.011434581818181818,0.011974166666666666,0.008306000000000001,0.00598775,0.012044999999999998,0.024068,0.011434581818181818,0.011974166666666666,0.36363636363636365,0.18181818181818182,0.09090909090909091,0.09090909090909091,0.09090909090909091,0.09090909090909091,0.09090909090909091,0,0
41,3500_to_3599,3549.5,6,6,2,4,0.0145835,0.0159188,0.012058,0.035937,0.017544866666666666,0.0175644,0.0145835,0.0159188,0.012058,0.035937,0.017544866666666666,0.0175644,0.8333333333333334,0.16666666666666666,0,0,0,0,0,0,0
42,3500_to_3599,3549.5,40,40,1,13,0.021097625,0.021097625,0.041767,0.077849,0.02189749358974359,0.02189749358974359,0.021097625,0.021097625,0.041767,0.077849,0.02189749358974359,0.02189749358974359,1,0,0,0,0,0,0,0,0
44,3500_to_3599,3549.5,11,11,1,3,0.014482272727272727,0.014482272727272727,0.016093,0.05205,0.02462621818181818,0.02462621818181818,0.014482272727272727,0.014482272727272727,0.016093,0.05205,0.02462621818181818,0.02462621818181818,1,0,0,0,0,0,0,0,0
45,3500_to_3599,3549.5,92,92,6,7,0.04685264130434783,0.04489635714285713,0.05482,0.199225,0.04097992379359771,0.027423975329890993,0.04685264130434783,0.04489635714285713,0.05482,0.199225,0.04097992379359771,0.027423975329890993,0.9130434782608695,0.03260869565217391,0.021739130434782608,0.010869565217391304,0.010869565217391304,0.010869565217391304,0,0,0
