dataset,phylo_prec,phylo_rec,phylo_f1,phylo_complex_prec,phylo_complex_rec,phylo_complex_f1,tnet_prec,tnet_rec,tnet_f1
SEIR015_sl1000_mr0125_nv10_1,1.0,0.904,0.95,1.0,0.959,0.979,1.0,0.849,0.919
SEIR015_sl1000_mr0125_nv10_10,1.0,0.842,0.914,0.941,0.842,0.889,0.941,0.842,0.889
SEIR015_sl1000_mr0125_nv10_11,1.0,0.692,0.818,0.818,0.692,0.75,1.0,0.846,0.917
SEIR015_sl1000_mr0125_nv10_12,1.0,0.643,0.783,1.0,0.714,0.833,1.0,0.714,0.833
SEIR015_sl1000_mr0125_nv10_13,0.979,0.94,0.959,0.979,0.94,0.959,0.98,0.96,0.97
SEIR015_sl1000_mr0125_nv10_14,0.975,0.75,0.848,0.909,0.769,0.833,0.978,0.865,0.918
SEIR015_sl1000_mr0125_nv10_15,0.967,0.644,0.773,0.935,0.644,0.763,0.964,0.6,0.74
SEIR015_sl1000_mr0125_nv10_16,0.974,0.587,0.733,0.896,0.683,0.775,0.961,0.778,0.86
SEIR015_sl1000_mr0125_nv10_17,1.0,0.692,0.818,0.875,0.808,0.84,0.962,0.962,0.962
SEIR015_sl1000_mr0125_nv10_18,1.0,0.7,0.824,0.889,0.8,0.842,1.0,0.9,0.947
SEIR015_sl1000_mr0125_nv10_19,1.0,0.548,0.708,0.95,0.613,0.745,0.955,0.677,0.792
SEIR015_sl1000_mr0125_nv10_2,0.917,0.688,0.786,0.846,0.688,0.759,0.923,0.75,0.828
SEIR015_sl1000_mr0125_nv10_20,1.0,0.829,0.907,1.0,0.951,0.975,0.976,0.976,0.976
SEIR015_sl1000_mr0125_nv10_3,1.0,0.667,0.8,0.75,0.667,0.706,1.0,1.0,1.0
SEIR015_sl1000_mr0125_nv10_4,1.0,0.7,0.824,1.0,0.8,0.889,1.0,0.9,0.947
SEIR015_sl1000_mr0125_nv10_5,0.979,0.922,0.949,0.979,0.922,0.949,0.946,0.686,0.795
SEIR015_sl1000_mr0125_nv10_6,1.0,0.8,0.889,0.966,0.8,0.875,0.967,0.829,0.892
SEIR015_sl1000_mr0125_nv10_7,1.0,0.765,0.867,1.0,0.912,0.954,1.0,0.868,0.929
SEIR015_sl1000_mr0125_nv10_8,1.0,0.778,0.875,0.933,0.778,0.848,0.938,0.833,0.882
SEIR015_sl1000_mr0125_nv10_9,1.0,0.524,0.688,0.933,0.667,0.778,0.812,0.619,0.703
SEIR015_sl1000_mr025_nv10_1,1.0,0.7,0.824,0.875,0.7,0.778,0.889,0.8,0.842
SEIR015_sl1000_mr025_nv10_10,0.8,0.364,0.5,0.667,0.364,0.471,0.833,0.909,0.87
SEIR015_sl1000_mr025_nv10_11,1.0,0.821,0.902,0.98,0.857,0.914,0.981,0.946,0.964
SEIR015_sl1000_mr025_nv10_12,1.0,0.1,0.182,0.6,0.3,0.4,1.0,0.7,0.824
SEIR015_sl1000_mr025_nv10_13,1.0,0.1,0.182,0.4,0.2,0.267,1.0,0.3,0.462
SEIR015_sl1000_mr025_nv10_14,0.85,0.68,0.756,0.783,0.72,0.75,0.87,0.8,0.833
SEIR015_sl1000_mr025_nv10_15,1.0,0.638,0.779,0.896,0.741,0.811,0.921,0.603,0.729
SEIR015_sl1000_mr025_nv10_16,1.0,0.571,0.727,1.0,0.571,0.727,1.0,0.786,0.88
SEIR015_sl1000_mr025_nv10_17,0.963,0.684,0.8,0.931,0.711,0.806,0.97,0.842,0.901
SEIR015_sl1000_mr025_nv10_18,1.0,0.676,0.806,0.839,0.703,0.765,0.969,0.838,0.899
SEIR015_sl1000_mr025_nv10_19,1.0,0.737,0.848,1.0,0.947,0.973,1.0,0.947,0.973
SEIR015_sl1000_mr025_nv10_2,0.98,0.875,0.925,0.982,0.964,0.973,0.943,0.893,0.917
SEIR015_sl1000_mr025_nv10_20,1.0,0.5,0.667,0.833,0.625,0.714,1.0,1.0,1.0
SEIR015_sl1000_mr025_nv10_3,1.0,0.783,0.878,0.976,0.891,0.932,0.978,0.978,0.978
SEIR015_sl1000_mr025_nv10_4,1.0,0.795,0.886,0.947,0.818,0.878,0.95,0.864,0.905
SEIR015_sl1000_mr025_nv10_5,1.0,0.917,0.957,0.979,0.958,0.968,0.977,0.896,0.935
SEIR015_sl1000_mr025_nv10_6,0.955,0.913,0.933,0.933,0.913,0.923,0.933,0.913,0.923
SEIR015_sl1000_mr025_nv10_7,0.833,0.556,0.667,0.833,0.556,0.667,0.889,0.889,0.889
SEIR015_sl1000_mr025_nv10_8,1.0,0.7,0.824,0.778,0.7,0.737,1.0,0.95,0.974
SEIR015_sl1000_mr025_nv10_9,1.0,0.857,0.923,0.942,0.875,0.907,0.981,0.911,0.944
SEIR015_sl1000_mr025_nv20_1,1.0,0.6,0.75,1.0,0.733,0.846,1.0,0.733,0.846
SEIR015_sl1000_mr025_nv20_10,1.0,0.222,0.364,0.833,0.556,0.667,1.0,0.778,0.875
SEIR015_sl1000_mr025_nv20_11,1.0,0.692,0.818,0.818,0.692,0.75,0.923,0.923,0.923
SEIR015_sl1000_mr025_nv20_12,0.923,0.6,0.727,0.778,0.7,0.737,0.889,0.8,0.842
SEIR015_sl1000_mr025_nv20_13,0.833,0.556,0.667,0.75,0.667,0.706,0.889,0.889,0.889
SEIR015_sl1000_mr025_nv20_14,0.955,0.955,0.955,0.955,0.955,0.955,0.955,0.955,0.955
SEIR015_sl1000_mr025_nv20_15,1.0,0.375,0.545,0.85,0.708,0.773,1.0,0.708,0.829
SEIR015_sl1000_mr025_nv20_16,0.897,0.867,0.881,0.9,0.9,0.9,0.9,0.9,0.9
SEIR015_sl1000_mr025_nv20_17,1.0,0.875,0.933,0.943,0.893,0.917,0.981,0.929,0.954
SEIR015_sl1000_mr025_nv20_18,1.0,0.615,0.762,0.853,0.744,0.795,1.0,0.846,0.917
SEIR015_sl1000_mr025_nv20_19,1.0,0.545,0.706,0.8,0.727,0.762,0.75,0.818,0.783
SEIR015_sl1000_mr025_nv20_2,1.0,0.6,0.75,0.909,0.8,0.851,0.958,0.92,0.939
SEIR015_sl1000_mr025_nv20_20,0.846,0.579,0.688,0.8,0.632,0.706,0.833,0.789,0.811
SEIR015_sl1000_mr025_nv20_3,1.0,0.712,0.832,0.965,0.833,0.894,0.979,0.712,0.825
SEIR015_sl1000_mr025_nv20_4,1.0,0.818,0.9,0.933,0.848,0.889,0.966,0.848,0.903
SEIR015_sl1000_mr025_nv20_5,1.0,0.974,0.987,1.0,0.974,0.987,0.974,0.974,0.974
SEIR015_sl1000_mr025_nv20_6,0.963,0.684,0.8,0.812,0.684,0.743,0.946,0.921,0.933
SEIR015_sl1000_mr025_nv20_7,0.935,0.806,0.866,0.829,0.806,0.817,0.944,0.944,0.944
SEIR015_sl1000_mr025_nv20_8,1.0,0.731,0.845,0.982,0.821,0.894,1.0,0.791,0.883
SEIR015_sl1000_mr025_nv20_9,1.0,0.889,0.941,0.944,0.944,0.944,0.944,0.944,0.944
SEIR015_sl1000_mr025_nv5_1,1.0,0.429,0.6,0.75,0.429,0.545,1.0,0.643,0.783
SEIR015_sl1000_mr025_nv5_10,1.0,0.417,0.588,0.958,0.639,0.767,0.952,0.556,0.702
SEIR015_sl1000_mr025_nv5_11,0.971,0.723,0.829,0.902,0.787,0.841,0.971,0.723,0.829
SEIR015_sl1000_mr025_nv5_12,0.778,0.636,0.7,0.778,0.636,0.7,1.0,0.364,0.533
SEIR015_sl1000_mr025_nv5_13,1.0,0.71,0.83,0.92,0.742,0.821,1.0,0.839,0.912
SEIR015_sl1000_mr025_nv5_14,0.917,0.733,0.815,0.846,0.733,0.786,0.867,0.867,0.867
SEIR015_sl1000_mr025_nv5_15,0.857,0.738,0.793,0.817,0.754,0.784,0.944,0.785,0.857
SEIR015_sl1000_mr025_nv5_16,1.0,0.846,0.917,0.957,0.846,0.898,1.0,0.808,0.894
SEIR015_sl1000_mr025_nv5_17,0.969,0.756,0.849,0.97,0.78,0.865,0.974,0.927,0.95
SEIR015_sl1000_mr025_nv5_18,0.875,0.636,0.737,0.857,0.655,0.742,0.9,0.655,0.758
SEIR015_sl1000_mr025_nv5_19,1.0,0.182,0.308,0.8,0.364,0.5,1.0,0.455,0.625
SEIR015_sl1000_mr025_nv5_2,1.0,0.444,0.615,1.0,0.444,0.615,1.0,0.667,0.8
SEIR015_sl1000_mr025_nv5_20,1.0,0.659,0.794,0.903,0.683,0.778,0.966,0.683,0.8
SEIR015_sl1000_mr025_nv5_3,0.929,0.481,0.634,0.941,0.593,0.727,0.933,0.519,0.667
SEIR015_sl1000_mr025_nv5_4,1.0,0.7,0.824,0.974,0.74,0.841,1.0,0.68,0.81
SEIR015_sl1000_mr025_nv5_5,1.0,0.333,0.5,0.889,0.381,0.533,0.909,0.476,0.625
SEIR015_sl1000_mr025_nv5_6,1.0,0.597,0.747,0.95,0.613,0.745,0.938,0.484,0.638
SEIR015_sl1000_mr025_nv5_7,1.0,0.846,0.917,0.957,0.846,0.898,1.0,0.808,0.894
SEIR015_sl1000_mr025_nv5_8,1.0,0.696,0.821,0.889,0.696,0.78,1.0,0.696,0.821
SEIR015_sl1000_mr025_nv5_9,0.947,0.45,0.61,0.84,0.525,0.646,0.96,0.6,0.738
SEIR015_sl1000_mr05_nv10_1,1.0,0.706,0.828,0.923,0.706,0.8,0.875,0.824,0.848
SEIR015_sl1000_mr05_nv10_10,0,0,0,0,0,0,1.0,0.889,0.941
SEIR015_sl1000_mr05_nv10_11,1.0,0.375,0.545,0.75,0.375,0.5,1.0,0.625,0.769
SEIR015_sl1000_mr05_nv10_12,1.0,0.25,0.4,0.6,0.375,0.462,1.0,1.0,1.0
SEIR015_sl1000_mr05_nv10_13,0.981,0.852,0.912,0.981,0.869,0.922,0.982,0.918,0.949
SEIR015_sl1000_mr05_nv10_14,1.0,0.804,0.892,0.953,0.891,0.921,0.976,0.891,0.932
SEIR015_sl1000_mr05_nv10_15,1.0,0.545,0.706,1.0,0.727,0.842,0.8,0.727,0.762
SEIR015_sl1000_mr05_nv10_16,1.0,0.78,0.877,1.0,0.854,0.921,0.923,0.878,0.9
SEIR015_sl1000_mr05_nv10_17,1.0,0.754,0.86,0.933,0.812,0.868,1.0,0.928,0.962
SEIR015_sl1000_mr05_nv10_18,0.962,0.61,0.746,0.903,0.683,0.778,0.946,0.854,0.897
SEIR015_sl1000_mr05_nv10_19,1.0,0.812,0.897,0.968,0.938,0.952,0.969,0.969,0.969
SEIR015_sl1000_mr05_nv10_2,0.975,0.929,0.951,0.975,0.929,0.951,0.949,0.881,0.914
SEIR015_sl1000_mr05_nv10_20,1.0,0.561,0.719,0.923,0.585,0.716,1.0,0.634,0.776
SEIR015_sl1000_mr05_nv10_3,0.978,0.786,0.871,0.939,0.821,0.876,0.98,0.875,0.925
SEIR015_sl1000_mr05_nv10_4,1.0,0.625,0.769,0.926,0.781,0.847,0.903,0.875,0.889
SEIR015_sl1000_mr05_nv10_5,1.0,0.727,0.842,0.889,0.727,0.8,0.9,0.818,0.857
SEIR015_sl1000_mr05_nv10_6,1.0,0.833,0.909,0.926,0.833,0.877,0.926,0.833,0.877
SEIR015_sl1000_mr05_nv10_7,0.875,0.538,0.667,0.833,0.769,0.8,0.769,0.769,0.769
SEIR015_sl1000_mr05_nv10_8,1.0,0.861,0.925,0.97,0.889,0.928,1.0,0.917,0.957
SEIR015_sl1000_mr05_nv10_9,1.0,0.6,0.75,0.9,0.6,0.72,0.909,0.667,0.769
SEIR015_sl250_mr025_nv10_1,0.8,0.235,0.364,0.667,0.588,0.625,0.929,0.765,0.839
SEIR015_sl250_mr025_nv10_10,1.0,0.542,0.703,0.92,0.78,0.844,0.975,0.661,0.788
SEIR015_sl250_mr025_nv10_11,0.727,0.235,0.356,0.478,0.324,0.386,0.75,0.441,0.556
SEIR015_sl250_mr025_nv10_12,1.0,0.395,0.567,0.69,0.465,0.556,0.903,0.651,0.757
SEIR015_sl250_mr025_nv10_13,1.0,0.625,0.769,0.909,0.625,0.741,1.0,0.688,0.815
SEIR015_sl250_mr025_nv10_14,1.0,0.12,0.214,0.429,0.36,0.391,0.95,0.76,0.844
SEIR015_sl250_mr025_nv10_15,0.958,0.469,0.63,0.841,0.755,0.796,0.9,0.735,0.809
SEIR015_sl250_mr025_nv10_16,0.667,0.148,0.242,0.733,0.407,0.524,0.842,0.593,0.696
SEIR015_sl250_mr025_nv10_17,1.0,0.083,0.154,1.0,0.25,0.4,0.667,0.333,0.444
SEIR015_sl250_mr025_nv10_18,0,0,0,0.667,0.545,0.6,0.4,0.182,0.25
SEIR015_sl250_mr025_nv10_19,1.0,0.378,0.549,0.917,0.595,0.721,1.0,0.541,0.702
SEIR015_sl250_mr025_nv10_2,1.0,0.136,0.24,0.846,0.5,0.629,0.833,0.455,0.588
SEIR015_sl250_mr025_nv10_20,1.0,0.424,0.596,0.893,0.758,0.82,0.933,0.848,0.889
SEIR015_sl250_mr025_nv10_3,0,0,0,0,0,0,0.667,0.267,0.381
SEIR015_sl250_mr025_nv10_4,1.0,0.4,0.571,0.75,0.6,0.667,0.85,0.68,0.756
SEIR015_sl250_mr025_nv10_5,1.0,0.125,0.222,0.5,0.125,0.2,1.0,0.5,0.667
SEIR015_sl250_mr025_nv10_6,1.0,0.486,0.654,0.655,0.543,0.594,0.893,0.714,0.794
SEIR015_sl250_mr025_nv10_7,1.0,0.375,0.545,0.556,0.625,0.588,0.75,0.75,0.75
SEIR015_sl250_mr025_nv10_8,1.0,0.667,0.8,0.905,0.704,0.792,0.958,0.852,0.902
SEIR015_sl250_mr025_nv10_9,0.857,0.4,0.545,0.533,0.533,0.533,0.867,0.867,0.867
SEIR015_sl500_mr025_nv10_1,1.0,0.6,0.75,0.667,0.6,0.632,0.727,0.8,0.762
SEIR015_sl500_mr025_nv10_10,0.974,0.884,0.927,0.929,0.907,0.918,0.95,0.884,0.916
SEIR015_sl500_mr025_nv10_11,0,0,0,0.6,0.375,0.462,1.0,0.625,0.769
SEIR015_sl500_mr025_nv10_12,1.0,0.83,0.907,0.957,0.849,0.9,0.957,0.83,0.889
SEIR015_sl500_mr025_nv10_13,1.0,0.643,0.783,0.72,0.643,0.679,0.962,0.893,0.926
SEIR015_sl500_mr025_nv10_14,1.0,0.111,0.2,1.0,0.222,0.364,0.875,0.778,0.824
SEIR015_sl500_mr025_nv10_15,1.0,0.862,0.926,0.981,0.897,0.937,0.981,0.914,0.946
SEIR015_sl500_mr025_nv10_16,1.0,0.417,0.588,0.778,0.583,0.667,1.0,0.75,0.857
SEIR015_sl500_mr025_nv10_17,1.0,0.5,0.667,0.727,0.571,0.64,1.0,0.786,0.88
SEIR015_sl500_mr025_nv10_18,1.0,0.885,0.939,0.958,0.885,0.92,0.913,0.808,0.857
SEIR015_sl500_mr025_nv10_19,1.0,0.5,0.667,0.857,0.6,0.706,1.0,1.0,1.0
SEIR015_sl500_mr025_nv10_2,1.0,0.5,0.667,0.833,0.625,0.714,0.75,0.75,0.75
SEIR015_sl500_mr025_nv10_20,1.0,0.766,0.867,0.898,0.828,0.862,1.0,0.859,0.924
SEIR015_sl500_mr025_nv10_3,0.75,0.405,0.526,0.577,0.405,0.476,0.88,0.595,0.71
SEIR015_sl500_mr025_nv10_4,0.952,0.488,0.645,0.912,0.756,0.827,0.941,0.78,0.853
SEIR015_sl500_mr025_nv10_5,1.0,0.786,0.88,0.917,0.786,0.846,0.933,1.0,0.966
SEIR015_sl500_mr025_nv10_6,1.0,0.526,0.69,0.929,0.684,0.788,1.0,0.947,0.973
SEIR015_sl500_mr025_nv10_7,0.974,0.597,0.74,0.792,0.613,0.691,0.925,0.597,0.725
SEIR015_sl500_mr025_nv10_8,1.0,0.522,0.686,0.769,0.597,0.672,0.929,0.776,0.846
SEIR015_sl500_mr025_nv10_9,1.0,0.455,0.625,0.636,0.636,0.636,0.636,0.636,0.636
SEIR01_sl1000_mr0125_nv10_1,1.0,0.778,0.875,1.0,0.833,0.909,1.0,0.889,0.941
SEIR01_sl1000_mr0125_nv10_10,0.96,0.889,0.923,0.962,0.926,0.943,0.925,0.907,0.916
SEIR01_sl1000_mr0125_nv10_11,1.0,0.923,0.96,1.0,0.923,0.96,0.917,0.846,0.88
SEIR01_sl1000_mr0125_nv10_12,1.0,0.4,0.571,1.0,0.4,0.571,1.0,0.8,0.889
SEIR01_sl1000_mr0125_nv10_13,1.0,0.7,0.824,0.889,0.8,0.842,1.0,1.0,1.0
SEIR01_sl1000_mr0125_nv10_14,0.966,0.933,0.949,0.966,0.933,0.949,0.933,0.933,0.933
SEIR01_sl1000_mr0125_nv10_15,1.0,0.792,0.884,0.952,0.833,0.889,0.95,0.792,0.864
SEIR01_sl1000_mr0125_nv10_16,0.8,0.571,0.667,0.8,0.571,0.667,0.857,0.857,0.857
SEIR01_sl1000_mr0125_nv10_17,0.778,0.583,0.667,0.667,0.667,0.667,0.833,0.833,0.833
SEIR01_sl1000_mr0125_nv10_18,0.907,0.867,0.886,0.886,0.867,0.876,0.889,0.889,0.889
SEIR01_sl1000_mr0125_nv10_19,1.0,0.767,0.868,1.0,0.867,0.929,0.966,0.933,0.949
SEIR01_sl1000_mr0125_nv10_2,1.0,0.731,0.844,0.955,0.808,0.875,1.0,1.0,1.0
SEIR01_sl1000_mr0125_nv10_20,0.952,0.8,0.87,0.875,0.84,0.857,0.96,0.96,0.96
SEIR01_sl1000_mr0125_nv10_3,1.0,0.895,0.944,1.0,0.974,0.987,0.974,0.974,0.974
SEIR01_sl1000_mr0125_nv10_4,0.857,0.75,0.8,0.818,0.75,0.783,0.864,0.792,0.826
SEIR01_sl1000_mr0125_nv10_5,1.0,0.872,0.932,0.956,0.915,0.935,1.0,1.0,1.0
SEIR01_sl1000_mr0125_nv10_6,0.913,0.875,0.894,0.913,0.875,0.894,0.891,0.854,0.872
SEIR01_sl1000_mr0125_nv10_7,1.0,0.872,0.932,1.0,0.872,0.932,1.0,0.872,0.932
SEIR01_sl1000_mr0125_nv10_8,0.8,0.667,0.727,0.8,0.667,0.727,0.667,0.667,0.667
SEIR01_sl1000_mr0125_nv10_9,0.979,0.979,0.979,0.979,0.979,0.979,0.979,0.979,0.979
SEIR01_sl1000_mr025_nv10_1,1.0,0.821,0.902,0.958,0.821,0.885,0.963,0.929,0.945
SEIR01_sl1000_mr025_nv10_10,0.875,0.778,0.824,0.7,0.778,0.737,0.8,0.889,0.842
SEIR01_sl1000_mr025_nv10_11,1.0,0.857,0.923,1.0,0.943,0.971,1.0,0.943,0.971
SEIR01_sl1000_mr025_nv10_12,0.833,0.625,0.714,0.833,0.625,0.714,0.625,0.625,0.625
SEIR01_sl1000_mr025_nv10_13,1.0,0.75,0.857,1.0,0.75,0.857,0.9,0.9,0.9
SEIR01_sl1000_mr025_nv10_14,0.966,0.824,0.889,0.969,0.912,0.939,0.938,0.882,0.909
SEIR01_sl1000_mr025_nv10_15,0.875,0.7,0.778,0.875,0.7,0.778,0.8,0.8,0.8
SEIR01_sl1000_mr025_nv10_16,0.95,0.905,0.927,0.927,0.905,0.916,0.974,0.905,0.938
SEIR01_sl1000_mr025_nv10_17,0.875,0.778,0.824,0.878,0.8,0.837,0.886,0.867,0.876
SEIR01_sl1000_mr025_nv10_18,0.875,0.778,0.824,0.875,0.778,0.824,0.778,0.778,0.778
SEIR01_sl1000_mr025_nv10_19,0.945,0.881,0.912,0.93,0.898,0.914,0.93,0.898,0.914
SEIR01_sl1000_mr025_nv10_2,0.909,0.909,0.909,0.909,0.909,0.909,0.909,0.909,0.909
SEIR01_sl1000_mr025_nv10_20,0.875,0.824,0.848,0.875,0.824,0.848,0.824,0.824,0.824
SEIR01_sl1000_mr025_nv10_3,0.933,0.857,0.894,0.894,0.857,0.875,0.915,0.878,0.896
SEIR01_sl1000_mr025_nv10_4,0.98,0.923,0.95,0.98,0.923,0.95,0.98,0.923,0.95
SEIR01_sl1000_mr025_nv10_5,0.925,0.841,0.881,0.86,0.841,0.851,0.929,0.886,0.907
SEIR01_sl1000_mr025_nv10_6,1.0,0.571,0.727,0.8,0.571,0.667,0.857,0.857,0.857
SEIR01_sl1000_mr025_nv10_7,0.861,0.775,0.816,0.861,0.775,0.816,0.861,0.775,0.816
SEIR01_sl1000_mr025_nv10_8,0.833,0.741,0.784,0.8,0.741,0.769,0.815,0.815,0.815
SEIR01_sl1000_mr025_nv10_9,0.932,0.872,0.901,0.932,0.872,0.901,0.933,0.894,0.913
SEIR01_sl1000_mr025_nv20_1,1.0,0.938,0.968,0.938,0.938,0.938,0.939,0.969,0.954
SEIR01_sl1000_mr025_nv20_10,1.0,0.556,0.714,0.833,0.556,0.667,0.875,0.778,0.824
SEIR01_sl1000_mr025_nv20_11,0.75,0.6,0.667,0.6,0.6,0.6,0.8,0.8,0.8
SEIR01_sl1000_mr025_nv20_12,1.0,0.833,0.909,0.938,0.833,0.882,0.944,0.944,0.944
SEIR01_sl1000_mr025_nv20_13,0.941,0.828,0.881,0.925,0.845,0.883,0.893,0.862,0.877
SEIR01_sl1000_mr025_nv20_14,0.9,0.692,0.783,0.909,0.769,0.833,0.923,0.923,0.923
SEIR01_sl1000_mr025_nv20_15,1.0,0.957,0.978,1.0,0.957,0.978,0.957,0.957,0.957
SEIR01_sl1000_mr025_nv20_16,1.0,0.286,0.444,0.833,0.714,0.769,1.0,1.0,1.0
SEIR01_sl1000_mr025_nv20_17,0.955,0.84,0.894,0.955,0.84,0.894,0.96,0.96,0.96
SEIR01_sl1000_mr025_nv20_18,0.957,0.846,0.898,0.92,0.885,0.902,0.885,0.885,0.885
SEIR01_sl1000_mr025_nv20_19,0.942,0.925,0.933,0.942,0.925,0.933,0.943,0.943,0.943
SEIR01_sl1000_mr025_nv20_2,0.927,0.905,0.916,0.927,0.905,0.916,0.929,0.929,0.929
SEIR01_sl1000_mr025_nv20_20,0.931,0.871,0.9,0.875,0.903,0.889,0,0,0
SEIR01_sl1000_mr025_nv20_3,0.938,0.714,0.811,0.944,0.81,0.872,0.952,0.952,0.952
SEIR01_sl1000_mr025_nv20_4,0.8,0.5,0.615,0.857,0.75,0.8,0.75,0.75,0.75
SEIR01_sl1000_mr025_nv20_5,1.0,0.879,0.935,1.0,0.879,0.935,0.906,0.879,0.892
SEIR01_sl1000_mr025_nv20_6,1.0,0.909,0.952,1.0,1.0,1.0,0.917,1.0,0.957
SEIR01_sl1000_mr025_nv20_7,1.0,0.824,0.903,1.0,0.882,0.938,0.938,0.882,0.909
SEIR01_sl1000_mr025_nv20_8,0.6,0.6,0.6,0.6,0.6,0.6,0.6,0.6,0.6
SEIR01_sl1000_mr025_nv20_9,1.0,0.917,0.957,1.0,0.917,0.957,1.0,0.917,0.957
SEIR01_sl1000_mr025_nv5_1,0.919,0.829,0.872,0.919,0.829,0.872,0.892,0.805,0.846
SEIR01_sl1000_mr025_nv5_10,1.0,0.606,0.755,0.957,0.667,0.786,1.0,0.727,0.842
SEIR01_sl1000_mr025_nv5_11,1.0,0.579,0.733,0.917,0.579,0.71,1.0,0.737,0.848
SEIR01_sl1000_mr025_nv5_12,0.846,0.579,0.688,0.846,0.579,0.688,0.882,0.789,0.833
SEIR01_sl1000_mr025_nv5_13,1.0,0.667,0.8,0.8,0.667,0.727,0.917,0.917,0.917
SEIR01_sl1000_mr025_nv5_14,1.0,0.9,0.947,1.0,0.9,0.947,0.9,0.9,0.9
SEIR01_sl1000_mr025_nv5_15,0.846,0.815,0.83,0.846,0.815,0.83,0.808,0.778,0.792
SEIR01_sl1000_mr025_nv5_16,1.0,0.722,0.839,1.0,0.722,0.839,1.0,1.0,1.0
SEIR01_sl1000_mr025_nv5_17,0.889,0.727,0.8,0.889,0.727,0.8,0.909,0.909,0.909
SEIR01_sl1000_mr025_nv5_18,0.9,0.766,0.828,0.878,0.766,0.818,0.872,0.872,0.872
SEIR01_sl1000_mr025_nv5_19,0.909,0.862,0.885,0.911,0.879,0.895,0.981,0.879,0.927
SEIR01_sl1000_mr025_nv5_2,0.929,0.812,0.867,0.929,0.812,0.867,0.867,0.812,0.839
SEIR01_sl1000_mr025_nv5_20,1.0,0.625,0.769,1.0,0.625,0.769,0.944,0.708,0.81
SEIR01_sl1000_mr025_nv5_3,0.875,0.7,0.778,0.889,0.8,0.842,0.8,0.8,0.8
SEIR01_sl1000_mr025_nv5_4,0.8,0.72,0.758,0.796,0.78,0.788,0.851,0.8,0.825
SEIR01_sl1000_mr025_nv5_5,0.812,0.765,0.788,0.816,0.784,0.8,0.846,0.647,0.733
SEIR01_sl1000_mr025_nv5_6,0.714,0.625,0.667,0.714,0.625,0.667,0.625,0.625,0.625
SEIR01_sl1000_mr025_nv5_7,1.0,0.8,0.889,1.0,0.8,0.889,1.0,0.9,0.947
SEIR01_sl1000_mr025_nv5_8,0.941,0.696,0.8,0.947,0.783,0.857,0.913,0.913,0.913
SEIR01_sl1000_mr025_nv5_9,0.833,0.556,0.667,0.833,0.556,0.667,0.75,0.667,0.706
SEIR01_sl1000_mr05_nv10_1,0.909,0.769,0.833,0.909,0.769,0.833,0.833,0.769,0.8
SEIR01_sl1000_mr05_nv10_10,0.857,0.857,0.857,0.857,0.857,0.857,0.857,0.857,0.857
SEIR01_sl1000_mr05_nv10_11,0.926,0.781,0.847,0.929,0.812,0.867,0.933,0.875,0.903
SEIR01_sl1000_mr05_nv10_12,0.917,0.759,0.83,0.922,0.81,0.862,0.906,0.828,0.865
SEIR01_sl1000_mr05_nv10_13,0.833,0.625,0.714,0.833,0.625,0.714,0.875,0.875,0.875
SEIR01_sl1000_mr05_nv10_14,1.0,0.846,0.917,1.0,0.872,0.932,1.0,0.846,0.917
SEIR01_sl1000_mr05_nv10_15,0.923,0.75,0.828,0.923,0.75,0.828,0.938,0.938,0.938
SEIR01_sl1000_mr05_nv10_16,0.955,0.955,0.955,0.955,0.955,0.955,0.955,0.955,0.955
SEIR01_sl1000_mr05_nv10_17,0.913,0.955,0.933,0.875,0.955,0.913,0.955,0.955,0.955
SEIR01_sl1000_mr05_nv10_18,0.98,0.875,0.925,0.98,0.893,0.935,0.964,0.946,0.955
SEIR01_sl1000_mr05_nv10_19,1.0,0.571,0.727,1.0,0.571,0.727,1.0,0.714,0.833
SEIR01_sl1000_mr05_nv10_2,0.857,0.75,0.8,0.857,0.75,0.8,0.875,0.875,0.875
SEIR01_sl1000_mr05_nv10_20,0.958,0.885,0.92,0.96,0.923,0.941,0.94,0.904,0.922
SEIR01_sl1000_mr05_nv10_3,0.81,0.68,0.739,0.81,0.68,0.739,0.81,0.68,0.739
SEIR01_sl1000_mr05_nv10_4,1.0,0.636,0.778,1.0,0.727,0.842,0.727,0.727,0.727
SEIR01_sl1000_mr05_nv10_5,0.941,0.889,0.914,0.941,0.889,0.914,0.889,0.889,0.889
SEIR01_sl1000_mr05_nv10_6,0.973,0.9,0.935,0.973,0.9,0.935,0.95,0.95,0.95
SEIR01_sl1000_mr05_nv10_7,0.919,0.739,0.819,0.895,0.739,0.81,0.947,0.783,0.857
SEIR01_sl1000_mr05_nv10_8,0.875,0.875,0.875,0.875,0.875,0.875,0.875,0.875,0.875
SEIR01_sl1000_mr05_nv10_9,1.0,0.923,0.96,0.96,0.923,0.941,0.962,0.962,0.962
SEIR01_sl250_mr025_nv10_1,1.0,0.578,0.732,0.912,0.689,0.785,0.897,0.778,0.833
SEIR01_sl250_mr025_nv10_10,1.0,0.471,0.64,0.846,0.647,0.733,0.857,0.706,0.774
SEIR01_sl250_mr025_nv10_11,0.857,0.375,0.522,0.8,0.75,0.774,0.846,0.688,0.759
SEIR01_sl250_mr025_nv10_12,0.939,0.721,0.816,0.833,0.814,0.824,0.927,0.884,0.905
SEIR01_sl250_mr025_nv10_13,0.5,0.167,0.25,0.5,0.333,0.4,0.667,0.667,0.667
SEIR01_sl250_mr025_nv10_14,0.926,0.543,0.685,0.711,0.587,0.643,0.806,0.63,0.707
SEIR01_sl250_mr025_nv10_15,1.0,0.286,0.444,1.0,0.857,0.923,0.857,0.857,0.857
SEIR01_sl250_mr025_nv10_16,0.957,0.478,0.638,0.868,0.717,0.786,0.872,0.739,0.8
SEIR01_sl250_mr025_nv10_17,1.0,0.125,0.222,0.625,0.625,0.625,0.778,0.875,0.824
SEIR01_sl250_mr025_nv10_18,1.0,0.531,0.694,0.926,0.781,0.847,1.0,0.875,0.933
SEIR01_sl250_mr025_nv10_19,1.0,0.583,0.737,0.889,0.667,0.762,0.9,0.75,0.818
SEIR01_sl250_mr025_nv10_2,1.0,0.357,0.526,0.667,0.429,0.522,0.846,0.786,0.815
SEIR01_sl250_mr025_nv10_20,1.0,0.444,0.615,0.933,0.778,0.848,0.875,0.778,0.824
SEIR01_sl250_mr025_nv10_3,1.0,0.778,0.875,0.852,0.852,0.852,0.889,0.889,0.889
SEIR01_sl250_mr025_nv10_4,1.0,0.643,0.783,0.917,0.786,0.846,1.0,0.857,0.923
SEIR01_sl250_mr025_nv10_5,0.962,0.61,0.746,0.806,0.707,0.753,0.846,0.805,0.825
SEIR01_sl250_mr025_nv10_6,0.818,0.409,0.545,0.56,0.636,0.596,0.81,0.773,0.791
SEIR01_sl250_mr025_nv10_7,0.857,0.429,0.571,0.692,0.643,0.667,0.923,0.857,0.889
SEIR01_sl250_mr025_nv10_8,1.0,0.5,0.667,0.846,0.647,0.733,0.963,0.765,0.852
SEIR01_sl250_mr025_nv10_9,1.0,0.852,0.92,0.932,0.902,0.917,1.0,0.967,0.983
SEIR01_sl500_mr025_nv10_1,1.0,0.5,0.667,1.0,0.5,0.667,0.75,0.6,0.667
SEIR01_sl500_mr025_nv10_10,1.0,0.714,0.833,1.0,0.714,0.833,0.714,0.714,0.714
SEIR01_sl500_mr025_nv10_11,0.917,0.647,0.759,0.867,0.765,0.812,0.833,0.882,0.857
SEIR01_sl500_mr025_nv10_12,0.936,0.863,0.898,0.9,0.882,0.891,0.939,0.902,0.92
SEIR01_sl500_mr025_nv10_13,1.0,0.7,0.824,1.0,0.9,0.947,1.0,0.95,0.974
SEIR01_sl500_mr025_nv10_14,1.0,0.5,0.667,0.75,0.5,0.6,0.8,0.667,0.727
SEIR01_sl500_mr025_nv10_15,1.0,0.828,0.906,0.981,0.879,0.927,0.981,0.914,0.946
SEIR01_sl500_mr025_nv10_16,0.909,0.667,0.769,0.846,0.733,0.786,0.8,0.8,0.8
SEIR01_sl500_mr025_nv10_17,0.667,0.333,0.444,0.667,0.333,0.444,0.5,0.333,0.4
SEIR01_sl500_mr025_nv10_18,0.75,0.5,0.6,0.8,0.667,0.727,0.667,0.667,0.667
SEIR01_sl500_mr025_nv10_19,0.75,0.375,0.5,0.714,0.625,0.667,0.75,0.75,0.75
SEIR01_sl500_mr025_nv10_2,1.0,0.375,0.545,0.667,0.5,0.571,0.857,0.75,0.8
SEIR01_sl500_mr025_nv10_20,0.833,0.781,0.806,0.833,0.781,0.806,0.893,0.781,0.833
SEIR01_sl500_mr025_nv10_3,0.941,0.762,0.842,0.818,0.857,0.837,0.895,0.81,0.85
SEIR01_sl500_mr025_nv10_4,0.8,0.571,0.667,0.833,0.714,0.769,0.833,0.714,0.769
SEIR01_sl500_mr025_nv10_5,1.0,0.4,0.571,1.0,0.8,0.889,0.667,0.4,0.5
SEIR01_sl500_mr025_nv10_6,0.978,0.849,0.909,0.961,0.925,0.942,0.98,0.943,0.962
SEIR01_sl500_mr025_nv10_7,0.964,0.794,0.871,0.935,0.853,0.892,0.909,0.882,0.896
SEIR01_sl500_mr025_nv10_8,1.0,0.5,0.667,0.692,0.562,0.621,0.889,1.0,0.941
SEIR01_sl500_mr025_nv10_9,0.857,0.667,0.75,0.875,0.778,0.824,0.778,0.778,0.778
SIR003_sl1000_mr025_nv10_1,0.769,0.714,0.741,0.769,0.714,0.741,0.714,0.714,0.714
SIR003_sl1000_mr025_nv10_10,0.917,0.846,0.88,0.917,0.846,0.88,0.923,0.923,0.923
SIR003_sl1000_mr025_nv10_11,0.731,0.633,0.679,0.731,0.633,0.679,0.731,0.633,0.679
SIR003_sl1000_mr025_nv10_12,0.905,0.776,0.835,0.87,0.816,0.842,0.894,0.857,0.875
SIR003_sl1000_mr025_nv10_13,0.667,0.364,0.471,0.667,0.364,0.471,0.625,0.455,0.526
SIR003_sl1000_mr025_nv10_14,0.909,0.667,0.769,0.909,0.667,0.769,0.867,0.867,0.867
SIR003_sl1000_mr025_nv10_15,0.933,0.583,0.718,0.933,0.583,0.718,0.875,0.583,0.7
SIR003_sl1000_mr025_nv10_16,0.769,0.588,0.667,0.769,0.588,0.667,0.786,0.647,0.71
SIR003_sl1000_mr025_nv10_17,0.895,0.739,0.81,0.9,0.783,0.837,0.9,0.783,0.837
SIR003_sl1000_mr025_nv10_18,1.0,0.4,0.571,1.0,0.4,0.571,1.0,1.0,1.0
SIR003_sl1000_mr025_nv10_19,0.75,0.5,0.6,0.765,0.542,0.634,0.81,0.708,0.756
SIR003_sl1000_mr025_nv10_2,1.0,0.789,0.882,1.0,0.842,0.914,1.0,0.842,0.914
SIR003_sl1000_mr025_nv10_20,0.857,0.667,0.75,0.857,0.667,0.75,0.778,0.778,0.778
SIR003_sl1000_mr025_nv10_3,1.0,0.731,0.844,1.0,0.731,0.844,1.0,0.731,0.844
SIR003_sl1000_mr025_nv10_4,0.75,0.677,0.712,0.75,0.677,0.712,0.875,0.677,0.764
SIR003_sl1000_mr025_nv10_5,1.0,0.571,0.727,1.0,0.571,0.727,0.833,0.714,0.769
SIR003_sl1000_mr025_nv10_6,0.714,0.652,0.682,0.714,0.652,0.682,0.789,0.652,0.714
SIR003_sl1000_mr025_nv10_7,0.692,0.562,0.621,0.692,0.562,0.621,0.643,0.562,0.6
SIR003_sl1000_mr025_nv10_8,0.917,0.733,0.815,0.917,0.733,0.815,0.857,0.8,0.828
SIR003_sl1000_mr025_nv10_9,0.714,0.536,0.612,0.714,0.536,0.612,0.739,0.607,0.667
SIR003_sl1000_mr05_nv10_1,1.0,0.647,0.786,1.0,0.647,0.786,0.923,0.706,0.8
SIR003_sl1000_mr05_nv10_10,1.0,0.769,0.87,1.0,0.769,0.87,0.917,0.846,0.88
SIR003_sl1000_mr05_nv10_11,0.759,0.629,0.688,0.759,0.629,0.688,0.742,0.657,0.697
SIR003_sl1000_mr05_nv10_12,0.824,0.764,0.792,0.808,0.764,0.785,0.896,0.782,0.835
SIR003_sl1000_mr05_nv10_13,0.796,0.696,0.743,0.784,0.714,0.748,0.86,0.768,0.811
SIR003_sl1000_mr05_nv10_14,1.0,0.9,0.947,1.0,0.9,0.947,1.0,0.9,0.947
SIR003_sl1000_mr05_nv10_15,0.9,0.692,0.783,0.9,0.692,0.783,0.923,0.923,0.923
SIR003_sl1000_mr05_nv10_16,0.783,0.72,0.75,0.783,0.72,0.75,0.826,0.76,0.792
SIR003_sl1000_mr05_nv10_17,0.75,0.429,0.545,0.75,0.429,0.545,0.667,0.429,0.522
SIR003_sl1000_mr05_nv10_18,0.938,0.652,0.769,0.938,0.652,0.769,0.739,0.739,0.739
SIR003_sl1000_mr05_nv10_19,0.967,0.784,0.866,0.967,0.784,0.866,0.943,0.892,0.917
SIR003_sl1000_mr05_nv10_2,0.917,0.733,0.815,0.917,0.733,0.815,0.933,0.933,0.933
SIR003_sl1000_mr05_nv10_20,0.375,0.333,0.353,0.375,0.333,0.353,0.8,0.444,0.571
SIR003_sl1000_mr05_nv10_3,0.875,0.7,0.778,0.875,0.7,0.778,0.875,0.7,0.778
SIR003_sl1000_mr05_nv10_4,0.9,0.692,0.783,0.9,0.692,0.783,0.846,0.846,0.846
SIR003_sl1000_mr05_nv10_5,0.649,0.522,0.578,0.632,0.522,0.571,0.632,0.522,0.571
SIR003_sl1000_mr05_nv10_6,0.846,0.524,0.647,0.786,0.524,0.629,0.737,0.667,0.7
SIR003_sl1000_mr05_nv10_7,0.905,0.826,0.864,0.905,0.826,0.864,0.87,0.87,0.87
SIR003_sl1000_mr05_nv10_8,0.837,0.783,0.809,0.837,0.783,0.809,0.818,0.783,0.8
SIR003_sl1000_mr05_nv10_9,0.7,0.467,0.56,0.7,0.467,0.56,0.75,0.5,0.6
SIR003_sl1000_mr05_nv20_1,0.844,0.771,0.806,0.844,0.771,0.806,0.844,0.771,0.806
SIR003_sl1000_mr05_nv20_10,0.857,0.808,0.832,0.857,0.808,0.832,0.911,0.788,0.845
SIR003_sl1000_mr05_nv20_11,1.0,0.4,0.571,1.0,0.4,0.571,0.667,0.4,0.5
SIR003_sl1000_mr05_nv20_12,0.78,0.709,0.743,0.788,0.745,0.766,0.837,0.745,0.788
SIR003_sl1000_mr05_nv20_13,0.761,0.648,0.7,0.761,0.648,0.7,0.857,0.667,0.75
SIR003_sl1000_mr05_nv20_14,1.0,0.9,0.947,1.0,0.9,0.947,1.0,0.9,0.947
SIR003_sl1000_mr05_nv20_15,0.812,0.684,0.743,0.812,0.684,0.743,0.778,0.737,0.757
SIR003_sl1000_mr05_nv20_16,0.882,0.698,0.779,0.882,0.698,0.779,0.882,0.698,0.779
SIR003_sl1000_mr05_nv20_17,0.739,0.68,0.708,0.739,0.68,0.708,0.8,0.72,0.758
SIR003_sl1000_mr05_nv20_18,0.788,0.684,0.732,0.788,0.684,0.732,0.727,0.632,0.676
SIR003_sl1000_mr05_nv20_19,0.848,0.757,0.8,0.824,0.757,0.789,0.784,0.784,0.784
SIR003_sl1000_mr05_nv20_2,0.85,0.694,0.764,0.85,0.694,0.764,0.85,0.694,0.764
SIR003_sl1000_mr05_nv20_20,0.857,0.857,0.857,0.857,0.857,0.857,0.857,0.857,0.857
SIR003_sl1000_mr05_nv20_3,0.8,0.615,0.696,0.8,0.615,0.696,0.727,0.615,0.667
SIR003_sl1000_mr05_nv20_4,0.885,0.719,0.793,0.885,0.719,0.793,0.897,0.812,0.852
SIR003_sl1000_mr05_nv20_5,0.889,0.667,0.762,0.889,0.667,0.762,0.762,0.667,0.711
SIR003_sl1000_mr05_nv20_6,0.846,0.786,0.815,0.846,0.786,0.815,0.786,0.786,0.786
SIR003_sl1000_mr05_nv20_7,0.8,0.667,0.727,0.818,0.75,0.783,0.833,0.833,0.833
SIR003_sl1000_mr05_nv20_8,0.739,0.63,0.68,0.739,0.63,0.68,0.72,0.667,0.692
SIR003_sl1000_mr05_nv20_9,0.811,0.75,0.779,0.821,0.8,0.81,0.842,0.8,0.821
SIR003_sl1000_mr05_nv5_1,0.733,0.629,0.677,0.71,0.629,0.667,0.812,0.743,0.776
SIR003_sl1000_mr05_nv5_10,0.844,0.659,0.74,0.818,0.659,0.73,0.848,0.683,0.757
SIR003_sl1000_mr05_nv5_11,0.818,0.581,0.679,0.804,0.597,0.685,0.86,0.597,0.705
SIR003_sl1000_mr05_nv5_12,1.0,0.667,0.8,0.8,0.667,0.727,0.8,0.667,0.727
SIR003_sl1000_mr05_nv5_13,0.8,0.364,0.5,0.833,0.455,0.588,0.857,0.545,0.667
SIR003_sl1000_mr05_nv5_14,0.81,0.586,0.68,0.81,0.586,0.68,0.944,0.586,0.723
SIR003_sl1000_mr05_nv5_15,0.83,0.629,0.716,0.84,0.677,0.75,0.836,0.742,0.786
SIR003_sl1000_mr05_nv5_16,0.667,0.333,0.444,0.667,0.333,0.444,0.833,0.833,0.833
SIR003_sl1000_mr05_nv5_17,0.667,0.542,0.598,0.659,0.562,0.607,0.735,0.521,0.61
SIR003_sl1000_mr05_nv5_18,0.727,0.5,0.593,0.727,0.5,0.593,0.75,0.75,0.75
SIR003_sl1000_mr05_nv5_19,0.708,0.5,0.586,0.679,0.559,0.613,0.75,0.618,0.677
SIR003_sl1000_mr05_nv5_2,0.556,0.417,0.476,0.556,0.417,0.476,0.667,0.667,0.667
SIR003_sl1000_mr05_nv5_20,1.0,0.385,0.556,1.0,0.462,0.632,0.833,0.769,0.8
SIR003_sl1000_mr05_nv5_3,0.833,0.625,0.714,0.833,0.625,0.714,0.833,0.625,0.714
SIR003_sl1000_mr05_nv5_4,1.0,0.786,0.88,1.0,0.786,0.88,1.0,0.786,0.88
SIR003_sl1000_mr05_nv5_5,1.0,0.455,0.625,1.0,0.455,0.625,0.833,0.455,0.588
SIR003_sl1000_mr05_nv5_6,0.571,0.364,0.444,0.571,0.364,0.444,0.714,0.455,0.556
SIR003_sl1000_mr05_nv5_7,0.667,0.514,0.58,0.661,0.527,0.586,0.812,0.527,0.639
SIR003_sl1000_mr05_nv5_8,0.882,0.6,0.714,0.882,0.6,0.714,0.833,0.6,0.698
SIR003_sl1000_mr05_nv5_9,0.867,0.542,0.667,0.875,0.583,0.7,0.812,0.542,0.65
SIR003_sl1000_mr1_nv10_1,0.812,0.765,0.788,0.812,0.765,0.788,0.824,0.824,0.824
SIR003_sl1000_mr1_nv10_10,0.75,0.545,0.632,0.75,0.545,0.632,0.778,0.636,0.7
SIR003_sl1000_mr1_nv10_11,0.75,0.6,0.667,0.75,0.6,0.667,0.778,0.7,0.737
SIR003_sl1000_mr1_nv10_12,0.706,0.444,0.545,0.737,0.519,0.609,0.8,0.593,0.681
SIR003_sl1000_mr1_nv10_13,0.8,0.667,0.727,0.8,0.667,0.727,0.833,0.833,0.833
SIR003_sl1000_mr1_nv10_14,0.818,0.75,0.783,0.818,0.75,0.783,0.794,0.75,0.771
SIR003_sl1000_mr1_nv10_15,0.778,0.636,0.7,0.7,0.636,0.667,0.818,0.818,0.818
SIR003_sl1000_mr1_nv10_16,0.833,0.5,0.625,0.833,0.5,0.625,0.769,0.5,0.606
SIR003_sl1000_mr1_nv10_17,0.952,0.625,0.755,0.955,0.656,0.778,0.88,0.688,0.772
SIR003_sl1000_mr1_nv10_18,0.792,0.576,0.667,0.792,0.576,0.667,0.815,0.667,0.733
SIR003_sl1000_mr1_nv10_19,0.722,0.609,0.661,0.722,0.609,0.661,0.745,0.594,0.661
SIR003_sl1000_mr1_nv10_2,0.709,0.619,0.661,0.707,0.651,0.678,0.764,0.667,0.712
SIR003_sl1000_mr1_nv10_20,0.821,0.667,0.736,0.828,0.696,0.756,0.857,0.696,0.768
SIR003_sl1000_mr1_nv10_3,0.9,0.783,0.837,0.905,0.826,0.864,0.905,0.826,0.864
SIR003_sl1000_mr1_nv10_4,0.84,0.724,0.778,0.84,0.724,0.778,0.88,0.759,0.815
SIR003_sl1000_mr1_nv10_5,1.0,0.444,0.615,1.0,0.444,0.615,1.0,0.444,0.615
SIR003_sl1000_mr1_nv10_6,0.741,0.667,0.702,0.741,0.667,0.702,0.75,0.7,0.724
SIR003_sl1000_mr1_nv10_7,0.75,0.75,0.75,0.75,0.75,0.75,0.75,0.75,0.75
SIR003_sl1000_mr1_nv10_8,0.7,0.6,0.646,0.667,0.629,0.647,0.8,0.686,0.738
SIR003_sl1000_mr1_nv10_9,1.0,0.556,0.714,1.0,0.556,0.714,1.0,0.556,0.714
SIR003_sl250_mr05_nv10_1,0.762,0.5,0.604,0.762,0.5,0.604,0.724,0.656,0.689
SIR003_sl250_mr05_nv10_10,0.727,0.421,0.533,0.812,0.684,0.743,0.812,0.684,0.743
SIR003_sl250_mr05_nv10_11,1.0,0.25,0.4,0.714,0.417,0.526,0.667,0.5,0.571
SIR003_sl250_mr05_nv10_12,0.857,0.462,0.6,0.818,0.692,0.75,0.7,0.538,0.609
SIR003_sl250_mr05_nv10_13,1.0,0.143,0.25,1.0,0.286,0.444,0.5,0.143,0.222
SIR003_sl250_mr05_nv10_14,1.0,0.625,0.769,0.857,0.75,0.8,0.889,1.0,0.941
SIR003_sl250_mr05_nv10_15,1.0,0.25,0.4,0.667,0.25,0.364,0.75,0.75,0.75
SIR003_sl250_mr05_nv10_16,0.833,0.455,0.588,0.875,0.636,0.737,0.889,0.727,0.8
SIR003_sl250_mr05_nv10_17,0.786,0.489,0.603,0.757,0.622,0.683,0.892,0.733,0.805
SIR003_sl250_mr05_nv10_18,0.875,0.259,0.4,0.889,0.593,0.711,0.722,0.481,0.578
SIR003_sl250_mr05_nv10_19,0.571,0.32,0.41,0.571,0.32,0.41,0.533,0.32,0.4
SIR003_sl250_mr05_nv10_2,1.0,0.857,0.923,1.0,0.857,0.923,1.0,0.929,0.963
SIR003_sl250_mr05_nv10_20,0.889,0.39,0.542,0.852,0.561,0.676,0.846,0.537,0.657
SIR003_sl250_mr05_nv10_3,0.875,0.636,0.737,0.882,0.682,0.769,0.9,0.818,0.857
SIR003_sl250_mr05_nv10_4,0.8,0.333,0.471,0.8,0.667,0.727,0.818,0.75,0.783
SIR003_sl250_mr05_nv10_5,0.923,0.545,0.686,0.867,0.591,0.703,0.882,0.682,0.769
SIR003_sl250_mr05_nv10_6,0.9,0.545,0.679,0.84,0.636,0.724,0.793,0.697,0.742
SIR003_sl250_mr05_nv10_7,0.8,0.435,0.563,0.781,0.543,0.641,0.75,0.522,0.615
SIR003_sl250_mr05_nv10_8,0.875,0.412,0.56,0.909,0.588,0.714,0.857,0.706,0.774
SIR003_sl250_mr05_nv10_9,0.5,0.111,0.182,0.5,0.222,0.308,0.625,0.556,0.588
SIR003_sl500_mr05_nv10_1,0.8,0.571,0.667,0.833,0.714,0.769,0.833,0.714,0.769
SIR003_sl500_mr05_nv10_10,0.75,0.462,0.571,0.731,0.487,0.585,0.875,0.538,0.667
SIR003_sl500_mr05_nv10_11,1.0,0.333,0.5,1.0,0.333,0.5,0.8,0.667,0.727
SIR003_sl500_mr05_nv10_12,0.636,0.538,0.583,0.667,0.692,0.679,0.792,0.731,0.76
SIR003_sl500_mr05_nv10_13,0.825,0.688,0.75,0.81,0.708,0.756,0.81,0.708,0.756
SIR003_sl500_mr05_nv10_14,0.818,0.545,0.655,0.833,0.606,0.702,0.833,0.606,0.702
SIR003_sl500_mr05_nv10_15,0.929,0.684,0.788,0.929,0.684,0.788,0.875,0.737,0.8
SIR003_sl500_mr05_nv10_16,0.7,0.583,0.636,0.636,0.583,0.609,0.583,0.583,0.583
SIR003_sl500_mr05_nv10_17,0.875,0.7,0.778,0.875,0.7,0.778,0.8,0.8,0.8
SIR003_sl500_mr05_nv10_18,1.0,0.615,0.762,1.0,0.769,0.87,0.923,0.923,0.923
SIR003_sl500_mr05_nv10_19,0.86,0.717,0.782,0.843,0.717,0.775,0.86,0.717,0.782
SIR003_sl500_mr05_nv10_2,0.926,0.735,0.82,0.926,0.735,0.82,0.926,0.735,0.82
SIR003_sl500_mr05_nv10_20,0.667,0.5,0.571,0.667,0.5,0.571,0.625,0.625,0.625
SIR003_sl500_mr05_nv10_3,0.875,0.724,0.792,0.84,0.724,0.778,0.885,0.793,0.836
SIR003_sl500_mr05_nv10_4,0.882,0.577,0.698,0.882,0.577,0.698,0.895,0.654,0.756
SIR003_sl500_mr05_nv10_5,1.0,0.6,0.75,0.857,0.6,0.706,1.0,0.6,0.75
SIR003_sl500_mr05_nv10_6,0.867,0.619,0.722,0.875,0.667,0.757,0.867,0.619,0.722
SIR003_sl500_mr05_nv10_7,1.0,0.722,0.839,0.929,0.722,0.813,0.875,0.778,0.824
SIR003_sl500_mr05_nv10_8,0.875,0.467,0.609,0.8,0.533,0.64,0.917,0.733,0.815
SIR003_sl500_mr05_nv10_9,1.0,0.429,0.6,1.0,0.429,0.6,0.857,0.857,0.857
SIR01_sl1000_mr075_nv10_1,0.867,0.684,0.765,0.87,0.702,0.777,0.889,0.842,0.865
SIR01_sl1000_mr075_nv10_10,1.0,0.875,0.933,1.0,0.875,0.933,1.0,1.0,1.0
SIR01_sl1000_mr075_nv10_11,1.0,0.714,0.833,1.0,0.714,0.833,1.0,0.857,0.923
SIR01_sl1000_mr075_nv10_12,1.0,0.6,0.75,1.0,0.6,0.75,0.926,0.833,0.877
SIR01_sl1000_mr075_nv10_13,0.6,0.429,0.5,0.6,0.429,0.5,0.75,0.643,0.692
SIR01_sl1000_mr075_nv10_14,0.8,0.571,0.667,0.8,0.571,0.667,0.833,0.714,0.769
SIR01_sl1000_mr075_nv10_15,1.0,0.5,0.667,1.0,0.5,0.667,0.8,0.667,0.727
SIR01_sl1000_mr075_nv10_16,0.769,0.556,0.645,0.667,0.556,0.606,0.789,0.833,0.811
SIR01_sl1000_mr075_nv10_17,0.78,0.549,0.645,0.765,0.549,0.639,0.774,0.577,0.661
SIR01_sl1000_mr075_nv10_18,0.9,0.818,0.857,0.9,0.818,0.857,0.818,0.818,0.818
SIR01_sl1000_mr075_nv10_19,0.429,0.273,0.333,0.429,0.273,0.333,0.75,0.273,0.4
SIR01_sl1000_mr075_nv10_2,1.0,0.455,0.625,1.0,0.455,0.625,0.778,0.636,0.7
SIR01_sl1000_mr075_nv10_20,0.643,0.6,0.621,0.643,0.6,0.621,0.741,0.667,0.702
SIR01_sl1000_mr075_nv10_3,0.545,0.545,0.545,0.545,0.545,0.545,0.667,0.545,0.6
SIR01_sl1000_mr075_nv10_4,0.897,0.684,0.776,0.897,0.684,0.776,0.921,0.921,0.921
SIR01_sl1000_mr075_nv10_5,0.893,0.781,0.833,0.893,0.781,0.833,0.891,0.766,0.824
SIR01_sl1000_mr075_nv10_6,0.667,0.25,0.364,0.667,0.25,0.364,0.75,0.75,0.75
SIR01_sl1000_mr075_nv10_7,0.957,0.917,0.936,0.957,0.917,0.936,0.957,0.917,0.936
SIR01_sl1000_mr075_nv10_8,0.909,0.625,0.741,0.909,0.625,0.741,0.909,0.625,0.741
SIR01_sl1000_mr075_nv10_9,0.75,0.556,0.638,0.714,0.556,0.625,0.739,0.63,0.68
SIR01_sl1000_mr15_nv10_10,0.773,0.531,0.63,0.783,0.562,0.655,0.75,0.656,0.7
SIR01_sl1000_mr15_nv10_11,1.0,0.5,0.667,1.0,0.5,0.667,0.778,0.583,0.667
SIR01_sl1000_mr15_nv10_12,0.765,0.542,0.634,0.765,0.542,0.634,0.778,0.583,0.667
SIR01_sl1000_mr15_nv10_14,1.0,1.0,1.0,1.0,1.0,1.0,1.0,1.0,1.0
SIR01_sl1000_mr15_nv10_15,0.677,0.553,0.609,0.697,0.605,0.648,0.697,0.605,0.648
SIR01_sl1000_mr15_nv10_16,1.0,0.571,0.727,1.0,0.857,0.923,0.857,0.857,0.857
SIR01_sl1000_mr15_nv10_17,1.0,0.8,0.889,1.0,0.8,0.889,1.0,0.8,0.889
SIR01_sl1000_mr15_nv10_18,0.78,0.667,0.719,0.78,0.667,0.719,0.87,0.681,0.764
SIR01_sl1000_mr15_nv10_19,1.0,0.667,0.8,1.0,0.667,0.8,1.0,0.889,0.941
SIR01_sl1000_mr15_nv10_20,0.875,0.778,0.824,0.778,0.778,0.778,0.778,0.778,0.778
SIR01_sl1000_mr15_nv10_3,0.922,0.797,0.855,0.922,0.797,0.855,0.923,0.814,0.865
SIR01_sl1000_mr15_nv10_5,1.0,0.7,0.824,1.0,0.7,0.824,1.0,0.7,0.824
SIR01_sl1000_mr15_nv10_6,1.0,0.714,0.833,1.0,0.714,0.833,1.0,0.857,0.923
SIR01_sl1000_mr15_nv10_7,0.919,0.68,0.782,0.895,0.68,0.773,0.919,0.68,0.782
SIR01_sl1000_mr15_nv10_8,0.75,0.3,0.429,0.75,0.3,0.429,0.8,0.8,0.8
SIR01_sl1000_mr15_nv10_9,0.8,0.571,0.667,0.8,0.571,0.667,0.714,0.714,0.714
SIR01_sl1000_mr15_nv20_1,0.862,0.781,0.82,0.862,0.781,0.82,0.806,0.781,0.794
SIR01_sl1000_mr15_nv20_10,0.8,0.615,0.696,0.8,0.615,0.696,0.909,0.769,0.833
SIR01_sl1000_mr15_nv20_11,0.887,0.797,0.839,0.873,0.814,0.842,0.895,0.864,0.879
SIR01_sl1000_mr15_nv20_12,0.875,0.467,0.609,0.889,0.533,0.667,0.9,0.6,0.72
SIR01_sl1000_mr15_nv20_13,1.0,0.667,0.8,1.0,0.667,0.8,0.833,0.833,0.833
SIR01_sl1000_mr15_nv20_14,0.5,0.4,0.444,0.5,0.4,0.444,0.4,0.4,0.4
SIR01_sl1000_mr15_nv20_15,0.875,0.5,0.636,0.875,0.5,0.636,0.7,0.5,0.583
SIR01_sl1000_mr15_nv20_16,0.933,0.667,0.778,0.938,0.714,0.811,0.895,0.81,0.85
SIR01_sl1000_mr15_nv20_17,0.9,0.643,0.75,0.9,0.643,0.75,0.818,0.643,0.72
SIR01_sl1000_mr15_nv20_18,0.958,0.767,0.852,0.96,0.8,0.873,0.963,0.867,0.912
SIR01_sl1000_mr15_nv20_19,0.976,0.784,0.87,0.976,0.784,0.87,0.918,0.882,0.9
SIR01_sl1000_mr15_nv20_2,1.0,0.4,0.571,1.0,0.4,0.571,0.833,0.5,0.625
SIR01_sl1000_mr15_nv20_20,0.917,0.786,0.846,0.917,0.786,0.846,0.923,0.857,0.889
SIR01_sl1000_mr15_nv20_3,1.0,0.4,0.571,1.0,0.4,0.571,1.0,0.4,0.571
SIR01_sl1000_mr15_nv20_4,0.82,0.725,0.769,0.823,0.739,0.779,0.877,0.725,0.794
SIR01_sl1000_mr15_nv20_5,0.75,0.6,0.667,0.75,0.6,0.667,0.7,0.7,0.7
SIR01_sl1000_mr15_nv20_6,1.0,0.75,0.857,1.0,0.75,0.857,0.875,0.875,0.875
SIR01_sl1000_mr15_nv20_7,1.0,0.75,0.857,1.0,0.75,0.857,0.92,0.821,0.868
SIR01_sl1000_mr15_nv20_8,0.974,0.792,0.874,0.974,0.792,0.874,0.975,0.812,0.886
SIR01_sl1000_mr15_nv20_9,0.864,0.731,0.792,0.864,0.731,0.792,0.85,0.654,0.739
SIR01_sl1000_mr15_nv5_1,0.75,0.536,0.625,0.762,0.571,0.653,0.762,0.571,0.653
SIR01_sl1000_mr15_nv5_10,1.0,0.727,0.842,1.0,0.727,0.842,1.0,0.727,0.842
SIR01_sl1000_mr15_nv5_11,0.75,0.333,0.462,0.75,0.333,0.462,0.667,0.667,0.667
SIR01_sl1000_mr15_nv5_12,0.588,0.435,0.5,0.579,0.478,0.524,0.929,0.565,0.703
SIR01_sl1000_mr15_nv5_13,0.818,0.562,0.667,0.833,0.625,0.714,0.812,0.812,0.812
SIR01_sl1000_mr15_nv5_14,0.833,0.682,0.75,0.833,0.682,0.75,0.833,0.682,0.75
SIR01_sl1000_mr15_nv5_15,0.825,0.733,0.776,0.825,0.733,0.776,0.825,0.733,0.776
SIR01_sl1000_mr15_nv5_16,1.0,0.222,0.364,0.667,0.222,0.333,0.833,0.556,0.667
SIR01_sl1000_mr15_nv5_17,1.0,0.5,0.667,1.0,0.625,0.769,0.875,0.875,0.875
SIR01_sl1000_mr15_nv5_18,0.714,0.556,0.625,0.714,0.556,0.625,0.778,0.778,0.778
SIR01_sl1000_mr15_nv5_19,0.765,0.619,0.684,0.765,0.619,0.684,0.765,0.619,0.684
SIR01_sl1000_mr15_nv5_2,0.786,0.629,0.698,0.793,0.657,0.719,0.808,0.6,0.689
SIR01_sl1000_mr15_nv5_20,0.846,0.647,0.733,0.846,0.647,0.733,0.812,0.765,0.788
SIR01_sl1000_mr15_nv5_3,0.6,0.333,0.429,0.6,0.333,0.429,0.556,0.556,0.556
SIR01_sl1000_mr15_nv5_4,0.867,0.52,0.65,0.867,0.52,0.65,0.933,0.56,0.7
SIR01_sl1000_mr15_nv5_5,0.571,0.364,0.444,0.571,0.364,0.444,0.667,0.364,0.471
SIR01_sl1000_mr15_nv5_6,0.846,0.478,0.611,0.846,0.478,0.611,0.867,0.565,0.684
SIR01_sl1000_mr15_nv5_7,1.0,0.375,0.545,0.75,0.375,0.5,1.0,0.375,0.545
SIR01_sl1000_mr15_nv5_8,0.4,0.25,0.308,0.4,0.25,0.308,1.0,0.375,0.545
SIR01_sl1000_mr15_nv5_9,0.8,0.596,0.683,0.8,0.596,0.683,0.818,0.574,0.675
SIR01_sl1000_mr3_nv10_1,0.75,0.7,0.724,0.75,0.7,0.724,0.778,0.7,0.737
SIR01_sl1000_mr3_nv10_10,0.875,0.778,0.824,0.875,0.778,0.824,0.889,0.889,0.889
SIR01_sl1000_mr3_nv10_11,0.86,0.649,0.74,0.864,0.667,0.752,0.905,0.667,0.768
SIR01_sl1000_mr3_nv10_12,0.885,0.676,0.767,0.889,0.706,0.787,0.862,0.735,0.794
SIR01_sl1000_mr3_nv10_13,0.862,0.694,0.769,0.862,0.694,0.769,0.962,0.694,0.806
SIR01_sl1000_mr3_nv10_14,1.0,0.821,0.902,1.0,0.857,0.923,1.0,1.0,1.0
SIR01_sl1000_mr3_nv10_15,1.0,0.444,0.615,1.0,0.444,0.615,0.625,0.556,0.588
SIR01_sl1000_mr3_nv10_16,0.923,0.75,0.828,0.926,0.781,0.847,0.926,0.781,0.847
SIR01_sl1000_mr3_nv10_17,0.857,0.6,0.706,0.857,0.6,0.706,0.75,0.6,0.667
SIR01_sl1000_mr3_nv10_18,0.9,0.75,0.818,0.9,0.75,0.818,0.9,0.75,0.818
SIR01_sl1000_mr3_nv10_19,0.52,0.433,0.473,0.52,0.433,0.473,0.812,0.433,0.565
SIR01_sl1000_mr3_nv10_2,0.778,0.778,0.778,0.778,0.778,0.778,0.778,0.778,0.778
SIR01_sl1000_mr3_nv10_20,0.727,0.667,0.696,0.727,0.667,0.696,0.667,0.667,0.667
SIR01_sl1000_mr3_nv10_3,0.842,0.8,0.821,0.8,0.8,0.8,0.889,0.8,0.842
SIR01_sl1000_mr3_nv10_4,1.0,0.417,0.588,1.0,0.417,0.588,0.9,0.75,0.818
SIR01_sl1000_mr3_nv10_5,0.783,0.643,0.706,0.792,0.679,0.731,0.85,0.607,0.708
SIR01_sl1000_mr3_nv10_6,0.587,0.5,0.54,0.58,0.537,0.558,0.762,0.593,0.667
SIR01_sl1000_mr3_nv10_7,0.722,0.565,0.634,0.722,0.565,0.634,0.778,0.609,0.683
SIR01_sl1000_mr3_nv10_8,1.0,0.6,0.75,1.0,0.6,0.75,1.0,0.7,0.824
SIR01_sl1000_mr3_nv10_9,0.9,0.621,0.735,0.9,0.621,0.735,0.857,0.621,0.72
SIR01_sl250_mr15_nv10_1,1.0,0.412,0.583,0.9,0.529,0.667,1.0,0.529,0.692
SIR01_sl250_mr15_nv10_10,0.923,0.429,0.585,0.829,0.607,0.701,0.886,0.554,0.681
SIR01_sl250_mr15_nv10_11,0.917,0.458,0.611,0.875,0.583,0.7,0.684,0.542,0.605
SIR01_sl250_mr15_nv10_12,0.857,0.632,0.727,0.8,0.632,0.706,0.882,0.789,0.833
SIR01_sl250_mr15_nv10_13,1.0,0.538,0.7,0.75,0.692,0.72,0.75,0.692,0.72
SIR01_sl250_mr15_nv10_14,0.857,0.4,0.545,0.8,0.533,0.64,0.857,0.8,0.828
SIR01_sl250_mr15_nv10_15,1.0,0.25,0.4,1.0,0.5,0.667,0.833,0.625,0.714
SIR01_sl250_mr15_nv10_16,1.0,0.565,0.722,0.882,0.652,0.75,1.0,0.696,0.821
SIR01_sl250_mr15_nv10_17,1.0,0.429,0.6,1.0,0.714,0.833,1.0,0.857,0.923
SIR01_sl250_mr15_nv10_18,0.7,0.35,0.467,0.714,0.5,0.588,0.647,0.55,0.595
SIR01_sl250_mr15_nv10_19,1.0,0.571,0.727,1.0,0.714,0.833,0.714,0.714,0.714
SIR01_sl250_mr15_nv10_2,1.0,0.444,0.615,0.833,0.556,0.667,0.857,0.667,0.75
SIR01_sl250_mr15_nv10_20,1.0,0.286,0.444,1.0,0.571,0.727,0.833,0.714,0.769
SIR01_sl250_mr15_nv10_3,1.0,0.357,0.526,0.75,0.429,0.545,0.818,0.643,0.72
SIR01_sl250_mr15_nv10_4,0.667,0.333,0.444,0.667,0.333,0.444,0.667,0.5,0.571
SIR01_sl250_mr15_nv10_5,1.0,0.556,0.714,1.0,0.667,0.8,0.875,0.778,0.824
SIR01_sl250_mr15_nv10_6,0.929,0.302,0.456,0.769,0.465,0.58,0.815,0.512,0.629
SIR01_sl250_mr15_nv10_7,0.824,0.341,0.483,0.8,0.488,0.606,0.846,0.537,0.657
SIR01_sl250_mr15_nv10_8,0.8,0.444,0.571,0.8,0.444,0.571,0.833,0.556,0.667
SIR01_sl250_mr15_nv10_9,1.0,0.3,0.462,0.8,0.4,0.533,1.0,0.4,0.571
SIR01_sl500_mr15_nv10_1,1.0,0.4,0.571,1.0,0.6,0.75,1.0,0.6,0.75
SIR01_sl500_mr15_nv10_10,0.75,0.462,0.571,0.667,0.462,0.545,0.667,0.462,0.545
SIR01_sl500_mr15_nv10_11,1.0,0.647,0.786,1.0,0.647,0.786,0.867,0.765,0.812
SIR01_sl500_mr15_nv10_12,1.0,0.167,0.286,1.0,0.167,0.286,1.0,0.167,0.286
SIR01_sl500_mr15_nv10_13,0.8,0.571,0.667,0.8,0.571,0.667,0.714,0.714,0.714
SIR01_sl500_mr15_nv10_14,0.786,0.564,0.657,0.767,0.59,0.667,0.786,0.564,0.657
SIR01_sl500_mr15_nv10_15,0.81,0.567,0.667,0.792,0.633,0.704,0.792,0.633,0.704
SIR01_sl500_mr15_nv10_16,1.0,0.7,0.824,0.875,0.7,0.778,0.8,0.8,0.8
SIR01_sl500_mr15_nv10_17,1.0,0.615,0.762,0.75,0.692,0.72,0.909,0.769,0.833
SIR01_sl500_mr15_nv10_18,0.824,0.56,0.667,0.824,0.56,0.667,0.824,0.56,0.667
SIR01_sl500_mr15_nv10_19,0.9,0.667,0.766,0.9,0.667,0.766,0.905,0.704,0.792
SIR01_sl500_mr15_nv10_2,0.933,0.667,0.778,0.941,0.762,0.842,0.9,0.857,0.878
SIR01_sl500_mr15_nv10_20,1.0,0.64,0.78,1.0,0.68,0.81,1.0,0.84,0.913
SIR01_sl500_mr15_nv10_3,0.875,0.737,0.8,0.882,0.789,0.833,0.889,0.842,0.865
SIR01_sl500_mr15_nv10_4,0.816,0.633,0.713,0.825,0.673,0.742,0.865,0.653,0.744
SIR01_sl500_mr15_nv10_5,0.919,0.654,0.764,0.932,0.788,0.854,0.952,0.769,0.851
SIR01_sl500_mr15_nv10_6,1.0,0.655,0.792,1.0,0.759,0.863,1.0,0.759,0.863
SIR01_sl500_mr15_nv10_7,1.0,0.571,0.727,1.0,0.571,0.727,0.833,0.714,0.769
SIR01_sl500_mr15_nv10_8,1.0,0.5,0.667,1.0,0.5,0.667,1.0,0.5,0.667
SIR01_sl500_mr15_nv10_9,0.929,0.684,0.788,0.933,0.737,0.824,0.957,0.772,0.854
