dataset,tnet_50_prec,tnet_50_rec,tnet_50_f1,tnet_80_prec,tnet_80_rec,tnet_80_f1,tnet_100_prec,tnet_100_rec,tnet_100_f1
SEIR015_sl1000_mr0125_nv10_1,0.915,0.89,0.903,0.921,0.795,0.853,0.914,0.726,0.809
SEIR015_sl1000_mr0125_nv10_10,0.947,0.947,0.947,0.938,0.789,0.857,0.938,0.789,0.857
SEIR015_sl1000_mr0125_nv10_11,0.692,0.692,0.692,0.818,0.692,0.75,0.818,0.692,0.75
SEIR015_sl1000_mr0125_nv10_12,0.857,0.857,0.857,0.846,0.786,0.815,0.818,0.643,0.72
SEIR015_sl1000_mr0125_nv10_13,0.96,0.96,0.96,0.976,0.82,0.891,0.976,0.82,0.891
SEIR015_sl1000_mr0125_nv10_14,0.737,0.808,0.771,0.774,0.788,0.781,0.771,0.712,0.74
SEIR015_sl1000_mr0125_nv10_15,0.622,0.622,0.622,0.59,0.511,0.548,0.697,0.511,0.59
SEIR015_sl1000_mr0125_nv10_16,0.739,0.81,0.773,0.774,0.762,0.768,0.77,0.746,0.758
SEIR015_sl1000_mr0125_nv10_17,0.625,0.769,0.69,0.654,0.654,0.654,0.654,0.654,0.654
SEIR015_sl1000_mr0125_nv10_18,0.667,0.8,0.727,0.7,0.7,0.7,0.7,0.7,0.7
SEIR015_sl1000_mr0125_nv10_19,0.6,0.581,0.59,0.857,0.581,0.692,0.842,0.516,0.64
SEIR015_sl1000_mr0125_nv10_2,0.75,0.75,0.75,0.833,0.625,0.714,0.833,0.625,0.714
SEIR015_sl1000_mr0125_nv10_20,0.814,0.854,0.833,0.939,0.756,0.838,0.939,0.756,0.838
SEIR015_sl1000_mr0125_nv10_3,0.8,0.889,0.842,0.8,0.889,0.842,0.778,0.778,0.778
SEIR015_sl1000_mr0125_nv10_4,0.8,0.8,0.8,1.0,0.8,0.889,1.0,0.8,0.889
SEIR015_sl1000_mr0125_nv10_5,0.75,0.588,0.659,0.778,0.412,0.538,0.778,0.412,0.538
SEIR015_sl1000_mr0125_nv10_6,0.889,0.914,0.901,0.893,0.714,0.794,0.88,0.629,0.733
SEIR015_sl1000_mr0125_nv10_7,0.712,0.765,0.738,0.821,0.676,0.742,0.854,0.603,0.707
SEIR015_sl1000_mr0125_nv10_8,0.6,0.667,0.632,0.75,0.5,0.6,0.75,0.5,0.6
SEIR015_sl1000_mr0125_nv10_9,0.391,0.429,0.409,0.5,0.429,0.462,0.529,0.429,0.474
SEIR015_sl1000_mr025_nv10_1,0.8,0.8,0.8,0.889,0.8,0.842,0.889,0.8,0.842
SEIR015_sl1000_mr025_nv10_10,0.909,0.909,0.909,0.909,0.909,0.909,0.909,0.909,0.909
SEIR015_sl1000_mr025_nv10_11,0.78,0.821,0.8,0.884,0.679,0.768,0.881,0.661,0.755
SEIR015_sl1000_mr025_nv10_12,0.692,0.9,0.783,0.75,0.9,0.818,0.75,0.9,0.818
SEIR015_sl1000_mr025_nv10_13,0.333,0.4,0.364,0.5,0.4,0.444,0.5,0.4,0.444
SEIR015_sl1000_mr025_nv10_14,0.667,0.8,0.727,0.69,0.8,0.741,0.72,0.72,0.72
SEIR015_sl1000_mr025_nv10_15,0.569,0.638,0.602,0.54,0.466,0.5,0.532,0.431,0.476
SEIR015_sl1000_mr025_nv10_16,0.688,0.786,0.733,0.688,0.786,0.733,0.667,0.714,0.69
SEIR015_sl1000_mr025_nv10_17,0.821,0.842,0.831,0.8,0.737,0.767,0.812,0.684,0.743
SEIR015_sl1000_mr025_nv10_18,0.65,0.703,0.675,0.714,0.676,0.694,0.758,0.676,0.714
SEIR015_sl1000_mr025_nv10_19,0.81,0.895,0.85,0.789,0.789,0.789,0.778,0.737,0.757
SEIR015_sl1000_mr025_nv10_2,0.842,0.857,0.85,0.872,0.732,0.796,0.854,0.625,0.722
SEIR015_sl1000_mr025_nv10_20,0.6,0.75,0.667,0.556,0.625,0.588,0.714,0.625,0.667
SEIR015_sl1000_mr025_nv10_3,0.894,0.913,0.903,0.927,0.826,0.874,0.927,0.826,0.874
SEIR015_sl1000_mr025_nv10_4,0.696,0.727,0.711,0.756,0.705,0.729,0.744,0.659,0.699
SEIR015_sl1000_mr025_nv10_5,0.854,0.854,0.854,0.875,0.729,0.795,0.875,0.729,0.795
SEIR015_sl1000_mr025_nv10_6,0.848,0.848,0.848,0.85,0.739,0.791,0.868,0.717,0.786
SEIR015_sl1000_mr025_nv10_7,0.889,0.889,0.889,0.889,0.889,0.889,0.889,0.889,0.889
SEIR015_sl1000_mr025_nv10_8,0.889,0.8,0.842,1.0,0.8,0.889,1.0,0.8,0.889
SEIR015_sl1000_mr025_nv10_9,0.917,0.982,0.948,0.958,0.821,0.885,0.958,0.821,0.885
SEIR015_sl1000_mr025_nv20_1,0.643,0.6,0.621,0.818,0.6,0.692,0.818,0.6,0.692
SEIR015_sl1000_mr025_nv20_10,0.7,0.778,0.737,0.625,0.556,0.588,0.571,0.444,0.5
SEIR015_sl1000_mr025_nv20_11,0.857,0.923,0.889,0.833,0.769,0.8,0.833,0.769,0.8
SEIR015_sl1000_mr025_nv20_12,0.48,0.6,0.533,0.6,0.6,0.6,0.706,0.6,0.649
SEIR015_sl1000_mr025_nv20_13,0.538,0.778,0.636,0.538,0.778,0.636,0.538,0.778,0.636
SEIR015_sl1000_mr025_nv20_14,0.909,0.909,0.909,0.9,0.818,0.857,0.889,0.727,0.8
SEIR015_sl1000_mr025_nv20_15,0.545,0.75,0.632,0.72,0.75,0.735,0.72,0.75,0.735
SEIR015_sl1000_mr025_nv20_16,0.871,0.9,0.885,0.862,0.833,0.847,0.862,0.833,0.847
SEIR015_sl1000_mr025_nv20_17,0.831,0.875,0.852,0.855,0.839,0.847,0.846,0.786,0.815
SEIR015_sl1000_mr025_nv20_18,0.609,0.718,0.659,0.643,0.692,0.667,0.643,0.692,0.667
SEIR015_sl1000_mr025_nv20_19,0.462,0.545,0.5,0.6,0.545,0.571,0.6,0.545,0.571
SEIR015_sl1000_mr025_nv20_2,0.846,0.88,0.863,0.846,0.88,0.863,0.917,0.88,0.898
SEIR015_sl1000_mr025_nv20_20,0.684,0.684,0.684,0.706,0.632,0.667,0.706,0.632,0.667
SEIR015_sl1000_mr025_nv20_3,0.629,0.667,0.647,0.667,0.606,0.635,0.672,0.591,0.629
SEIR015_sl1000_mr025_nv20_4,0.853,0.879,0.866,0.815,0.667,0.733,0.808,0.636,0.712
SEIR015_sl1000_mr025_nv20_5,0.949,0.949,0.949,0.946,0.897,0.921,0.943,0.846,0.892
SEIR015_sl1000_mr025_nv20_6,0.717,0.868,0.786,0.732,0.789,0.759,0.718,0.737,0.727
SEIR015_sl1000_mr025_nv20_7,0.944,0.944,0.944,0.938,0.833,0.882,1.0,0.778,0.875
SEIR015_sl1000_mr025_nv20_8,0.634,0.776,0.698,0.778,0.731,0.754,0.783,0.701,0.74
SEIR015_sl1000_mr025_nv20_9,0.556,0.556,0.556,0.643,0.5,0.563,0.875,0.389,0.538
SEIR015_sl1000_mr025_nv5_1,0.818,0.643,0.72,0.875,0.5,0.636,0.875,0.5,0.636
SEIR015_sl1000_mr025_nv5_10,0.737,0.778,0.757,0.774,0.667,0.716,0.774,0.667,0.716
SEIR015_sl1000_mr025_nv5_11,0.708,0.723,0.716,0.711,0.574,0.635,0.676,0.489,0.568
SEIR015_sl1000_mr025_nv5_12,0.273,0.273,0.273,0.429,0.273,0.333,0.429,0.273,0.333
SEIR015_sl1000_mr025_nv5_13,0.931,0.871,0.9,1.0,0.742,0.852,1.0,0.71,0.83
SEIR015_sl1000_mr025_nv5_14,0.611,0.733,0.667,0.692,0.6,0.643,0.692,0.6,0.643
SEIR015_sl1000_mr025_nv5_15,0.706,0.738,0.722,0.719,0.631,0.672,0.78,0.6,0.678
SEIR015_sl1000_mr025_nv5_16,0.833,0.769,0.8,1.0,0.731,0.844,1.0,0.731,0.844
SEIR015_sl1000_mr025_nv5_17,0.857,0.878,0.867,0.838,0.756,0.795,0.879,0.707,0.784
SEIR015_sl1000_mr025_nv5_18,0.723,0.618,0.667,0.872,0.618,0.723,0.865,0.582,0.696
SEIR015_sl1000_mr025_nv5_19,0.389,0.636,0.483,0.5,0.545,0.522,0.5,0.545,0.522
SEIR015_sl1000_mr025_nv5_2,0.75,0.667,0.706,1.0,0.667,0.8,1.0,0.667,0.8
SEIR015_sl1000_mr025_nv5_20,0.581,0.61,0.595,0.697,0.561,0.622,0.71,0.537,0.611
SEIR015_sl1000_mr025_nv5_3,0.682,0.556,0.612,0.875,0.519,0.651,0.875,0.519,0.651
SEIR015_sl1000_mr025_nv5_4,0.625,0.6,0.612,0.698,0.6,0.645,0.718,0.56,0.629
SEIR015_sl1000_mr025_nv5_5,0.667,0.571,0.615,0.688,0.524,0.595,0.733,0.524,0.611
SEIR015_sl1000_mr025_nv5_6,0.621,0.581,0.6,0.688,0.532,0.6,0.727,0.516,0.604
SEIR015_sl1000_mr025_nv5_7,0.769,0.769,0.769,0.818,0.692,0.75,0.818,0.692,0.75
SEIR015_sl1000_mr025_nv5_8,0.76,0.826,0.792,0.789,0.652,0.714,0.833,0.652,0.732
SEIR015_sl1000_mr025_nv5_9,0.585,0.6,0.593,0.7,0.525,0.6,0.7,0.525,0.6
SEIR015_sl1000_mr05_nv10_1,0.75,0.882,0.811,0.667,0.588,0.625,0.643,0.529,0.581
SEIR015_sl1000_mr05_nv10_10,0.8,0.889,0.842,0.8,0.889,0.842,0.8,0.889,0.842
SEIR015_sl1000_mr05_nv10_11,0.333,0.375,0.353,0.333,0.375,0.353,0.375,0.375,0.375
SEIR015_sl1000_mr05_nv10_12,0.727,1.0,0.842,0.727,1.0,0.842,0.727,1.0,0.842
SEIR015_sl1000_mr05_nv10_13,0.902,0.902,0.902,0.942,0.803,0.867,0.941,0.787,0.857
SEIR015_sl1000_mr05_nv10_14,0.708,0.739,0.723,0.784,0.63,0.699,0.8,0.609,0.691
SEIR015_sl1000_mr05_nv10_15,0.583,0.636,0.609,0.7,0.636,0.667,0.625,0.455,0.526
SEIR015_sl1000_mr05_nv10_16,0.826,0.927,0.874,0.857,0.878,0.867,0.872,0.829,0.85
SEIR015_sl1000_mr05_nv10_17,0.731,0.826,0.776,0.8,0.754,0.776,0.797,0.681,0.734
SEIR015_sl1000_mr05_nv10_18,0.783,0.878,0.828,0.786,0.805,0.795,0.775,0.756,0.765
SEIR015_sl1000_mr05_nv10_19,0.784,0.906,0.841,0.794,0.844,0.818,0.857,0.75,0.8
SEIR015_sl1000_mr05_nv10_2,0.923,0.857,0.889,0.909,0.714,0.8,0.903,0.667,0.767
SEIR015_sl1000_mr05_nv10_20,0.38,0.463,0.418,0.316,0.293,0.304,0.333,0.268,0.297
SEIR015_sl1000_mr05_nv10_3,0.842,0.857,0.85,0.882,0.804,0.841,0.9,0.804,0.849
SEIR015_sl1000_mr05_nv10_4,0.6,0.656,0.627,0.618,0.656,0.636,0.613,0.594,0.603
SEIR015_sl1000_mr05_nv10_5,0.818,0.818,0.818,0.818,0.818,0.818,0.818,0.818,0.818
SEIR015_sl1000_mr05_nv10_6,0.815,0.733,0.772,0.818,0.6,0.692,0.818,0.6,0.692
SEIR015_sl1000_mr05_nv10_7,0.524,0.846,0.647,0.562,0.692,0.621,0.562,0.692,0.621
SEIR015_sl1000_mr05_nv10_8,0.7,0.778,0.737,0.743,0.722,0.732,0.812,0.722,0.765
SEIR015_sl1000_mr05_nv10_9,0.857,0.8,0.828,0.923,0.8,0.857,0.917,0.733,0.815
SEIR015_sl250_mr025_nv10_1,0.538,0.824,0.651,0.538,0.824,0.651,0.542,0.765,0.634
SEIR015_sl250_mr025_nv10_10,0.405,0.542,0.464,0.435,0.458,0.446,0.474,0.458,0.466
SEIR015_sl250_mr025_nv10_11,0.476,0.588,0.526,0.486,0.529,0.507,0.5,0.5,0.5
SEIR015_sl250_mr025_nv10_12,0.403,0.674,0.504,0.46,0.674,0.547,0.475,0.674,0.558
SEIR015_sl250_mr025_nv10_13,0.647,0.688,0.667,0.688,0.688,0.688,0.688,0.688,0.688
SEIR015_sl250_mr025_nv10_14,0.341,0.6,0.435,0.351,0.52,0.419,0.333,0.48,0.393
SEIR015_sl250_mr025_nv10_15,0.755,0.816,0.784,0.76,0.776,0.768,0.76,0.776,0.768
SEIR015_sl250_mr025_nv10_16,0.148,0.296,0.198,0.167,0.296,0.213,0.182,0.296,0.225
SEIR015_sl250_mr025_nv10_17,0.538,0.583,0.56,0.455,0.417,0.435,0.455,0.417,0.435
SEIR015_sl250_mr025_nv10_18,0.471,0.727,0.571,0.471,0.727,0.571,0.471,0.727,0.571
SEIR015_sl250_mr025_nv10_19,0.568,0.676,0.617,0.6,0.486,0.537,0.586,0.459,0.515
SEIR015_sl250_mr025_nv10_2,0.25,0.364,0.296,0.167,0.182,0.174,0.167,0.182,0.174
SEIR015_sl250_mr025_nv10_20,0.634,0.788,0.703,0.684,0.788,0.732,0.684,0.788,0.732
SEIR015_sl250_mr025_nv10_3,0.571,0.8,0.667,0.571,0.8,0.667,0.571,0.8,0.667
SEIR015_sl250_mr025_nv10_4,0.692,0.72,0.706,0.692,0.72,0.706,0.692,0.72,0.706
SEIR015_sl250_mr025_nv10_5,0.556,0.625,0.588,0.556,0.625,0.588,0.556,0.625,0.588
SEIR015_sl250_mr025_nv10_6,0.684,0.743,0.712,0.684,0.743,0.712,0.676,0.714,0.694
SEIR015_sl250_mr025_nv10_7,0.333,0.375,0.353,0.333,0.375,0.353,0.333,0.375,0.353
SEIR015_sl250_mr025_nv10_8,0.793,0.852,0.821,0.76,0.704,0.731,0.76,0.704,0.731
SEIR015_sl250_mr025_nv10_9,0.5,0.733,0.595,0.611,0.733,0.667,0.733,0.733,0.733
SEIR015_sl500_mr025_nv10_1,0.667,0.8,0.727,0.667,0.8,0.727,0.6,0.6,0.6
SEIR015_sl500_mr025_nv10_10,0.844,0.884,0.864,0.881,0.86,0.871,0.897,0.814,0.854
SEIR015_sl500_mr025_nv10_11,0.364,0.5,0.421,0.4,0.5,0.444,0.4,0.5,0.444
SEIR015_sl500_mr025_nv10_12,0.655,0.717,0.685,0.708,0.642,0.673,0.75,0.566,0.645
SEIR015_sl500_mr025_nv10_13,0.444,0.571,0.5,0.485,0.571,0.525,0.552,0.571,0.561
SEIR015_sl500_mr025_nv10_14,0.8,0.889,0.842,0.8,0.889,0.842,1.0,0.889,0.941
SEIR015_sl500_mr025_nv10_15,0.831,0.845,0.838,0.836,0.793,0.814,0.849,0.776,0.811
SEIR015_sl500_mr025_nv10_16,0.667,0.833,0.741,0.714,0.833,0.769,0.714,0.833,0.769
SEIR015_sl500_mr025_nv10_17,0.632,0.857,0.727,0.667,0.857,0.75,0.667,0.857,0.75
SEIR015_sl500_mr025_nv10_18,0.75,0.692,0.72,0.706,0.462,0.558,0.643,0.346,0.45
SEIR015_sl500_mr025_nv10_19,0.727,0.8,0.762,0.727,0.8,0.762,0.875,0.7,0.778
SEIR015_sl500_mr025_nv10_2,0.625,0.625,0.625,0.625,0.625,0.625,0.625,0.625,0.625
SEIR015_sl500_mr025_nv10_20,0.696,0.75,0.722,0.796,0.672,0.729,0.796,0.672,0.729
SEIR015_sl500_mr025_nv10_3,0.75,0.811,0.779,0.73,0.73,0.73,0.758,0.676,0.714
SEIR015_sl500_mr025_nv10_4,0.408,0.488,0.444,0.415,0.415,0.415,0.415,0.415,0.415
SEIR015_sl500_mr025_nv10_5,0.933,1.0,0.966,0.933,1.0,0.966,0.933,1.0,0.966
SEIR015_sl500_mr025_nv10_6,0.75,0.789,0.769,0.75,0.789,0.769,0.75,0.789,0.769
SEIR015_sl500_mr025_nv10_7,0.5,0.516,0.508,0.69,0.468,0.558,0.744,0.468,0.574
SEIR015_sl500_mr025_nv10_8,0.7,0.836,0.762,0.739,0.761,0.75,0.726,0.672,0.698
SEIR015_sl500_mr025_nv10_9,0.538,0.636,0.583,0.538,0.636,0.583,0.636,0.636,0.636
SEIR01_sl1000_mr0125_nv10_1,0.722,0.722,0.722,0.765,0.722,0.743,0.765,0.722,0.743
SEIR01_sl1000_mr0125_nv10_10,0.926,0.926,0.926,0.917,0.815,0.863,0.917,0.815,0.863
SEIR01_sl1000_mr0125_nv10_11,0.923,0.923,0.923,0.923,0.923,0.923,0.923,0.923,0.923
SEIR01_sl1000_mr0125_nv10_12,0.2,0.2,0.2,0.25,0.2,0.222,0.25,0.2,0.222
SEIR01_sl1000_mr0125_nv10_13,0.818,0.9,0.857,0.818,0.9,0.857,0.818,0.9,0.857
SEIR01_sl1000_mr0125_nv10_14,0.933,0.933,0.933,0.933,0.933,0.933,0.933,0.933,0.933
SEIR01_sl1000_mr0125_nv10_15,0.792,0.792,0.792,0.826,0.792,0.809,0.857,0.75,0.8
SEIR01_sl1000_mr0125_nv10_16,0.714,0.714,0.714,0.714,0.714,0.714,0.714,0.714,0.714
SEIR01_sl1000_mr0125_nv10_17,0.769,0.833,0.8,0.769,0.833,0.8,0.769,0.833,0.8
SEIR01_sl1000_mr0125_nv10_18,0.854,0.911,0.882,0.87,0.889,0.879,0.905,0.844,0.874
SEIR01_sl1000_mr0125_nv10_19,0.862,0.833,0.847,0.893,0.833,0.862,0.885,0.767,0.821
SEIR01_sl1000_mr0125_nv10_2,0.923,0.923,0.923,0.923,0.923,0.923,0.923,0.923,0.923
SEIR01_sl1000_mr0125_nv10_20,0.885,0.92,0.902,0.957,0.88,0.917,0.957,0.88,0.917
SEIR01_sl1000_mr0125_nv10_3,0.895,0.895,0.895,0.889,0.842,0.865,0.889,0.842,0.865
SEIR01_sl1000_mr0125_nv10_4,0.818,0.75,0.783,0.857,0.75,0.8,0.895,0.708,0.791
SEIR01_sl1000_mr0125_nv10_5,0.854,0.872,0.863,0.891,0.872,0.882,0.891,0.872,0.882
SEIR01_sl1000_mr0125_nv10_6,0.83,0.812,0.821,0.925,0.771,0.841,0.923,0.75,0.828
SEIR01_sl1000_mr0125_nv10_7,0.921,0.897,0.909,0.946,0.897,0.921,0.946,0.897,0.921
SEIR01_sl1000_mr0125_nv10_8,0.667,0.667,0.667,0.667,0.667,0.667,0.667,0.667,0.667
SEIR01_sl1000_mr0125_nv10_9,0.875,0.894,0.884,0.977,0.894,0.933,0.977,0.894,0.933
SEIR01_sl1000_mr025_nv10_1,0.897,0.929,0.912,0.889,0.857,0.873,0.889,0.857,0.873
SEIR01_sl1000_mr025_nv10_10,0.778,0.778,0.778,0.778,0.778,0.778,0.778,0.778,0.778
SEIR01_sl1000_mr025_nv10_11,0.829,0.829,0.829,0.879,0.829,0.853,0.879,0.829,0.853
SEIR01_sl1000_mr025_nv10_12,0.75,0.75,0.75,0.714,0.625,0.667,0.714,0.625,0.667
SEIR01_sl1000_mr025_nv10_13,0.857,0.9,0.878,0.842,0.8,0.821,0.812,0.65,0.722
SEIR01_sl1000_mr025_nv10_14,0.857,0.882,0.87,0.853,0.853,0.853,0.853,0.853,0.853
SEIR01_sl1000_mr025_nv10_15,0.8,0.8,0.8,0.8,0.8,0.8,0.8,0.8,0.8
SEIR01_sl1000_mr025_nv10_16,0.949,0.881,0.914,0.971,0.786,0.868,0.971,0.786,0.868
SEIR01_sl1000_mr025_nv10_17,0.711,0.711,0.711,0.763,0.644,0.699,0.778,0.622,0.691
SEIR01_sl1000_mr025_nv10_18,0.889,0.889,0.889,0.875,0.778,0.824,0.875,0.778,0.824
SEIR01_sl1000_mr025_nv10_19,0.86,0.831,0.845,0.855,0.797,0.825,0.88,0.746,0.807
SEIR01_sl1000_mr025_nv10_2,0.875,0.955,0.913,0.875,0.955,0.913,0.875,0.955,0.913
SEIR01_sl1000_mr025_nv10_20,0.824,0.824,0.824,0.824,0.824,0.824,0.812,0.765,0.788
SEIR01_sl1000_mr025_nv10_3,0.796,0.796,0.796,0.83,0.796,0.812,0.886,0.796,0.839
SEIR01_sl1000_mr025_nv10_4,0.887,0.904,0.895,0.93,0.769,0.842,0.93,0.769,0.842
SEIR01_sl1000_mr025_nv10_5,0.8,0.818,0.809,0.9,0.818,0.857,0.9,0.818,0.857
SEIR01_sl1000_mr025_nv10_6,0.714,0.714,0.714,0.714,0.714,0.714,0.833,0.714,0.769
SEIR01_sl1000_mr025_nv10_7,0.789,0.75,0.769,0.8,0.7,0.747,0.8,0.7,0.747
SEIR01_sl1000_mr025_nv10_8,0.815,0.815,0.815,0.88,0.815,0.846,0.88,0.815,0.846
SEIR01_sl1000_mr025_nv10_9,0.851,0.851,0.851,0.86,0.787,0.822,0.854,0.745,0.795
SEIR01_sl1000_mr025_nv20_1,0.912,0.969,0.939,0.909,0.938,0.923,0.909,0.938,0.923
SEIR01_sl1000_mr025_nv20_10,0.857,0.667,0.75,0.857,0.667,0.75,0.857,0.667,0.75
SEIR01_sl1000_mr025_nv20_11,0.8,0.8,0.8,0.8,0.8,0.8,0.8,0.8,0.8
SEIR01_sl1000_mr025_nv20_12,0.889,0.889,0.889,0.941,0.889,0.914,0.941,0.889,0.914
SEIR01_sl1000_mr025_nv20_13,0.862,0.862,0.862,0.942,0.845,0.891,0.942,0.845,0.891
SEIR01_sl1000_mr025_nv20_14,0.846,0.846,0.846,0.846,0.846,0.846,0.846,0.846,0.846
SEIR01_sl1000_mr025_nv20_15,0.913,0.913,0.913,0.955,0.913,0.933,0.955,0.913,0.933
SEIR01_sl1000_mr025_nv20_16,0.556,0.714,0.625,0.556,0.714,0.625,0.556,0.714,0.625
SEIR01_sl1000_mr025_nv20_17,0.84,0.84,0.84,0.833,0.8,0.816,0.833,0.8,0.816
SEIR01_sl1000_mr025_nv20_18,0.885,0.885,0.885,0.885,0.885,0.885,0.885,0.885,0.885
SEIR01_sl1000_mr025_nv20_19,0.943,0.943,0.943,0.943,0.943,0.943,0.943,0.943,0.943
SEIR01_sl1000_mr025_nv20_2,0.907,0.929,0.918,0.905,0.905,0.905,0.905,0.905,0.905
SEIR01_sl1000_mr025_nv20_20,0.897,0.839,0.867,0.897,0.839,0.867,0.889,0.774,0.828
SEIR01_sl1000_mr025_nv20_3,0.864,0.905,0.884,0.864,0.905,0.884,0.864,0.905,0.884
SEIR01_sl1000_mr025_nv20_4,0.75,0.75,0.75,0.75,0.75,0.75,0.75,0.75,0.75
SEIR01_sl1000_mr025_nv20_5,0.848,0.848,0.848,0.848,0.848,0.848,0.848,0.848,0.848
SEIR01_sl1000_mr025_nv20_6,0.917,1.0,0.957,0.917,1.0,0.957,0.917,1.0,0.957
SEIR01_sl1000_mr025_nv20_7,0.824,0.824,0.824,0.875,0.824,0.848,0.875,0.824,0.848
SEIR01_sl1000_mr025_nv20_8,0.6,0.6,0.6,0.6,0.6,0.6,0.6,0.6,0.6
SEIR01_sl1000_mr025_nv20_9,0.917,0.917,0.917,1.0,0.917,0.957,1.0,0.917,0.957
SEIR01_sl1000_mr025_nv5_1,0.816,0.756,0.785,0.824,0.683,0.747,0.839,0.634,0.722
SEIR01_sl1000_mr025_nv5_10,0.8,0.727,0.762,0.885,0.697,0.78,0.885,0.697,0.78
SEIR01_sl1000_mr025_nv5_11,0.722,0.684,0.703,0.8,0.632,0.706,0.8,0.632,0.706
SEIR01_sl1000_mr025_nv5_12,0.789,0.789,0.789,0.75,0.632,0.686,0.75,0.632,0.686
SEIR01_sl1000_mr025_nv5_13,0.917,0.917,0.917,0.917,0.917,0.917,0.917,0.917,0.917
SEIR01_sl1000_mr025_nv5_14,0.762,0.8,0.78,0.762,0.8,0.78,0.8,0.8,0.8
SEIR01_sl1000_mr025_nv5_15,0.75,0.778,0.764,0.75,0.667,0.706,0.739,0.63,0.68
SEIR01_sl1000_mr025_nv5_16,0.944,0.944,0.944,0.944,0.944,0.944,0.944,0.944,0.944
SEIR01_sl1000_mr025_nv5_17,0.818,0.818,0.818,0.818,0.818,0.818,0.818,0.818,0.818
SEIR01_sl1000_mr025_nv5_18,0.773,0.723,0.747,0.886,0.66,0.756,0.903,0.596,0.718
SEIR01_sl1000_mr025_nv5_19,0.948,0.948,0.948,0.946,0.914,0.93,0.945,0.897,0.92
SEIR01_sl1000_mr025_nv5_2,0.786,0.688,0.733,0.769,0.625,0.69,0.769,0.625,0.69
SEIR01_sl1000_mr025_nv5_20,0.625,0.625,0.625,0.682,0.625,0.652,0.714,0.625,0.667
SEIR01_sl1000_mr025_nv5_3,0.727,0.8,0.762,0.8,0.8,0.8,0.8,0.8,0.8
SEIR01_sl1000_mr025_nv5_4,0.74,0.74,0.74,0.833,0.7,0.761,0.872,0.68,0.764
SEIR01_sl1000_mr025_nv5_5,0.731,0.745,0.738,0.821,0.627,0.711,0.8,0.549,0.651
SEIR01_sl1000_mr025_nv5_6,0.625,0.625,0.625,0.625,0.625,0.625,0.625,0.625,0.625
SEIR01_sl1000_mr025_nv5_7,0.9,0.9,0.9,0.9,0.9,0.9,0.9,0.9,0.9
SEIR01_sl1000_mr025_nv5_8,0.913,0.913,0.913,0.909,0.87,0.889,0.909,0.87,0.889
SEIR01_sl1000_mr025_nv5_9,0.889,0.889,0.889,0.889,0.889,0.889,0.889,0.889,0.889
SEIR01_sl1000_mr05_nv10_1,0.75,0.692,0.72,0.818,0.692,0.75,0.818,0.692,0.75
SEIR01_sl1000_mr05_nv10_10,0.857,0.857,0.857,0.857,0.857,0.857,0.857,0.857,0.857
SEIR01_sl1000_mr05_nv10_11,0.735,0.781,0.758,0.758,0.781,0.769,0.758,0.781,0.769
SEIR01_sl1000_mr05_nv10_12,0.847,0.862,0.855,0.94,0.81,0.87,0.94,0.81,0.87
SEIR01_sl1000_mr05_nv10_13,0.875,0.875,0.875,0.875,0.875,0.875,0.875,0.875,0.875
SEIR01_sl1000_mr05_nv10_14,0.895,0.872,0.883,0.914,0.821,0.865,0.931,0.692,0.794
SEIR01_sl1000_mr05_nv10_15,0.812,0.812,0.812,0.867,0.812,0.839,0.867,0.812,0.839
SEIR01_sl1000_mr05_nv10_16,0.955,0.955,0.955,0.955,0.955,0.955,0.955,0.955,0.955
SEIR01_sl1000_mr05_nv10_17,0.87,0.909,0.889,0.952,0.909,0.93,0.952,0.909,0.93
SEIR01_sl1000_mr05_nv10_18,0.86,0.875,0.867,0.873,0.857,0.865,0.873,0.857,0.865
SEIR01_sl1000_mr05_nv10_19,0.5,0.571,0.533,0.667,0.571,0.615,0.667,0.571,0.615
SEIR01_sl1000_mr05_nv10_2,0.889,1.0,0.941,0.889,1.0,0.941,0.889,1.0,0.941
SEIR01_sl1000_mr05_nv10_20,0.852,0.885,0.868,0.935,0.827,0.878,0.935,0.827,0.878
SEIR01_sl1000_mr05_nv10_3,0.87,0.8,0.833,0.909,0.8,0.851,0.909,0.8,0.851
SEIR01_sl1000_mr05_nv10_4,0.667,0.727,0.696,0.667,0.727,0.696,0.8,0.727,0.762
SEIR01_sl1000_mr05_nv10_5,0.889,0.889,0.889,0.889,0.889,0.889,0.889,0.889,0.889
SEIR01_sl1000_mr05_nv10_6,0.897,0.875,0.886,0.889,0.8,0.842,0.886,0.775,0.827
SEIR01_sl1000_mr05_nv10_7,0.809,0.826,0.817,0.804,0.804,0.804,0.804,0.804,0.804
SEIR01_sl1000_mr05_nv10_8,0.875,0.875,0.875,0.875,0.875,0.875,0.875,0.875,0.875
SEIR01_sl1000_mr05_nv10_9,0.923,0.923,0.923,0.923,0.923,0.923,0.917,0.846,0.88
SEIR01_sl250_mr025_nv10_1,0.6,0.733,0.66,0.635,0.733,0.68,0.673,0.733,0.702
SEIR01_sl250_mr025_nv10_10,0.737,0.824,0.778,0.737,0.824,0.778,0.737,0.824,0.778
SEIR01_sl250_mr025_nv10_11,0.65,0.812,0.722,0.765,0.812,0.788,0.765,0.812,0.788
SEIR01_sl250_mr025_nv10_12,0.761,0.814,0.787,0.825,0.767,0.795,0.825,0.767,0.795
SEIR01_sl250_mr025_nv10_13,0.571,0.667,0.615,0.5,0.5,0.5,0.5,0.5,0.5
SEIR01_sl250_mr025_nv10_14,0.46,0.5,0.479,0.561,0.5,0.529,0.561,0.5,0.529
SEIR01_sl250_mr025_nv10_15,0.6,0.857,0.706,0.6,0.857,0.706,0.667,0.857,0.75
SEIR01_sl250_mr025_nv10_16,0.469,0.652,0.545,0.483,0.63,0.547,0.483,0.609,0.538
SEIR01_sl250_mr025_nv10_17,0.286,0.5,0.364,0.333,0.5,0.4,0.333,0.375,0.353
SEIR01_sl250_mr025_nv10_18,0.6,0.656,0.627,0.75,0.656,0.7,0.75,0.656,0.7
SEIR01_sl250_mr025_nv10_19,0.714,0.833,0.769,0.714,0.833,0.769,0.714,0.833,0.769
SEIR01_sl250_mr025_nv10_2,0.625,0.714,0.667,0.643,0.643,0.643,0.643,0.643,0.643
SEIR01_sl250_mr025_nv10_20,0.684,0.722,0.703,0.722,0.722,0.722,0.722,0.722,0.722
SEIR01_sl250_mr025_nv10_3,0.667,0.815,0.733,0.667,0.815,0.733,0.667,0.815,0.733
SEIR01_sl250_mr025_nv10_4,0.812,0.929,0.867,0.812,0.929,0.867,0.812,0.929,0.867
SEIR01_sl250_mr025_nv10_5,0.604,0.707,0.652,0.622,0.683,0.651,0.614,0.659,0.635
SEIR01_sl250_mr025_nv10_6,0.536,0.682,0.6,0.577,0.682,0.625,0.56,0.636,0.596
SEIR01_sl250_mr025_nv10_7,0.706,0.857,0.774,0.706,0.857,0.774,0.706,0.857,0.774
SEIR01_sl250_mr025_nv10_8,0.605,0.765,0.675,0.619,0.765,0.684,0.684,0.765,0.722
SEIR01_sl250_mr025_nv10_9,0.718,0.836,0.773,0.758,0.77,0.764,0.758,0.77,0.764
SEIR01_sl500_mr025_nv10_1,0.455,0.5,0.476,0.455,0.5,0.476,0.455,0.5,0.476
SEIR01_sl500_mr025_nv10_10,0.714,0.714,0.714,0.714,0.714,0.714,0.714,0.714,0.714
SEIR01_sl500_mr025_nv10_11,0.737,0.824,0.778,0.737,0.824,0.778,0.737,0.824,0.778
SEIR01_sl500_mr025_nv10_12,0.885,0.902,0.893,0.935,0.843,0.887,0.935,0.843,0.887
SEIR01_sl500_mr025_nv10_13,0.667,0.7,0.683,0.7,0.7,0.7,0.765,0.65,0.703
SEIR01_sl500_mr025_nv10_14,0.714,0.833,0.769,0.714,0.833,0.769,0.714,0.833,0.769
SEIR01_sl500_mr025_nv10_15,0.82,0.862,0.84,0.852,0.793,0.821,0.852,0.793,0.821
SEIR01_sl500_mr025_nv10_16,0.75,0.8,0.774,0.75,0.8,0.774,0.75,0.8,0.774
SEIR01_sl500_mr025_nv10_17,0.429,0.5,0.462,0.333,0.333,0.333,0.333,0.333,0.333
SEIR01_sl500_mr025_nv10_18,0.5,0.5,0.5,0.5,0.5,0.5,0.5,0.5,0.5
SEIR01_sl500_mr025_nv10_19,0.5,0.625,0.556,0.556,0.625,0.588,0.556,0.625,0.588
SEIR01_sl500_mr025_nv10_2,0.625,0.625,0.625,0.571,0.5,0.533,0.571,0.5,0.533
SEIR01_sl500_mr025_nv10_20,0.818,0.844,0.831,0.815,0.688,0.746,0.8,0.625,0.702
SEIR01_sl500_mr025_nv10_3,0.826,0.905,0.864,0.826,0.905,0.864,0.826,0.905,0.864
SEIR01_sl500_mr025_nv10_4,0.75,0.857,0.8,0.714,0.714,0.714,0.714,0.714,0.714
SEIR01_sl500_mr025_nv10_5,0.571,0.8,0.667,0.8,0.8,0.8,0.8,0.8,0.8
SEIR01_sl500_mr025_nv10_6,0.857,0.906,0.881,0.885,0.868,0.876,0.913,0.792,0.848
SEIR01_sl500_mr025_nv10_7,0.73,0.794,0.761,0.794,0.794,0.794,0.818,0.794,0.806
SEIR01_sl500_mr025_nv10_8,0.737,0.875,0.8,0.737,0.875,0.8,0.737,0.875,0.8
SEIR01_sl500_mr025_nv10_9,0.778,0.778,0.778,0.778,0.778,0.778,0.778,0.778,0.778
SIR003_sl1000_mr025_nv10_1,0.714,0.714,0.714,0.769,0.714,0.741,0.818,0.643,0.72
SIR003_sl1000_mr025_nv10_10,0.786,0.846,0.815,0.75,0.692,0.72,0.75,0.692,0.72
SIR003_sl1000_mr025_nv10_11,0.594,0.633,0.613,0.739,0.567,0.642,0.842,0.533,0.653
SIR003_sl1000_mr025_nv10_12,0.792,0.776,0.784,0.905,0.776,0.835,0.949,0.755,0.841
SIR003_sl1000_mr025_nv10_13,0.667,0.364,0.471,0.667,0.364,0.471,0.667,0.364,0.471
SIR003_sl1000_mr025_nv10_14,0.8,0.8,0.8,0.923,0.8,0.857,0.923,0.8,0.857
SIR003_sl1000_mr025_nv10_15,0.667,0.583,0.622,0.7,0.583,0.636,0.722,0.542,0.619
SIR003_sl1000_mr025_nv10_16,0.632,0.706,0.667,0.786,0.647,0.71,0.786,0.647,0.71
SIR003_sl1000_mr025_nv10_17,0.783,0.783,0.783,0.818,0.783,0.8,0.818,0.783,0.8
SIR003_sl1000_mr025_nv10_18,1.0,1.0,1.0,1.0,1.0,1.0,1.0,1.0,1.0
SIR003_sl1000_mr025_nv10_19,0.739,0.708,0.723,0.773,0.708,0.739,0.773,0.708,0.739
SIR003_sl1000_mr025_nv10_2,0.778,0.737,0.757,0.875,0.737,0.8,0.875,0.737,0.8
SIR003_sl1000_mr025_nv10_20,0.778,0.778,0.778,0.75,0.667,0.706,0.75,0.667,0.706
SIR003_sl1000_mr025_nv10_3,0.808,0.808,0.808,0.95,0.731,0.826,1.0,0.731,0.844
SIR003_sl1000_mr025_nv10_4,0.793,0.742,0.767,0.87,0.645,0.741,0.909,0.645,0.755
SIR003_sl1000_mr025_nv10_5,0.714,0.714,0.714,0.833,0.714,0.769,0.833,0.714,0.769
SIR003_sl1000_mr025_nv10_6,0.739,0.739,0.739,0.789,0.652,0.714,0.789,0.652,0.714
SIR003_sl1000_mr025_nv10_7,0.562,0.562,0.562,0.571,0.5,0.533,0.571,0.5,0.533
SIR003_sl1000_mr025_nv10_8,0.867,0.867,0.867,0.867,0.867,0.867,0.867,0.867,0.867
SIR003_sl1000_mr025_nv10_9,0.655,0.679,0.667,0.773,0.607,0.68,0.842,0.571,0.681
SIR003_sl1000_mr05_nv10_1,0.647,0.647,0.647,0.625,0.588,0.606,0.769,0.588,0.667
SIR003_sl1000_mr05_nv10_10,0.846,0.846,0.846,0.846,0.846,0.846,0.846,0.846,0.846
SIR003_sl1000_mr05_nv10_11,0.629,0.629,0.629,0.688,0.629,0.657,0.688,0.629,0.657
SIR003_sl1000_mr05_nv10_12,0.792,0.764,0.778,0.857,0.764,0.808,0.875,0.764,0.816
SIR003_sl1000_mr05_nv10_13,0.83,0.786,0.807,0.851,0.714,0.777,0.889,0.714,0.792
SIR003_sl1000_mr05_nv10_14,1.0,1.0,1.0,1.0,1.0,1.0,1.0,1.0,1.0
SIR003_sl1000_mr05_nv10_15,0.846,0.846,0.846,0.909,0.769,0.833,0.909,0.769,0.833
SIR003_sl1000_mr05_nv10_16,0.769,0.8,0.784,0.792,0.76,0.776,0.826,0.76,0.792
SIR003_sl1000_mr05_nv10_17,0.583,0.5,0.538,0.75,0.429,0.545,0.75,0.429,0.545
SIR003_sl1000_mr05_nv10_18,0.739,0.739,0.739,0.85,0.739,0.791,0.85,0.739,0.791
SIR003_sl1000_mr05_nv10_19,0.763,0.784,0.773,0.743,0.703,0.722,0.743,0.703,0.722
SIR003_sl1000_mr05_nv10_2,0.933,0.933,0.933,0.933,0.933,0.933,0.933,0.933,0.933
SIR003_sl1000_mr05_nv10_20,0.333,0.222,0.267,0.667,0.222,0.333,0.667,0.222,0.333
SIR003_sl1000_mr05_nv10_3,0.778,0.7,0.737,0.778,0.7,0.737,0.875,0.7,0.778
SIR003_sl1000_mr05_nv10_4,0.846,0.846,0.846,0.846,0.846,0.846,0.846,0.846,0.846
SIR003_sl1000_mr05_nv10_5,0.533,0.522,0.527,0.556,0.435,0.488,0.567,0.37,0.447
SIR003_sl1000_mr05_nv10_6,0.619,0.619,0.619,0.684,0.619,0.65,0.812,0.619,0.703
SIR003_sl1000_mr05_nv10_7,0.905,0.826,0.864,0.905,0.826,0.864,0.905,0.826,0.864
SIR003_sl1000_mr05_nv10_8,0.721,0.674,0.697,0.912,0.674,0.775,0.912,0.674,0.775
SIR003_sl1000_mr05_nv10_9,0.75,0.5,0.6,0.824,0.467,0.596,0.867,0.433,0.578
SIR003_sl1000_mr05_nv20_1,0.794,0.771,0.783,0.833,0.714,0.769,0.828,0.686,0.75
SIR003_sl1000_mr05_nv20_10,0.86,0.827,0.843,0.933,0.808,0.866,0.953,0.788,0.863
SIR003_sl1000_mr05_nv20_11,0.667,0.4,0.5,1.0,0.4,0.571,1.0,0.4,0.571
SIR003_sl1000_mr05_nv20_12,0.712,0.673,0.692,0.771,0.673,0.718,0.822,0.673,0.74
SIR003_sl1000_mr05_nv20_13,0.765,0.722,0.743,0.818,0.667,0.735,0.837,0.667,0.742
SIR003_sl1000_mr05_nv20_14,0.9,0.9,0.9,1.0,0.9,0.947,1.0,0.9,0.947
SIR003_sl1000_mr05_nv20_15,0.737,0.737,0.737,0.867,0.684,0.765,0.867,0.684,0.765
SIR003_sl1000_mr05_nv20_16,0.732,0.698,0.714,0.811,0.698,0.75,0.879,0.674,0.763
SIR003_sl1000_mr05_nv20_17,0.717,0.66,0.688,0.78,0.64,0.703,0.8,0.64,0.711
SIR003_sl1000_mr05_nv20_18,0.771,0.711,0.74,0.812,0.684,0.743,0.839,0.684,0.754
SIR003_sl1000_mr05_nv20_19,0.757,0.757,0.757,0.867,0.703,0.776,0.893,0.676,0.769
SIR003_sl1000_mr05_nv20_2,0.745,0.714,0.729,0.805,0.673,0.733,0.821,0.653,0.727
SIR003_sl1000_mr05_nv20_20,0.857,0.857,0.857,0.857,0.857,0.857,0.857,0.857,0.857
SIR003_sl1000_mr05_nv20_3,0.692,0.692,0.692,0.8,0.615,0.696,0.8,0.615,0.696
SIR003_sl1000_mr05_nv20_4,0.844,0.844,0.844,0.897,0.812,0.852,0.897,0.812,0.852
SIR003_sl1000_mr05_nv20_5,0.842,0.667,0.744,0.842,0.667,0.744,0.842,0.667,0.744
SIR003_sl1000_mr05_nv20_6,0.769,0.714,0.741,0.9,0.643,0.75,0.9,0.643,0.75
SIR003_sl1000_mr05_nv20_7,0.769,0.833,0.8,0.7,0.583,0.636,0.7,0.583,0.636
SIR003_sl1000_mr05_nv20_8,0.68,0.63,0.654,0.708,0.63,0.667,0.708,0.63,0.667
SIR003_sl1000_mr05_nv20_9,0.75,0.75,0.75,0.763,0.725,0.744,0.763,0.725,0.744
SIR003_sl1000_mr05_nv5_1,0.694,0.714,0.704,0.774,0.686,0.727,0.793,0.657,0.719
SIR003_sl1000_mr05_nv5_10,0.825,0.805,0.815,0.886,0.756,0.816,0.906,0.707,0.795
SIR003_sl1000_mr05_nv5_11,0.778,0.677,0.724,0.8,0.645,0.714,0.804,0.597,0.685
SIR003_sl1000_mr05_nv5_12,1.0,1.0,1.0,1.0,0.833,0.909,1.0,0.833,0.909
SIR003_sl1000_mr05_nv5_13,0.833,0.909,0.87,0.833,0.909,0.87,0.833,0.909,0.87
SIR003_sl1000_mr05_nv5_14,0.655,0.655,0.655,0.739,0.586,0.654,0.739,0.586,0.654
SIR003_sl1000_mr05_nv5_15,0.81,0.823,0.816,0.833,0.726,0.776,0.872,0.661,0.752
SIR003_sl1000_mr05_nv5_16,0.667,0.667,0.667,0.667,0.667,0.667,0.667,0.667,0.667
SIR003_sl1000_mr05_nv5_17,0.638,0.625,0.632,0.718,0.583,0.644,0.788,0.542,0.642
SIR003_sl1000_mr05_nv5_18,0.75,0.75,0.75,0.8,0.75,0.774,0.8,0.75,0.774
SIR003_sl1000_mr05_nv5_19,0.562,0.529,0.545,0.586,0.5,0.54,0.68,0.5,0.576
SIR003_sl1000_mr05_nv5_2,0.667,0.667,0.667,0.636,0.583,0.609,0.636,0.583,0.609
SIR003_sl1000_mr05_nv5_20,0.769,0.769,0.769,0.818,0.692,0.75,0.818,0.692,0.75
SIR003_sl1000_mr05_nv5_3,0.75,0.75,0.75,0.75,0.75,0.75,0.75,0.75,0.75
SIR003_sl1000_mr05_nv5_4,0.917,0.786,0.846,0.917,0.786,0.846,1.0,0.786,0.88
SIR003_sl1000_mr05_nv5_5,0.889,0.727,0.8,1.0,0.727,0.842,1.0,0.636,0.778
SIR003_sl1000_mr05_nv5_6,0.5,0.455,0.476,0.556,0.455,0.5,0.714,0.455,0.556
SIR003_sl1000_mr05_nv5_7,0.627,0.568,0.596,0.704,0.514,0.594,0.822,0.5,0.622
SIR003_sl1000_mr05_nv5_8,0.55,0.44,0.489,0.733,0.44,0.55,0.769,0.4,0.526
SIR003_sl1000_mr05_nv5_9,0.542,0.542,0.542,0.591,0.542,0.565,0.65,0.542,0.591
SIR003_sl1000_mr1_nv10_1,0.765,0.765,0.765,0.786,0.647,0.71,0.769,0.588,0.667
SIR003_sl1000_mr1_nv10_10,0.556,0.455,0.5,0.625,0.455,0.526,0.625,0.455,0.526
SIR003_sl1000_mr1_nv10_11,0.7,0.7,0.7,0.778,0.7,0.737,0.857,0.6,0.706
SIR003_sl1000_mr1_nv10_12,0.593,0.593,0.593,0.682,0.556,0.612,0.682,0.556,0.612
SIR003_sl1000_mr1_nv10_13,0.167,0.167,0.167,0.167,0.167,0.167,0.167,0.167,0.167
SIR003_sl1000_mr1_nv10_14,0.765,0.722,0.743,0.806,0.694,0.746,0.862,0.694,0.769
SIR003_sl1000_mr1_nv10_15,0.636,0.636,0.636,0.636,0.636,0.636,0.636,0.636,0.636
SIR003_sl1000_mr1_nv10_16,0.588,0.5,0.541,0.769,0.5,0.606,0.769,0.5,0.606
SIR003_sl1000_mr1_nv10_17,0.75,0.75,0.75,0.75,0.75,0.75,0.767,0.719,0.742
SIR003_sl1000_mr1_nv10_18,0.774,0.727,0.75,0.828,0.727,0.774,0.96,0.727,0.828
SIR003_sl1000_mr1_nv10_19,0.635,0.625,0.63,0.771,0.578,0.661,0.804,0.578,0.673
SIR003_sl1000_mr1_nv10_2,0.705,0.683,0.694,0.755,0.635,0.69,0.76,0.603,0.673
SIR003_sl1000_mr1_nv10_20,0.681,0.681,0.681,0.786,0.638,0.704,0.786,0.638,0.704
SIR003_sl1000_mr1_nv10_3,0.783,0.783,0.783,0.8,0.696,0.744,0.8,0.696,0.744
SIR003_sl1000_mr1_nv10_4,0.786,0.759,0.772,0.8,0.69,0.741,0.8,0.69,0.741
SIR003_sl1000_mr1_nv10_5,0.833,0.556,0.667,1.0,0.556,0.714,1.0,0.556,0.714
SIR003_sl1000_mr1_nv10_6,0.786,0.733,0.759,0.95,0.633,0.76,0.95,0.633,0.76
SIR003_sl1000_mr1_nv10_7,0.75,0.75,0.75,0.833,0.625,0.714,0.833,0.625,0.714
SIR003_sl1000_mr1_nv10_8,0.758,0.714,0.735,0.926,0.714,0.806,0.926,0.714,0.806
SIR003_sl1000_mr1_nv10_9,0.667,0.667,0.667,0.667,0.667,0.667,1.0,0.667,0.8
SIR003_sl250_mr05_nv10_1,0.556,0.625,0.588,0.559,0.594,0.576,0.586,0.531,0.557
SIR003_sl250_mr05_nv10_10,0.524,0.579,0.55,0.55,0.579,0.564,0.55,0.579,0.564
SIR003_sl250_mr05_nv10_11,0.417,0.417,0.417,0.429,0.25,0.316,0.429,0.25,0.316
SIR003_sl250_mr05_nv10_12,0.538,0.538,0.538,0.583,0.538,0.56,0.636,0.538,0.583
SIR003_sl250_mr05_nv10_13,0.25,0.286,0.267,0.2,0.143,0.167,0.2,0.143,0.167
SIR003_sl250_mr05_nv10_14,0.75,0.75,0.75,0.75,0.75,0.75,0.75,0.75,0.75
SIR003_sl250_mr05_nv10_15,0.875,0.875,0.875,0.875,0.875,0.875,0.875,0.875,0.875
SIR003_sl250_mr05_nv10_16,0.583,0.636,0.609,0.6,0.545,0.571,0.6,0.545,0.571
SIR003_sl250_mr05_nv10_17,0.583,0.622,0.602,0.643,0.6,0.621,0.692,0.6,0.643
SIR003_sl250_mr05_nv10_18,0.68,0.63,0.654,0.739,0.63,0.68,0.714,0.556,0.625
SIR003_sl250_mr05_nv10_19,0.267,0.32,0.291,0.28,0.28,0.28,0.292,0.28,0.286
SIR003_sl250_mr05_nv10_2,0.714,0.714,0.714,0.75,0.643,0.692,0.75,0.643,0.692
SIR003_sl250_mr05_nv10_20,0.587,0.659,0.621,0.59,0.561,0.575,0.595,0.537,0.564
SIR003_sl250_mr05_nv10_3,0.818,0.818,0.818,0.85,0.773,0.81,0.842,0.727,0.78
SIR003_sl250_mr05_nv10_4,0.769,0.833,0.8,0.769,0.833,0.8,0.769,0.833,0.8
SIR003_sl250_mr05_nv10_5,0.696,0.727,0.711,0.696,0.727,0.711,0.8,0.727,0.762
SIR003_sl250_mr05_nv10_6,0.697,0.697,0.697,0.733,0.667,0.698,0.846,0.667,0.746
SIR003_sl250_mr05_nv10_7,0.453,0.522,0.485,0.49,0.522,0.505,0.5,0.522,0.511
SIR003_sl250_mr05_nv10_8,0.556,0.588,0.571,0.556,0.588,0.571,0.588,0.588,0.588
SIR003_sl250_mr05_nv10_9,0.273,0.333,0.3,0.429,0.333,0.375,0.5,0.333,0.4
SIR003_sl500_mr05_nv10_1,0.714,0.714,0.714,0.714,0.714,0.714,0.833,0.714,0.769
SIR003_sl500_mr05_nv10_10,0.632,0.615,0.623,0.762,0.41,0.533,0.824,0.359,0.5
SIR003_sl500_mr05_nv10_11,0.833,0.833,0.833,0.833,0.833,0.833,0.833,0.833,0.833
SIR003_sl500_mr05_nv10_12,0.654,0.654,0.654,0.773,0.654,0.708,0.762,0.615,0.681
SIR003_sl500_mr05_nv10_13,0.75,0.688,0.717,0.879,0.604,0.716,0.879,0.604,0.716
SIR003_sl500_mr05_nv10_14,0.7,0.636,0.667,0.769,0.606,0.678,0.8,0.606,0.69
SIR003_sl500_mr05_nv10_15,0.842,0.842,0.842,0.889,0.842,0.865,0.889,0.842,0.865
SIR003_sl500_mr05_nv10_16,0.5,0.583,0.538,0.538,0.583,0.56,0.5,0.417,0.455
SIR003_sl500_mr05_nv10_17,0.636,0.7,0.667,0.778,0.7,0.737,0.778,0.7,0.737
SIR003_sl500_mr05_nv10_18,0.846,0.846,0.846,0.846,0.846,0.846,0.846,0.846,0.846
SIR003_sl500_mr05_nv10_19,0.614,0.583,0.598,0.654,0.567,0.607,0.66,0.55,0.6
SIR003_sl500_mr05_nv10_2,0.765,0.765,0.765,0.812,0.765,0.788,0.812,0.765,0.788
SIR003_sl500_mr05_nv10_20,0.5,0.5,0.5,0.667,0.5,0.571,0.667,0.5,0.571
SIR003_sl500_mr05_nv10_3,0.759,0.759,0.759,0.808,0.724,0.764,0.808,0.724,0.764
SIR003_sl500_mr05_nv10_4,0.72,0.692,0.706,0.789,0.577,0.667,0.789,0.577,0.667
SIR003_sl500_mr05_nv10_5,0.9,0.9,0.9,0.9,0.9,0.9,0.9,0.9,0.9
SIR003_sl500_mr05_nv10_6,0.762,0.762,0.762,0.824,0.667,0.737,0.875,0.667,0.757
SIR003_sl500_mr05_nv10_7,0.667,0.778,0.718,0.667,0.778,0.718,0.667,0.778,0.718
SIR003_sl500_mr05_nv10_8,0.8,0.8,0.8,0.8,0.8,0.8,0.786,0.733,0.759
SIR003_sl500_mr05_nv10_9,0.857,0.857,0.857,0.857,0.857,0.857,0.857,0.857,0.857
SIR01_sl1000_mr075_nv10_1,0.86,0.86,0.86,0.865,0.789,0.826,0.882,0.789,0.833
SIR01_sl1000_mr075_nv10_10,0.75,0.75,0.75,0.833,0.625,0.714,0.833,0.625,0.714
SIR01_sl1000_mr075_nv10_11,1.0,1.0,1.0,1.0,1.0,1.0,1.0,1.0,1.0
SIR01_sl1000_mr075_nv10_12,0.893,0.833,0.862,0.926,0.833,0.877,0.926,0.833,0.877
SIR01_sl1000_mr075_nv10_13,0.643,0.643,0.643,0.778,0.5,0.609,0.778,0.5,0.609
SIR01_sl1000_mr075_nv10_14,0.571,0.571,0.571,0.571,0.571,0.571,0.571,0.571,0.571
SIR01_sl1000_mr075_nv10_15,0.833,0.833,0.833,0.833,0.833,0.833,0.833,0.833,0.833
SIR01_sl1000_mr075_nv10_16,0.842,0.889,0.865,0.842,0.889,0.865,0.941,0.889,0.914
SIR01_sl1000_mr075_nv10_17,0.723,0.662,0.691,0.804,0.577,0.672,0.816,0.563,0.667
SIR01_sl1000_mr075_nv10_18,0.818,0.818,0.818,0.818,0.818,0.818,0.9,0.818,0.857
SIR01_sl1000_mr075_nv10_19,0.556,0.455,0.5,0.8,0.364,0.5,0.8,0.364,0.5
SIR01_sl1000_mr075_nv10_2,0.667,0.545,0.6,0.857,0.545,0.667,0.857,0.545,0.667
SIR01_sl1000_mr075_nv10_20,0.679,0.633,0.655,0.731,0.633,0.679,0.783,0.6,0.679
SIR01_sl1000_mr075_nv10_3,0.556,0.455,0.5,0.625,0.455,0.526,0.625,0.455,0.526
SIR01_sl1000_mr075_nv10_4,0.795,0.816,0.805,0.784,0.763,0.773,0.771,0.711,0.74
SIR01_sl1000_mr075_nv10_5,0.8,0.75,0.774,0.92,0.719,0.807,0.958,0.719,0.821
SIR01_sl1000_mr075_nv10_6,0.75,0.75,0.75,0.75,0.75,0.75,0.75,0.75,0.75
SIR01_sl1000_mr075_nv10_7,0.833,0.833,0.833,0.87,0.833,0.851,0.95,0.792,0.864
SIR01_sl1000_mr075_nv10_8,0.769,0.625,0.69,0.818,0.562,0.667,0.818,0.562,0.667
SIR01_sl1000_mr075_nv10_9,0.708,0.63,0.667,0.85,0.63,0.723,0.85,0.63,0.723
SIR01_sl1000_mr15_nv10_10,0.75,0.75,0.75,0.84,0.656,0.737,0.875,0.656,0.75
SIR01_sl1000_mr15_nv10_11,0.778,0.583,0.667,0.875,0.583,0.7,0.875,0.583,0.7
SIR01_sl1000_mr15_nv10_12,0.75,0.75,0.75,0.842,0.667,0.744,0.833,0.625,0.714
SIR01_sl1000_mr15_nv10_14,1.0,1.0,1.0,1.0,1.0,1.0,1.0,1.0,1.0
SIR01_sl1000_mr15_nv10_15,0.5,0.474,0.486,0.68,0.447,0.54,0.68,0.447,0.54
SIR01_sl1000_mr15_nv10_16,0.857,0.857,0.857,0.857,0.857,0.857,0.857,0.857,0.857
SIR01_sl1000_mr15_nv10_17,0.85,0.85,0.85,0.941,0.8,0.865,1.0,0.75,0.857
SIR01_sl1000_mr15_nv10_18,0.718,0.739,0.729,0.846,0.638,0.727,0.898,0.638,0.746
SIR01_sl1000_mr15_nv10_19,0.889,0.889,0.889,0.889,0.889,0.889,0.889,0.889,0.889
SIR01_sl1000_mr15_nv10_20,0.778,0.778,0.778,0.778,0.778,0.778,0.778,0.778,0.778
SIR01_sl1000_mr15_nv10_3,0.839,0.797,0.817,0.882,0.763,0.818,0.898,0.746,0.815
SIR01_sl1000_mr15_nv10_5,0.9,0.9,0.9,1.0,0.8,0.889,1.0,0.8,0.889
SIR01_sl1000_mr15_nv10_6,1.0,1.0,1.0,1.0,1.0,1.0,1.0,1.0,1.0
SIR01_sl1000_mr15_nv10_7,0.8,0.72,0.758,0.842,0.64,0.727,0.842,0.64,0.727
SIR01_sl1000_mr15_nv10_8,0.8,0.8,0.8,1.0,0.6,0.75,1.0,0.6,0.75
SIR01_sl1000_mr15_nv10_9,0.667,0.667,0.667,0.667,0.667,0.667,0.737,0.667,0.7
SIR01_sl1000_mr15_nv20_1,0.767,0.719,0.742,0.917,0.688,0.786,0.909,0.625,0.741
SIR01_sl1000_mr15_nv20_10,0.769,0.769,0.769,0.769,0.769,0.769,0.818,0.692,0.75
SIR01_sl1000_mr15_nv20_11,0.833,0.847,0.84,0.873,0.814,0.842,0.87,0.797,0.832
SIR01_sl1000_mr15_nv20_12,0.643,0.6,0.621,0.9,0.6,0.72,0.889,0.533,0.667
SIR01_sl1000_mr15_nv20_13,0.833,0.833,0.833,0.833,0.833,0.833,0.833,0.833,0.833
SIR01_sl1000_mr15_nv20_14,0.4,0.4,0.4,0.4,0.4,0.4,0.4,0.4,0.4
SIR01_sl1000_mr15_nv20_15,0.429,0.429,0.429,0.455,0.357,0.4,0.455,0.357,0.4
SIR01_sl1000_mr15_nv20_16,0.9,0.857,0.878,0.947,0.857,0.9,0.947,0.857,0.9
SIR01_sl1000_mr15_nv20_17,0.714,0.714,0.714,0.714,0.714,0.714,0.714,0.714,0.714
SIR01_sl1000_mr15_nv20_18,0.9,0.9,0.9,0.963,0.867,0.912,0.963,0.867,0.912
SIR01_sl1000_mr15_nv20_19,0.957,0.882,0.918,0.956,0.843,0.896,0.956,0.843,0.896
SIR01_sl1000_mr15_nv20_2,0.8,0.4,0.533,0.8,0.4,0.533,0.8,0.4,0.533
SIR01_sl1000_mr15_nv20_20,0.786,0.786,0.786,0.786,0.786,0.786,0.786,0.786,0.786
SIR01_sl1000_mr15_nv20_3,0.8,0.8,0.8,1.0,0.4,0.571,1.0,0.4,0.571
SIR01_sl1000_mr15_nv20_4,0.773,0.739,0.756,0.862,0.725,0.787,0.875,0.71,0.784
SIR01_sl1000_mr15_nv20_5,0.7,0.7,0.7,0.7,0.7,0.7,0.7,0.7,0.7
SIR01_sl1000_mr15_nv20_6,0.778,0.875,0.824,0.875,0.875,0.875,0.875,0.875,0.875
SIR01_sl1000_mr15_nv20_7,0.821,0.821,0.821,0.808,0.75,0.778,0.808,0.75,0.778
SIR01_sl1000_mr15_nv20_8,0.86,0.771,0.813,0.9,0.75,0.818,0.9,0.75,0.818
SIR01_sl1000_mr15_nv20_9,0.826,0.731,0.776,0.895,0.654,0.756,0.895,0.654,0.756
SIR01_sl1000_mr15_nv5_1,0.731,0.679,0.704,0.773,0.607,0.68,0.773,0.607,0.68
SIR01_sl1000_mr15_nv5_10,0.727,0.727,0.727,1.0,0.727,0.842,1.0,0.727,0.842
SIR01_sl1000_mr15_nv5_11,0.667,0.667,0.667,0.714,0.556,0.625,0.714,0.556,0.625
SIR01_sl1000_mr15_nv5_12,0.632,0.522,0.571,0.611,0.478,0.537,0.647,0.478,0.55
SIR01_sl1000_mr15_nv5_13,0.812,0.812,0.812,0.812,0.812,0.812,0.812,0.812,0.812
SIR01_sl1000_mr15_nv5_14,0.727,0.727,0.727,0.75,0.545,0.632,0.846,0.5,0.629
SIR01_sl1000_mr15_nv5_15,0.773,0.756,0.764,0.744,0.644,0.69,0.806,0.644,0.716
SIR01_sl1000_mr15_nv5_16,0.444,0.444,0.444,0.75,0.333,0.462,0.75,0.333,0.462
SIR01_sl1000_mr15_nv5_17,0.875,0.875,0.875,0.875,0.875,0.875,0.875,0.875,0.875
SIR01_sl1000_mr15_nv5_18,0.667,0.667,0.667,1.0,0.667,0.8,1.0,0.667,0.8
SIR01_sl1000_mr15_nv5_19,0.6,0.571,0.585,0.647,0.524,0.579,0.647,0.524,0.579
SIR01_sl1000_mr15_nv5_2,0.6,0.6,0.6,0.741,0.571,0.645,0.731,0.543,0.623
SIR01_sl1000_mr15_nv5_20,0.706,0.706,0.706,0.833,0.588,0.69,0.833,0.588,0.69
SIR01_sl1000_mr15_nv5_3,0.571,0.444,0.5,0.667,0.444,0.533,0.75,0.333,0.462
SIR01_sl1000_mr15_nv5_4,0.545,0.48,0.511,0.647,0.44,0.524,0.714,0.4,0.513
SIR01_sl1000_mr15_nv5_5,0.636,0.636,0.636,0.636,0.636,0.636,0.778,0.636,0.7
SIR01_sl1000_mr15_nv5_6,0.667,0.609,0.636,0.846,0.478,0.611,0.846,0.478,0.611
SIR01_sl1000_mr15_nv5_7,0.571,0.5,0.533,1.0,0.375,0.545,1.0,0.375,0.545
SIR01_sl1000_mr15_nv5_8,0.375,0.375,0.375,0.6,0.375,0.462,0.75,0.375,0.5
SIR01_sl1000_mr15_nv5_9,0.667,0.596,0.629,0.806,0.532,0.641,0.806,0.532,0.641
SIR01_sl1000_mr3_nv10_1,0.833,0.833,0.833,0.84,0.7,0.764,0.84,0.7,0.764
SIR01_sl1000_mr3_nv10_10,0.778,0.778,0.778,1.0,0.778,0.875,1.0,0.667,0.8
SIR01_sl1000_mr3_nv10_11,0.755,0.702,0.727,0.947,0.632,0.758,0.947,0.632,0.758
SIR01_sl1000_mr3_nv10_12,0.719,0.676,0.697,0.786,0.647,0.71,0.786,0.647,0.71
SIR01_sl1000_mr3_nv10_13,0.758,0.694,0.725,0.778,0.583,0.667,0.87,0.556,0.678
SIR01_sl1000_mr3_nv10_14,0.857,0.857,0.857,0.889,0.857,0.873,0.889,0.857,0.873
SIR01_sl1000_mr3_nv10_15,0.375,0.333,0.353,0.75,0.333,0.462,0.75,0.333,0.462
SIR01_sl1000_mr3_nv10_16,0.857,0.75,0.8,0.885,0.719,0.793,0.885,0.719,0.793
SIR01_sl1000_mr3_nv10_17,0.8,0.8,0.8,0.8,0.8,0.8,0.8,0.8,0.8
SIR01_sl1000_mr3_nv10_18,0.826,0.792,0.809,0.818,0.75,0.783,0.895,0.708,0.791
SIR01_sl1000_mr3_nv10_19,0.483,0.467,0.475,0.765,0.433,0.553,0.923,0.4,0.558
SIR01_sl1000_mr3_nv10_2,0.778,0.778,0.778,0.778,0.778,0.778,0.778,0.778,0.778
SIR01_sl1000_mr3_nv10_20,0.75,0.75,0.75,0.8,0.667,0.727,0.8,0.667,0.727
SIR01_sl1000_mr3_nv10_3,0.7,0.7,0.7,0.7,0.7,0.7,0.765,0.65,0.703
SIR01_sl1000_mr3_nv10_4,0.917,0.917,0.917,0.9,0.75,0.818,0.9,0.75,0.818
SIR01_sl1000_mr3_nv10_5,0.769,0.714,0.741,0.8,0.714,0.755,0.783,0.643,0.706
SIR01_sl1000_mr3_nv10_6,0.566,0.556,0.561,0.698,0.556,0.619,0.718,0.519,0.602
SIR01_sl1000_mr3_nv10_7,0.727,0.696,0.711,0.727,0.696,0.711,0.812,0.565,0.667
SIR01_sl1000_mr3_nv10_8,1.0,0.6,0.75,1.0,0.6,0.75,1.0,0.6,0.75
SIR01_sl1000_mr3_nv10_9,0.783,0.621,0.692,0.941,0.552,0.696,1.0,0.552,0.711
SIR01_sl250_mr15_nv10_1,0.625,0.588,0.606,0.692,0.529,0.6,0.692,0.529,0.6
SIR01_sl250_mr15_nv10_10,0.508,0.554,0.53,0.577,0.536,0.556,0.625,0.536,0.577
SIR01_sl250_mr15_nv10_11,0.462,0.5,0.48,0.522,0.5,0.511,0.6,0.5,0.545
SIR01_sl250_mr15_nv10_12,0.522,0.632,0.571,0.579,0.579,0.579,0.579,0.579,0.579
SIR01_sl250_mr15_nv10_13,0.462,0.462,0.462,0.5,0.462,0.48,0.545,0.462,0.5
SIR01_sl250_mr15_nv10_14,0.35,0.467,0.4,0.389,0.467,0.424,0.353,0.4,0.375
SIR01_sl250_mr15_nv10_15,0.75,0.375,0.5,0.667,0.25,0.364,0.667,0.25,0.364
SIR01_sl250_mr15_nv10_16,0.538,0.609,0.571,0.52,0.565,0.542,0.591,0.565,0.578
SIR01_sl250_mr15_nv10_17,0.857,0.857,0.857,0.857,0.857,0.857,0.857,0.857,0.857
SIR01_sl250_mr15_nv10_18,0.5,0.65,0.565,0.545,0.6,0.571,0.545,0.6,0.571
SIR01_sl250_mr15_nv10_19,0.75,0.857,0.8,0.75,0.857,0.8,0.75,0.857,0.8
SIR01_sl250_mr15_nv10_2,0.545,0.667,0.6,0.667,0.667,0.667,0.667,0.667,0.667
SIR01_sl250_mr15_nv10_20,0.5,0.571,0.533,0.429,0.429,0.429,0.429,0.429,0.429
SIR01_sl250_mr15_nv10_3,0.625,0.714,0.667,0.714,0.714,0.714,0.818,0.643,0.72
SIR01_sl250_mr15_nv10_4,0.462,0.5,0.48,0.5,0.5,0.5,0.545,0.5,0.522
SIR01_sl250_mr15_nv10_5,0.8,0.889,0.842,0.8,0.889,0.842,0.8,0.889,0.842
SIR01_sl250_mr15_nv10_6,0.468,0.512,0.489,0.5,0.395,0.442,0.5,0.395,0.442
SIR01_sl250_mr15_nv10_7,0.628,0.659,0.643,0.706,0.585,0.64,0.8,0.585,0.676
SIR01_sl250_mr15_nv10_8,0.667,0.667,0.667,0.667,0.444,0.533,0.667,0.444,0.533
SIR01_sl250_mr15_nv10_9,0.4,0.4,0.4,0.5,0.4,0.444,0.5,0.4,0.444
SIR01_sl500_mr15_nv10_1,0.6,0.6,0.6,1.0,0.4,0.571,1.0,0.4,0.571
SIR01_sl500_mr15_nv10_10,0.538,0.538,0.538,0.538,0.538,0.538,0.545,0.462,0.5
SIR01_sl500_mr15_nv10_11,0.6,0.529,0.562,0.75,0.529,0.621,0.9,0.529,0.667
SIR01_sl500_mr15_nv10_12,0.5,0.667,0.571,0.6,0.5,0.545,0.6,0.5,0.545
SIR01_sl500_mr15_nv10_13,0.714,0.714,0.714,0.667,0.571,0.615,0.667,0.571,0.615
SIR01_sl500_mr15_nv10_14,0.629,0.564,0.595,0.677,0.538,0.6,0.724,0.538,0.618
SIR01_sl500_mr15_nv10_15,0.581,0.6,0.59,0.581,0.6,0.59,0.6,0.6,0.6
SIR01_sl500_mr15_nv10_16,0.8,0.8,0.8,0.8,0.8,0.8,0.8,0.8,0.8
SIR01_sl500_mr15_nv10_17,0.714,0.769,0.741,0.75,0.692,0.72,0.75,0.692,0.72
SIR01_sl500_mr15_nv10_18,0.64,0.64,0.64,0.737,0.56,0.636,0.737,0.56,0.636
SIR01_sl500_mr15_nv10_19,0.704,0.704,0.704,0.75,0.667,0.706,0.81,0.63,0.708
SIR01_sl500_mr15_nv10_2,0.682,0.714,0.698,0.714,0.714,0.714,0.714,0.714,0.714
SIR01_sl500_mr15_nv10_20,0.75,0.72,0.735,0.9,0.72,0.8,0.9,0.72,0.8
SIR01_sl500_mr15_nv10_3,0.75,0.789,0.769,0.75,0.789,0.769,0.8,0.632,0.706
SIR01_sl500_mr15_nv10_4,0.771,0.755,0.763,0.892,0.673,0.767,0.914,0.653,0.762
SIR01_sl500_mr15_nv10_5,0.642,0.654,0.648,0.825,0.635,0.717,0.838,0.596,0.697
SIR01_sl500_mr15_nv10_6,0.935,1.0,0.967,0.933,0.966,0.949,0.933,0.966,0.949
SIR01_sl500_mr15_nv10_7,0.778,1.0,0.875,0.75,0.857,0.8,0.75,0.857,0.8
SIR01_sl500_mr15_nv10_8,0.556,0.625,0.588,0.5,0.375,0.429,0.75,0.375,0.5
SIR01_sl500_mr15_nv10_9,0.621,0.632,0.626,0.733,0.579,0.647,0.762,0.561,0.646
