dataset,tnet_50_tp,tnet_50_fp,tnet_50_fn,tnet_80_tp,tnet_80_fp,tnet_80_fn,tnet_100_tp,tnet_100_fp,tnet_100_fn
SEIR015_sl1000_mr0125_nv10_1,65,6,8,58,5,15,53,5,20
SEIR015_sl1000_mr0125_nv10_10,18,1,1,15,1,4,15,1,4
SEIR015_sl1000_mr0125_nv10_11,9,4,4,9,2,4,9,2,4
SEIR015_sl1000_mr0125_nv10_12,12,2,2,11,2,3,9,2,5
SEIR015_sl1000_mr0125_nv10_13,48,2,2,41,1,9,41,1,9
SEIR015_sl1000_mr0125_nv10_14,42,15,10,41,12,11,37,11,15
SEIR015_sl1000_mr0125_nv10_15,28,17,17,23,16,22,23,10,22
SEIR015_sl1000_mr0125_nv10_16,51,18,12,48,14,15,47,14,16
SEIR015_sl1000_mr0125_nv10_17,20,12,6,17,9,9,17,9,9
SEIR015_sl1000_mr0125_nv10_18,8,4,2,7,3,3,7,3,3
SEIR015_sl1000_mr0125_nv10_19,18,12,13,18,3,13,16,3,15
SEIR015_sl1000_mr0125_nv10_2,12,4,4,10,2,6,10,2,6
SEIR015_sl1000_mr0125_nv10_20,35,8,6,31,2,10,31,2,10
SEIR015_sl1000_mr0125_nv10_3,8,2,1,8,2,1,7,2,2
SEIR015_sl1000_mr0125_nv10_4,8,2,2,8,0,2,8,0,2
SEIR015_sl1000_mr0125_nv10_5,30,10,21,21,6,30,21,6,30
SEIR015_sl1000_mr0125_nv10_6,32,4,3,25,3,10,22,3,13
SEIR015_sl1000_mr0125_nv10_7,52,21,16,46,10,22,41,7,27
SEIR015_sl1000_mr0125_nv10_8,12,8,6,9,3,9,9,3,9
SEIR015_sl1000_mr0125_nv10_9,9,14,12,9,9,12,9,8,12
SEIR015_sl1000_mr025_nv10_1,8,2,2,8,1,2,8,1,2
SEIR015_sl1000_mr025_nv10_10,10,1,1,10,1,1,10,1,1
SEIR015_sl1000_mr025_nv10_11,46,13,10,38,5,18,37,5,19
SEIR015_sl1000_mr025_nv10_12,9,4,1,9,3,1,9,3,1
SEIR015_sl1000_mr025_nv10_13,4,8,6,4,4,6,4,4,6
SEIR015_sl1000_mr025_nv10_14,20,10,5,20,9,5,18,7,7
SEIR015_sl1000_mr025_nv10_15,37,28,21,27,23,31,25,22,33
SEIR015_sl1000_mr025_nv10_16,11,5,3,11,5,3,10,5,4
SEIR015_sl1000_mr025_nv10_17,32,7,6,28,7,10,26,6,12
SEIR015_sl1000_mr025_nv10_18,26,14,11,25,10,12,25,8,12
SEIR015_sl1000_mr025_nv10_19,17,4,2,15,4,4,14,4,5
SEIR015_sl1000_mr025_nv10_2,48,9,8,41,6,15,35,6,21
SEIR015_sl1000_mr025_nv10_20,6,4,2,5,4,3,5,2,3
SEIR015_sl1000_mr025_nv10_3,42,5,4,38,3,8,38,3,8
SEIR015_sl1000_mr025_nv10_4,32,14,12,31,10,13,29,10,15
SEIR015_sl1000_mr025_nv10_5,41,7,7,35,5,13,35,5,13
SEIR015_sl1000_mr025_nv10_6,39,7,7,34,6,12,33,5,13
SEIR015_sl1000_mr025_nv10_7,8,1,1,8,1,1,8,1,1
SEIR015_sl1000_mr025_nv10_8,16,2,4,16,0,4,16,0,4
SEIR015_sl1000_mr025_nv10_9,55,5,1,46,2,10,46,2,10
SEIR015_sl1000_mr025_nv20_1,9,5,6,9,2,6,9,2,6
SEIR015_sl1000_mr025_nv20_10,7,3,2,5,3,4,4,3,5
SEIR015_sl1000_mr025_nv20_11,12,2,1,10,2,3,10,2,3
SEIR015_sl1000_mr025_nv20_12,12,13,8,12,8,8,12,5,8
SEIR015_sl1000_mr025_nv20_13,7,6,2,7,6,2,7,6,2
SEIR015_sl1000_mr025_nv20_14,20,2,2,18,2,4,16,2,6
SEIR015_sl1000_mr025_nv20_15,18,15,6,18,7,6,18,7,6
SEIR015_sl1000_mr025_nv20_16,27,4,3,25,4,5,25,4,5
SEIR015_sl1000_mr025_nv20_17,49,10,7,47,8,9,44,8,12
SEIR015_sl1000_mr025_nv20_18,28,18,11,27,15,12,27,15,12
SEIR015_sl1000_mr025_nv20_19,6,7,5,6,4,5,6,4,5
SEIR015_sl1000_mr025_nv20_2,22,4,3,22,4,3,22,2,3
SEIR015_sl1000_mr025_nv20_20,13,6,6,12,5,7,12,5,7
SEIR015_sl1000_mr025_nv20_3,44,26,22,40,20,26,39,19,27
SEIR015_sl1000_mr025_nv20_4,29,5,4,22,5,11,21,5,12
SEIR015_sl1000_mr025_nv20_5,37,2,2,35,2,4,33,2,6
SEIR015_sl1000_mr025_nv20_6,33,13,5,30,11,8,28,11,10
SEIR015_sl1000_mr025_nv20_7,34,2,2,30,2,6,28,0,8
SEIR015_sl1000_mr025_nv20_8,52,30,15,49,14,18,47,13,20
SEIR015_sl1000_mr025_nv20_9,10,8,8,9,5,9,7,1,11
SEIR015_sl1000_mr025_nv5_1,9,2,5,7,1,7,7,1,7
SEIR015_sl1000_mr025_nv5_10,28,10,8,24,7,12,24,7,12
SEIR015_sl1000_mr025_nv5_11,34,14,13,27,11,20,23,11,24
SEIR015_sl1000_mr025_nv5_12,3,8,8,3,4,8,3,4,8
SEIR015_sl1000_mr025_nv5_13,27,2,4,23,0,8,22,0,9
SEIR015_sl1000_mr025_nv5_14,11,7,4,9,4,6,9,4,6
SEIR015_sl1000_mr025_nv5_15,48,20,17,41,16,24,39,11,26
SEIR015_sl1000_mr025_nv5_16,20,4,6,19,0,7,19,0,7
SEIR015_sl1000_mr025_nv5_17,36,6,5,31,6,10,29,4,12
SEIR015_sl1000_mr025_nv5_18,34,13,21,34,5,21,32,5,23
SEIR015_sl1000_mr025_nv5_19,7,11,4,6,6,5,6,6,5
SEIR015_sl1000_mr025_nv5_2,6,2,3,6,0,3,6,0,3
SEIR015_sl1000_mr025_nv5_20,25,18,16,23,10,18,22,9,19
SEIR015_sl1000_mr025_nv5_3,15,7,12,14,2,13,14,2,13
SEIR015_sl1000_mr025_nv5_4,30,18,20,30,13,20,28,11,22
SEIR015_sl1000_mr025_nv5_5,12,6,9,11,5,10,11,4,10
SEIR015_sl1000_mr025_nv5_6,36,22,26,33,15,29,32,12,30
SEIR015_sl1000_mr025_nv5_7,20,6,6,18,4,8,18,4,8
SEIR015_sl1000_mr025_nv5_8,19,6,4,15,4,8,15,3,8
SEIR015_sl1000_mr025_nv5_9,24,17,16,21,9,19,21,9,19
SEIR015_sl1000_mr05_nv10_1,15,5,2,10,5,7,9,5,8
SEIR015_sl1000_mr05_nv10_10,8,2,1,8,2,1,8,2,1
SEIR015_sl1000_mr05_nv10_11,3,6,5,3,6,5,3,5,5
SEIR015_sl1000_mr05_nv10_12,8,3,0,8,3,0,8,3,0
SEIR015_sl1000_mr05_nv10_13,55,6,6,49,3,12,48,3,13
SEIR015_sl1000_mr05_nv10_14,34,14,12,29,8,17,28,7,18
SEIR015_sl1000_mr05_nv10_15,7,5,4,7,3,4,5,3,6
SEIR015_sl1000_mr05_nv10_16,38,8,3,36,6,5,34,5,7
SEIR015_sl1000_mr05_nv10_17,57,21,12,52,13,17,47,12,22
SEIR015_sl1000_mr05_nv10_18,36,10,5,33,9,8,31,9,10
SEIR015_sl1000_mr05_nv10_19,29,8,3,27,7,5,24,4,8
SEIR015_sl1000_mr05_nv10_2,36,3,6,30,3,12,28,3,14
SEIR015_sl1000_mr05_nv10_20,19,31,22,12,26,29,11,22,30
SEIR015_sl1000_mr05_nv10_3,48,9,8,45,6,11,45,5,11
SEIR015_sl1000_mr05_nv10_4,21,14,11,21,13,11,19,12,13
SEIR015_sl1000_mr05_nv10_5,9,2,2,9,2,2,9,2,2
SEIR015_sl1000_mr05_nv10_6,22,5,8,18,4,12,18,4,12
SEIR015_sl1000_mr05_nv10_7,11,10,2,9,7,4,9,7,4
SEIR015_sl1000_mr05_nv10_8,28,12,8,26,9,10,26,6,10
SEIR015_sl1000_mr05_nv10_9,12,2,3,12,1,3,11,1,4
SEIR015_sl250_mr025_nv10_1,14,12,3,14,12,3,13,11,4
SEIR015_sl250_mr025_nv10_10,32,47,27,27,35,32,27,30,32
SEIR015_sl250_mr025_nv10_11,20,22,14,18,19,16,17,17,17
SEIR015_sl250_mr025_nv10_12,29,43,14,29,34,14,29,32,14
SEIR015_sl250_mr025_nv10_13,11,6,5,11,5,5,11,5,5
SEIR015_sl250_mr025_nv10_14,15,29,10,13,24,12,12,24,13
SEIR015_sl250_mr025_nv10_15,40,13,9,38,12,11,38,12,11
SEIR015_sl250_mr025_nv10_16,8,46,19,8,40,19,8,36,19
SEIR015_sl250_mr025_nv10_17,7,6,5,5,6,7,5,6,7
SEIR015_sl250_mr025_nv10_18,8,9,3,8,9,3,8,9,3
SEIR015_sl250_mr025_nv10_19,25,19,12,18,12,19,17,12,20
SEIR015_sl250_mr025_nv10_2,8,24,14,4,20,18,4,20,18
SEIR015_sl250_mr025_nv10_20,26,15,7,26,12,7,26,12,7
SEIR015_sl250_mr025_nv10_3,12,9,3,12,9,3,12,9,3
SEIR015_sl250_mr025_nv10_4,18,8,7,18,8,7,18,8,7
SEIR015_sl250_mr025_nv10_5,5,4,3,5,4,3,5,4,3
SEIR015_sl250_mr025_nv10_6,26,12,9,26,12,9,25,12,10
SEIR015_sl250_mr025_nv10_7,3,6,5,3,6,5,3,6,5
SEIR015_sl250_mr025_nv10_8,23,6,4,19,6,8,19,6,8
SEIR015_sl250_mr025_nv10_9,11,11,4,11,7,4,11,4,4
SEIR015_sl500_mr025_nv10_1,8,4,2,8,4,2,6,4,4
SEIR015_sl500_mr025_nv10_10,38,7,5,37,5,6,35,4,8
SEIR015_sl500_mr025_nv10_11,4,7,4,4,6,4,4,6,4
SEIR015_sl500_mr025_nv10_12,38,20,15,34,14,19,30,10,23
SEIR015_sl500_mr025_nv10_13,16,20,12,16,17,12,16,13,12
SEIR015_sl500_mr025_nv10_14,8,2,1,8,2,1,8,0,1
SEIR015_sl500_mr025_nv10_15,49,10,9,46,9,12,45,8,13
SEIR015_sl500_mr025_nv10_16,10,5,2,10,4,2,10,4,2
SEIR015_sl500_mr025_nv10_17,12,7,2,12,6,2,12,6,2
SEIR015_sl500_mr025_nv10_18,18,6,8,12,5,14,9,5,17
SEIR015_sl500_mr025_nv10_19,8,3,2,8,3,2,7,1,3
SEIR015_sl500_mr025_nv10_2,5,3,3,5,3,3,5,3,3
SEIR015_sl500_mr025_nv10_20,48,21,16,43,11,21,43,11,21
SEIR015_sl500_mr025_nv10_3,30,10,7,27,10,10,25,8,12
SEIR015_sl500_mr025_nv10_4,20,29,21,17,24,24,17,24,24
SEIR015_sl500_mr025_nv10_5,14,1,0,14,1,0,14,1,0
SEIR015_sl500_mr025_nv10_6,15,5,4,15,5,4,15,5,4
SEIR015_sl500_mr025_nv10_7,32,32,30,29,13,33,29,10,33
SEIR015_sl500_mr025_nv10_8,56,24,11,51,18,16,45,17,22
SEIR015_sl500_mr025_nv10_9,7,6,4,7,6,4,7,4,4
SEIR01_sl1000_mr0125_nv10_1,13,5,5,13,4,5,13,4,5
SEIR01_sl1000_mr0125_nv10_10,50,4,4,44,4,10,44,4,10
SEIR01_sl1000_mr0125_nv10_11,12,1,1,12,1,1,12,1,1
SEIR01_sl1000_mr0125_nv10_12,1,4,4,1,3,4,1,3,4
SEIR01_sl1000_mr0125_nv10_13,9,2,1,9,2,1,9,2,1
SEIR01_sl1000_mr0125_nv10_14,28,2,2,28,2,2,28,2,2
SEIR01_sl1000_mr0125_nv10_15,19,5,5,19,4,5,18,3,6
SEIR01_sl1000_mr0125_nv10_16,5,2,2,5,2,2,5,2,2
SEIR01_sl1000_mr0125_nv10_17,10,3,2,10,3,2,10,3,2
SEIR01_sl1000_mr0125_nv10_18,41,7,4,40,6,5,38,4,7
SEIR01_sl1000_mr0125_nv10_19,25,4,5,25,3,5,23,3,7
SEIR01_sl1000_mr0125_nv10_2,24,2,2,24,2,2,24,2,2
SEIR01_sl1000_mr0125_nv10_20,23,3,2,22,1,3,22,1,3
SEIR01_sl1000_mr0125_nv10_3,34,4,4,32,4,6,32,4,6
SEIR01_sl1000_mr0125_nv10_4,18,4,6,18,3,6,17,2,7
SEIR01_sl1000_mr0125_nv10_5,41,7,6,41,5,6,41,5,6
SEIR01_sl1000_mr0125_nv10_6,39,8,9,37,3,11,36,3,12
SEIR01_sl1000_mr0125_nv10_7,35,3,4,35,2,4,35,2,4
SEIR01_sl1000_mr0125_nv10_8,4,2,2,4,2,2,4,2,2
SEIR01_sl1000_mr0125_nv10_9,42,6,5,42,1,5,42,1,5
SEIR01_sl1000_mr025_nv10_1,26,3,2,24,3,4,24,3,4
SEIR01_sl1000_mr025_nv10_10,7,2,2,7,2,2,7,2,2
SEIR01_sl1000_mr025_nv10_11,29,6,6,29,4,6,29,4,6
SEIR01_sl1000_mr025_nv10_12,6,2,2,5,2,3,5,2,3
SEIR01_sl1000_mr025_nv10_13,18,3,2,16,3,4,13,3,7
SEIR01_sl1000_mr025_nv10_14,30,5,4,29,5,5,29,5,5
SEIR01_sl1000_mr025_nv10_15,8,2,2,8,2,2,8,2,2
SEIR01_sl1000_mr025_nv10_16,37,2,5,33,1,9,33,1,9
SEIR01_sl1000_mr025_nv10_17,32,13,13,29,9,16,28,8,17
SEIR01_sl1000_mr025_nv10_18,8,1,1,7,1,2,7,1,2
SEIR01_sl1000_mr025_nv10_19,49,8,10,47,8,12,44,6,15
SEIR01_sl1000_mr025_nv10_2,21,3,1,21,3,1,21,3,1
SEIR01_sl1000_mr025_nv10_20,14,3,3,14,3,3,13,3,4
SEIR01_sl1000_mr025_nv10_3,39,10,10,39,8,10,39,5,10
SEIR01_sl1000_mr025_nv10_4,47,6,5,40,3,12,40,3,12
SEIR01_sl1000_mr025_nv10_5,36,9,8,36,4,8,36,4,8
SEIR01_sl1000_mr025_nv10_6,5,2,2,5,2,2,5,1,2
SEIR01_sl1000_mr025_nv10_7,30,8,10,28,7,12,28,7,12
SEIR01_sl1000_mr025_nv10_8,22,5,5,22,3,5,22,3,5
SEIR01_sl1000_mr025_nv10_9,40,7,7,37,6,10,35,6,12
SEIR01_sl1000_mr025_nv20_1,31,3,1,30,3,2,30,3,2
SEIR01_sl1000_mr025_nv20_10,6,1,3,6,1,3,6,1,3
SEIR01_sl1000_mr025_nv20_11,4,1,1,4,1,1,4,1,1
SEIR01_sl1000_mr025_nv20_12,16,2,2,16,1,2,16,1,2
SEIR01_sl1000_mr025_nv20_13,50,8,8,49,3,9,49,3,9
SEIR01_sl1000_mr025_nv20_14,11,2,2,11,2,2,11,2,2
SEIR01_sl1000_mr025_nv20_15,21,2,2,21,1,2,21,1,2
SEIR01_sl1000_mr025_nv20_16,5,4,2,5,4,2,5,4,2
SEIR01_sl1000_mr025_nv20_17,21,4,4,20,4,5,20,4,5
SEIR01_sl1000_mr025_nv20_18,23,3,3,23,3,3,23,3,3
SEIR01_sl1000_mr025_nv20_19,50,3,3,50,3,3,50,3,3
SEIR01_sl1000_mr025_nv20_2,39,4,3,38,4,4,38,4,4
SEIR01_sl1000_mr025_nv20_20,26,3,5,26,3,5,24,3,7
SEIR01_sl1000_mr025_nv20_3,19,3,2,19,3,2,19,3,2
SEIR01_sl1000_mr025_nv20_4,6,2,2,6,2,2,6,2,2
SEIR01_sl1000_mr025_nv20_5,28,5,5,28,5,5,28,5,5
SEIR01_sl1000_mr025_nv20_6,11,1,0,11,1,0,11,1,0
SEIR01_sl1000_mr025_nv20_7,14,3,3,14,2,3,14,2,3
SEIR01_sl1000_mr025_nv20_8,3,2,2,3,2,2,3,2,2
SEIR01_sl1000_mr025_nv20_9,11,1,1,11,0,1,11,0,1
SEIR01_sl1000_mr025_nv5_1,31,7,10,28,6,13,26,5,15
SEIR01_sl1000_mr025_nv5_10,24,6,9,23,3,10,23,3,10
SEIR01_sl1000_mr025_nv5_11,13,5,6,12,3,7,12,3,7
SEIR01_sl1000_mr025_nv5_12,15,4,4,12,4,7,12,4,7
SEIR01_sl1000_mr025_nv5_13,11,1,1,11,1,1,11,1,1
SEIR01_sl1000_mr025_nv5_14,16,5,4,16,5,4,16,4,4
SEIR01_sl1000_mr025_nv5_15,21,7,6,18,6,9,17,6,10
SEIR01_sl1000_mr025_nv5_16,17,1,1,17,1,1,17,1,1
SEIR01_sl1000_mr025_nv5_17,9,2,2,9,2,2,9,2,2
SEIR01_sl1000_mr025_nv5_18,34,10,13,31,4,16,28,3,19
SEIR01_sl1000_mr025_nv5_19,55,3,3,53,3,5,52,3,6
SEIR01_sl1000_mr025_nv5_2,11,3,5,10,3,6,10,3,6
SEIR01_sl1000_mr025_nv5_20,15,9,9,15,7,9,15,6,9
SEIR01_sl1000_mr025_nv5_3,8,3,2,8,2,2,8,2,2
SEIR01_sl1000_mr025_nv5_4,37,13,13,35,7,15,34,5,16
SEIR01_sl1000_mr025_nv5_5,38,14,13,32,7,19,28,7,23
SEIR01_sl1000_mr025_nv5_6,5,3,3,5,3,3,5,3,3
SEIR01_sl1000_mr025_nv5_7,9,1,1,9,1,1,9,1,1
SEIR01_sl1000_mr025_nv5_8,21,2,2,20,2,3,20,2,3
SEIR01_sl1000_mr025_nv5_9,8,1,1,8,1,1,8,1,1
SEIR01_sl1000_mr05_nv10_1,9,3,4,9,2,4,9,2,4
SEIR01_sl1000_mr05_nv10_10,6,1,1,6,1,1,6,1,1
SEIR01_sl1000_mr05_nv10_11,25,9,7,25,8,7,25,8,7
SEIR01_sl1000_mr05_nv10_12,50,9,8,47,3,11,47,3,11
SEIR01_sl1000_mr05_nv10_13,7,1,1,7,1,1,7,1,1
SEIR01_sl1000_mr05_nv10_14,34,4,5,32,3,7,27,2,12
SEIR01_sl1000_mr05_nv10_15,13,3,3,13,2,3,13,2,3
SEIR01_sl1000_mr05_nv10_16,21,1,1,21,1,1,21,1,1
SEIR01_sl1000_mr05_nv10_17,20,3,2,20,1,2,20,1,2
SEIR01_sl1000_mr05_nv10_18,49,8,7,48,7,8,48,7,8
SEIR01_sl1000_mr05_nv10_19,4,4,3,4,2,3,4,2,3
SEIR01_sl1000_mr05_nv10_2,8,1,0,8,1,0,8,1,0
SEIR01_sl1000_mr05_nv10_20,46,8,6,43,3,9,43,3,9
SEIR01_sl1000_mr05_nv10_3,20,3,5,20,2,5,20,2,5
SEIR01_sl1000_mr05_nv10_4,8,4,3,8,4,3,8,2,3
SEIR01_sl1000_mr05_nv10_5,16,2,2,16,2,2,16,2,2
SEIR01_sl1000_mr05_nv10_6,35,4,5,32,4,8,31,4,9
SEIR01_sl1000_mr05_nv10_7,38,9,8,37,9,9,37,9,9
SEIR01_sl1000_mr05_nv10_8,7,1,1,7,1,1,7,1,1
SEIR01_sl1000_mr05_nv10_9,24,2,2,24,2,2,22,2,4
SEIR01_sl250_mr025_nv10_1,33,22,12,33,19,12,33,16,12
SEIR01_sl250_mr025_nv10_10,14,5,3,14,5,3,14,5,3
SEIR01_sl250_mr025_nv10_11,13,7,3,13,4,3,13,4,3
SEIR01_sl250_mr025_nv10_12,35,11,8,33,7,10,33,7,10
SEIR01_sl250_mr025_nv10_13,4,3,2,3,3,3,3,3,3
SEIR01_sl250_mr025_nv10_14,23,27,23,23,18,23,23,18,23
SEIR01_sl250_mr025_nv10_15,6,4,1,6,4,1,6,3,1
SEIR01_sl250_mr025_nv10_16,30,34,16,29,31,17,28,30,18
SEIR01_sl250_mr025_nv10_17,4,10,4,4,8,4,3,6,5
SEIR01_sl250_mr025_nv10_18,21,14,11,21,7,11,21,7,11
SEIR01_sl250_mr025_nv10_19,10,4,2,10,4,2,10,4,2
SEIR01_sl250_mr025_nv10_2,10,6,4,9,5,5,9,5,5
SEIR01_sl250_mr025_nv10_20,13,6,5,13,5,5,13,5,5
SEIR01_sl250_mr025_nv10_3,22,11,5,22,11,5,22,11,5
SEIR01_sl250_mr025_nv10_4,13,3,1,13,3,1,13,3,1
SEIR01_sl250_mr025_nv10_5,29,19,12,28,17,13,27,17,14
SEIR01_sl250_mr025_nv10_6,15,13,7,15,11,7,14,11,8
SEIR01_sl250_mr025_nv10_7,12,5,2,12,5,2,12,5,2
SEIR01_sl250_mr025_nv10_8,26,17,8,26,16,8,26,12,8
SEIR01_sl250_mr025_nv10_9,51,20,10,47,15,14,47,15,14
SEIR01_sl500_mr025_nv10_1,5,6,5,5,6,5,5,6,5
SEIR01_sl500_mr025_nv10_10,10,4,4,10,4,4,10,4,4
SEIR01_sl500_mr025_nv10_11,14,5,3,14,5,3,14,5,3
SEIR01_sl500_mr025_nv10_12,46,6,5,43,3,8,43,3,8
SEIR01_sl500_mr025_nv10_13,14,7,6,14,6,6,13,4,7
SEIR01_sl500_mr025_nv10_14,5,2,1,5,2,1,5,2,1
SEIR01_sl500_mr025_nv10_15,50,11,8,46,8,12,46,8,12
SEIR01_sl500_mr025_nv10_16,12,4,3,12,4,3,12,4,3
SEIR01_sl500_mr025_nv10_17,3,4,3,2,4,4,2,4,4
SEIR01_sl500_mr025_nv10_18,3,3,3,3,3,3,3,3,3
SEIR01_sl500_mr025_nv10_19,5,5,3,5,4,3,5,4,3
SEIR01_sl500_mr025_nv10_2,5,3,3,4,3,4,4,3,4
SEIR01_sl500_mr025_nv10_20,27,6,5,22,5,10,20,5,12
SEIR01_sl500_mr025_nv10_3,19,4,2,19,4,2,19,4,2
SEIR01_sl500_mr025_nv10_4,6,2,1,5,2,2,5,2,2
SEIR01_sl500_mr025_nv10_5,4,3,1,4,1,1,4,1,1
SEIR01_sl500_mr025_nv10_6,48,8,5,46,6,7,42,4,11
SEIR01_sl500_mr025_nv10_7,27,10,7,27,7,7,27,6,7
SEIR01_sl500_mr025_nv10_8,14,5,2,14,5,2,14,5,2
SEIR01_sl500_mr025_nv10_9,7,2,2,7,2,2,7,2,2
SIR003_sl1000_mr025_nv10_1,10,4,4,10,3,4,9,2,5
SIR003_sl1000_mr025_nv10_10,11,3,2,9,3,4,9,3,4
SIR003_sl1000_mr025_nv10_11,19,13,11,17,6,13,16,3,14
SIR003_sl1000_mr025_nv10_12,38,10,11,38,4,11,37,2,12
SIR003_sl1000_mr025_nv10_13,4,2,7,4,2,7,4,2,7
SIR003_sl1000_mr025_nv10_14,12,3,3,12,1,3,12,1,3
SIR003_sl1000_mr025_nv10_15,14,7,10,14,6,10,13,5,11
SIR003_sl1000_mr025_nv10_16,12,7,5,11,3,6,11,3,6
SIR003_sl1000_mr025_nv10_17,18,5,5,18,4,5,18,4,5
SIR003_sl1000_mr025_nv10_18,5,0,0,5,0,0,5,0,0
SIR003_sl1000_mr025_nv10_19,17,6,7,17,5,7,17,5,7
SIR003_sl1000_mr025_nv10_2,14,4,5,14,2,5,14,2,5
SIR003_sl1000_mr025_nv10_20,7,2,2,6,2,3,6,2,3
SIR003_sl1000_mr025_nv10_3,21,5,5,19,1,7,19,0,7
SIR003_sl1000_mr025_nv10_4,23,6,8,20,3,11,20,2,11
SIR003_sl1000_mr025_nv10_5,5,2,2,5,1,2,5,1,2
SIR003_sl1000_mr025_nv10_6,17,6,6,15,4,8,15,4,8
SIR003_sl1000_mr025_nv10_7,9,7,7,8,6,8,8,6,8
SIR003_sl1000_mr025_nv10_8,13,2,2,13,2,2,13,2,2
SIR003_sl1000_mr025_nv10_9,19,10,9,17,5,11,16,3,12
SIR003_sl1000_mr05_nv10_1,11,6,6,10,6,7,10,3,7
SIR003_sl1000_mr05_nv10_10,11,2,2,11,2,2,11,2,2
SIR003_sl1000_mr05_nv10_11,22,13,13,22,10,13,22,10,13
SIR003_sl1000_mr05_nv10_12,42,11,13,42,7,13,42,6,13
SIR003_sl1000_mr05_nv10_13,44,9,12,40,7,16,40,5,16
SIR003_sl1000_mr05_nv10_14,10,0,0,10,0,0,10,0,0
SIR003_sl1000_mr05_nv10_15,11,2,2,10,1,3,10,1,3
SIR003_sl1000_mr05_nv10_16,20,6,5,19,5,6,19,4,6
SIR003_sl1000_mr05_nv10_17,7,5,7,6,2,8,6,2,8
SIR003_sl1000_mr05_nv10_18,17,6,6,17,3,6,17,3,6
SIR003_sl1000_mr05_nv10_19,29,9,8,26,9,11,26,9,11
SIR003_sl1000_mr05_nv10_2,14,1,1,14,1,1,14,1,1
SIR003_sl1000_mr05_nv10_20,2,4,7,2,1,7,2,1,7
SIR003_sl1000_mr05_nv10_3,7,2,3,7,2,3,7,1,3
SIR003_sl1000_mr05_nv10_4,11,2,2,11,2,2,11,2,2
SIR003_sl1000_mr05_nv10_5,24,21,22,20,16,26,17,13,29
SIR003_sl1000_mr05_nv10_6,13,8,8,13,6,8,13,3,8
SIR003_sl1000_mr05_nv10_7,19,2,4,19,2,4,19,2,4
SIR003_sl1000_mr05_nv10_8,31,12,15,31,3,15,31,3,15
SIR003_sl1000_mr05_nv10_9,15,5,15,14,3,16,13,2,17
SIR003_sl1000_mr05_nv20_1,27,7,8,25,5,10,24,5,11
SIR003_sl1000_mr05_nv20_10,43,7,9,42,3,10,41,2,11
SIR003_sl1000_mr05_nv20_11,2,1,3,2,0,3,2,0,3
SIR003_sl1000_mr05_nv20_12,37,15,18,37,11,18,37,8,18
SIR003_sl1000_mr05_nv20_13,39,12,15,36,8,18,36,7,18
SIR003_sl1000_mr05_nv20_14,9,1,1,9,0,1,9,0,1
SIR003_sl1000_mr05_nv20_15,14,5,5,13,2,6,13,2,6
SIR003_sl1000_mr05_nv20_16,30,11,13,30,7,13,29,4,14
SIR003_sl1000_mr05_nv20_17,33,13,17,32,9,18,32,8,18
SIR003_sl1000_mr05_nv20_18,27,8,11,26,6,12,26,5,12
SIR003_sl1000_mr05_nv20_19,28,9,9,26,4,11,25,3,12
SIR003_sl1000_mr05_nv20_2,35,12,14,33,8,16,32,7,17
SIR003_sl1000_mr05_nv20_20,6,1,1,6,1,1,6,1,1
SIR003_sl1000_mr05_nv20_3,9,4,4,8,2,5,8,2,5
SIR003_sl1000_mr05_nv20_4,27,5,5,26,3,6,26,3,6
SIR003_sl1000_mr05_nv20_5,16,3,8,16,3,8,16,3,8
SIR003_sl1000_mr05_nv20_6,10,3,4,9,1,5,9,1,5
SIR003_sl1000_mr05_nv20_7,10,3,2,7,3,5,7,3,5
SIR003_sl1000_mr05_nv20_8,17,8,10,17,7,10,17,7,10
SIR003_sl1000_mr05_nv20_9,30,10,10,29,9,11,29,9,11
SIR003_sl1000_mr05_nv5_1,25,11,10,24,7,11,23,6,12
SIR003_sl1000_mr05_nv5_10,33,7,8,31,4,10,29,3,12
SIR003_sl1000_mr05_nv5_11,42,12,20,40,10,22,37,9,25
SIR003_sl1000_mr05_nv5_12,6,0,0,5,0,1,5,0,1
SIR003_sl1000_mr05_nv5_13,10,2,1,10,2,1,10,2,1
SIR003_sl1000_mr05_nv5_14,19,10,10,17,6,12,17,6,12
SIR003_sl1000_mr05_nv5_15,51,12,11,45,9,17,41,6,21
SIR003_sl1000_mr05_nv5_16,4,2,2,4,2,2,4,2,2
SIR003_sl1000_mr05_nv5_17,30,17,18,28,11,20,26,7,22
SIR003_sl1000_mr05_nv5_18,12,4,4,12,3,4,12,3,4
SIR003_sl1000_mr05_nv5_19,18,14,16,17,12,17,17,8,17
SIR003_sl1000_mr05_nv5_2,8,4,4,7,4,5,7,4,5
SIR003_sl1000_mr05_nv5_20,10,3,3,9,2,4,9,2,4
SIR003_sl1000_mr05_nv5_3,6,2,2,6,2,2,6,2,2
SIR003_sl1000_mr05_nv5_4,11,1,3,11,1,3,11,0,3
SIR003_sl1000_mr05_nv5_5,8,1,3,8,0,3,7,0,4
SIR003_sl1000_mr05_nv5_6,5,5,6,5,4,6,5,2,6
SIR003_sl1000_mr05_nv5_7,42,25,32,38,16,36,37,8,37
SIR003_sl1000_mr05_nv5_8,11,9,14,11,4,14,10,3,15
SIR003_sl1000_mr05_nv5_9,13,11,11,13,9,11,13,7,11
SIR003_sl1000_mr1_nv10_1,13,4,4,11,3,6,10,3,7
SIR003_sl1000_mr1_nv10_10,5,4,6,5,3,6,5,3,6
SIR003_sl1000_mr1_nv10_11,7,3,3,7,2,3,6,1,4
SIR003_sl1000_mr1_nv10_12,16,11,11,15,7,12,15,7,12
SIR003_sl1000_mr1_nv10_13,1,5,5,1,5,5,1,5,5
SIR003_sl1000_mr1_nv10_14,26,8,10,25,6,11,25,4,11
SIR003_sl1000_mr1_nv10_15,7,4,4,7,4,4,7,4,4
SIR003_sl1000_mr1_nv10_16,10,7,10,10,3,10,10,3,10
SIR003_sl1000_mr1_nv10_17,24,8,8,24,8,8,23,7,9
SIR003_sl1000_mr1_nv10_18,24,7,9,24,5,9,24,1,9
SIR003_sl1000_mr1_nv10_19,40,23,24,37,11,27,37,9,27
SIR003_sl1000_mr1_nv10_2,43,18,20,40,13,23,38,12,25
SIR003_sl1000_mr1_nv10_20,47,22,22,44,12,25,44,12,25
SIR003_sl1000_mr1_nv10_3,18,5,5,16,4,7,16,4,7
SIR003_sl1000_mr1_nv10_4,22,6,7,20,5,9,20,5,9
SIR003_sl1000_mr1_nv10_5,5,1,4,5,0,4,5,0,4
SIR003_sl1000_mr1_nv10_6,22,6,8,19,1,11,19,1,11
SIR003_sl1000_mr1_nv10_7,6,2,2,5,1,3,5,1,3
SIR003_sl1000_mr1_nv10_8,25,8,10,25,2,10,25,2,10
SIR003_sl1000_mr1_nv10_9,6,3,3,6,3,3,6,0,3
SIR003_sl250_mr05_nv10_1,20,16,12,19,15,13,17,12,15
SIR003_sl250_mr05_nv10_10,11,10,8,11,9,8,11,9,8
SIR003_sl250_mr05_nv10_11,5,7,7,3,4,9,3,4,9
SIR003_sl250_mr05_nv10_12,7,6,6,7,5,6,7,4,6
SIR003_sl250_mr05_nv10_13,2,6,5,1,4,6,1,4,6
SIR003_sl250_mr05_nv10_14,6,2,2,6,2,2,6,2,2
SIR003_sl250_mr05_nv10_15,7,1,1,7,1,1,7,1,1
SIR003_sl250_mr05_nv10_16,7,5,4,6,4,5,6,4,5
SIR003_sl250_mr05_nv10_17,28,20,17,27,15,18,27,12,18
SIR003_sl250_mr05_nv10_18,17,8,10,17,6,10,15,6,12
SIR003_sl250_mr05_nv10_19,8,22,17,7,18,18,7,17,18
SIR003_sl250_mr05_nv10_2,10,4,4,9,3,5,9,3,5
SIR003_sl250_mr05_nv10_20,27,19,14,23,16,18,22,15,19
SIR003_sl250_mr05_nv10_3,18,4,4,17,3,5,16,3,6
SIR003_sl250_mr05_nv10_4,10,3,2,10,3,2,10,3,2
SIR003_sl250_mr05_nv10_5,16,7,6,16,7,6,16,4,6
SIR003_sl250_mr05_nv10_6,23,10,10,22,8,11,22,4,11
SIR003_sl250_mr05_nv10_7,24,29,22,24,25,22,24,24,22
SIR003_sl250_mr05_nv10_8,10,8,7,10,8,7,10,7,7
SIR003_sl250_mr05_nv10_9,3,8,6,3,4,6,3,3,6
SIR003_sl500_mr05_nv10_1,5,2,2,5,2,2,5,1,2
SIR003_sl500_mr05_nv10_10,24,14,15,16,5,23,14,3,25
SIR003_sl500_mr05_nv10_11,5,1,1,5,1,1,5,1,1
SIR003_sl500_mr05_nv10_12,17,9,9,17,5,9,16,5,10
SIR003_sl500_mr05_nv10_13,33,11,15,29,4,19,29,4,19
SIR003_sl500_mr05_nv10_14,21,9,12,20,6,13,20,5,13
SIR003_sl500_mr05_nv10_15,16,3,3,16,2,3,16,2,3
SIR003_sl500_mr05_nv10_16,7,7,5,7,6,5,5,5,7
SIR003_sl500_mr05_nv10_17,7,4,3,7,2,3,7,2,3
SIR003_sl500_mr05_nv10_18,11,2,2,11,2,2,11,2,2
SIR003_sl500_mr05_nv10_19,35,22,25,34,18,26,33,17,27
SIR003_sl500_mr05_nv10_2,26,8,8,26,6,8,26,6,8
SIR003_sl500_mr05_nv10_20,4,4,4,4,2,4,4,2,4
SIR003_sl500_mr05_nv10_3,22,7,7,21,5,8,21,5,8
SIR003_sl500_mr05_nv10_4,18,7,8,15,4,11,15,4,11
SIR003_sl500_mr05_nv10_5,9,1,1,9,1,1,9,1,1
SIR003_sl500_mr05_nv10_6,16,5,5,14,3,7,14,2,7
SIR003_sl500_mr05_nv10_7,14,7,4,14,7,4,14,7,4
SIR003_sl500_mr05_nv10_8,12,3,3,12,3,3,11,3,4
SIR003_sl500_mr05_nv10_9,6,1,1,6,1,1,6,1,1
SIR01_sl1000_mr075_nv10_1,49,8,8,45,7,12,45,6,12
SIR01_sl1000_mr075_nv10_10,6,2,2,5,1,3,5,1,3
SIR01_sl1000_mr075_nv10_11,7,0,0,7,0,0,7,0,0
SIR01_sl1000_mr075_nv10_12,25,3,5,25,2,5,25,2,5
SIR01_sl1000_mr075_nv10_13,9,5,5,7,2,7,7,2,7
SIR01_sl1000_mr075_nv10_14,4,3,3,4,3,3,4,3,3
SIR01_sl1000_mr075_nv10_15,5,1,1,5,1,1,5,1,1
SIR01_sl1000_mr075_nv10_16,16,3,2,16,3,2,16,1,2
SIR01_sl1000_mr075_nv10_17,47,18,24,41,10,30,40,9,31
SIR01_sl1000_mr075_nv10_18,9,2,2,9,2,2,9,1,2
SIR01_sl1000_mr075_nv10_19,5,4,6,4,1,7,4,1,7
SIR01_sl1000_mr075_nv10_2,6,3,5,6,1,5,6,1,5
SIR01_sl1000_mr075_nv10_20,19,9,11,19,7,11,18,5,12
SIR01_sl1000_mr075_nv10_3,5,4,6,5,3,6,5,3,6
SIR01_sl1000_mr075_nv10_4,31,8,7,29,8,9,27,8,11
SIR01_sl1000_mr075_nv10_5,48,12,16,46,4,18,46,2,18
SIR01_sl1000_mr075_nv10_6,6,2,2,6,2,2,6,2,2
SIR01_sl1000_mr075_nv10_7,20,4,4,20,3,4,19,1,5
SIR01_sl1000_mr075_nv10_8,10,3,6,9,2,7,9,2,7
SIR01_sl1000_mr075_nv10_9,17,7,10,17,3,10,17,3,10
SIR01_sl1000_mr15_nv10_10,24,8,8,21,4,11,21,3,11
SIR01_sl1000_mr15_nv10_11,7,2,5,7,1,5,7,1,5
SIR01_sl1000_mr15_nv10_12,18,6,6,16,3,8,15,3,9
SIR01_sl1000_mr15_nv10_14,8,0,0,8,0,0,8,0,0
SIR01_sl1000_mr15_nv10_15,18,18,20,17,8,21,17,8,21
SIR01_sl1000_mr15_nv10_16,6,1,1,6,1,1,6,1,1
SIR01_sl1000_mr15_nv10_17,17,3,3,16,1,4,15,0,5
SIR01_sl1000_mr15_nv10_18,51,20,18,44,8,25,44,5,25
SIR01_sl1000_mr15_nv10_19,8,1,1,8,1,1,8,1,1
SIR01_sl1000_mr15_nv10_20,7,2,2,7,2,2,7,2,2
SIR01_sl1000_mr15_nv10_3,47,9,12,45,6,14,44,5,15
SIR01_sl1000_mr15_nv10_5,9,1,1,8,0,2,8,0,2
SIR01_sl1000_mr15_nv10_6,7,0,0,7,0,0,7,0,0
SIR01_sl1000_mr15_nv10_7,36,9,14,32,6,18,32,6,18
SIR01_sl1000_mr15_nv10_8,8,2,2,6,0,4,6,0,4
SIR01_sl1000_mr15_nv10_9,14,7,7,14,7,7,14,5,7
SIR01_sl1000_mr15_nv20_1,23,7,9,22,2,10,20,2,12
SIR01_sl1000_mr15_nv20_10,10,3,3,10,3,3,9,2,4
SIR01_sl1000_mr15_nv20_11,50,10,9,48,7,11,47,7,12
SIR01_sl1000_mr15_nv20_12,9,5,6,9,1,6,8,1,7
SIR01_sl1000_mr15_nv20_13,5,1,1,5,1,1,5,1,1
SIR01_sl1000_mr15_nv20_14,2,3,3,2,3,3,2,3,3
SIR01_sl1000_mr15_nv20_15,6,8,8,5,6,9,5,6,9
SIR01_sl1000_mr15_nv20_16,18,2,3,18,1,3,18,1,3
SIR01_sl1000_mr15_nv20_17,10,4,4,10,4,4,10,4,4
SIR01_sl1000_mr15_nv20_18,27,3,3,26,1,4,26,1,4
SIR01_sl1000_mr15_nv20_19,45,2,6,43,2,8,43,2,8
SIR01_sl1000_mr15_nv20_2,4,1,6,4,1,6,4,1,6
SIR01_sl1000_mr15_nv20_20,11,3,3,11,3,3,11,3,3
SIR01_sl1000_mr15_nv20_3,4,1,1,2,0,3,2,0,3
SIR01_sl1000_mr15_nv20_4,51,15,18,50,8,19,49,7,20
SIR01_sl1000_mr15_nv20_5,7,3,3,7,3,3,7,3,3
SIR01_sl1000_mr15_nv20_6,7,2,1,7,1,1,7,1,1
SIR01_sl1000_mr15_nv20_7,23,5,5,21,5,7,21,5,7
SIR01_sl1000_mr15_nv20_8,37,6,11,36,4,12,36,4,12
SIR01_sl1000_mr15_nv20_9,19,4,7,17,2,9,17,2,9
SIR01_sl1000_mr15_nv5_1,19,7,9,17,5,11,17,5,11
SIR01_sl1000_mr15_nv5_10,8,3,3,8,0,3,8,0,3
SIR01_sl1000_mr15_nv5_11,6,3,3,5,2,4,5,2,4
SIR01_sl1000_mr15_nv5_12,12,7,11,11,7,12,11,6,12
SIR01_sl1000_mr15_nv5_13,13,3,3,13,3,3,13,3,3
SIR01_sl1000_mr15_nv5_14,16,6,6,12,4,10,11,2,11
SIR01_sl1000_mr15_nv5_15,34,10,11,29,10,16,29,7,16
SIR01_sl1000_mr15_nv5_16,4,5,5,3,1,6,3,1,6
SIR01_sl1000_mr15_nv5_17,7,1,1,7,1,1,7,1,1
SIR01_sl1000_mr15_nv5_18,6,3,3,6,0,3,6,0,3
SIR01_sl1000_mr15_nv5_19,12,8,9,11,6,10,11,6,10
SIR01_sl1000_mr15_nv5_2,21,14,14,20,7,15,19,7,16
SIR01_sl1000_mr15_nv5_20,12,5,5,10,2,7,10,2,7
SIR01_sl1000_mr15_nv5_3,4,3,5,4,2,5,3,1,6
SIR01_sl1000_mr15_nv5_4,12,10,13,11,6,14,10,4,15
SIR01_sl1000_mr15_nv5_5,7,4,4,7,4,4,7,2,4
SIR01_sl1000_mr15_nv5_6,14,7,9,11,2,12,11,2,12
SIR01_sl1000_mr15_nv5_7,4,3,4,3,0,5,3,0,5
SIR01_sl1000_mr15_nv5_8,3,5,5,3,2,5,3,1,5
SIR01_sl1000_mr15_nv5_9,28,14,19,25,6,22,25,6,22
SIR01_sl1000_mr3_nv10_1,25,5,5,21,4,9,21,4,9
SIR01_sl1000_mr3_nv10_10,7,2,2,7,0,2,6,0,3
SIR01_sl1000_mr3_nv10_11,40,13,17,36,2,21,36,2,21
SIR01_sl1000_mr3_nv10_12,23,9,11,22,6,12,22,6,12
SIR01_sl1000_mr3_nv10_13,25,8,11,21,6,15,20,3,16
SIR01_sl1000_mr3_nv10_14,24,4,4,24,3,4,24,3,4
SIR01_sl1000_mr3_nv10_15,3,5,6,3,1,6,3,1,6
SIR01_sl1000_mr3_nv10_16,24,4,8,23,3,9,23,3,9
SIR01_sl1000_mr3_nv10_17,8,2,2,8,2,2,8,2,2
SIR01_sl1000_mr3_nv10_18,19,4,5,18,4,6,17,2,7
SIR01_sl1000_mr3_nv10_19,14,15,16,13,4,17,12,1,18
SIR01_sl1000_mr3_nv10_2,7,2,2,7,2,2,7,2,2
SIR01_sl1000_mr3_nv10_20,9,3,3,8,2,4,8,2,4
SIR01_sl1000_mr3_nv10_3,14,6,6,14,6,6,13,4,7
SIR01_sl1000_mr3_nv10_4,11,1,1,9,1,3,9,1,3
SIR01_sl1000_mr3_nv10_5,20,6,8,20,5,8,18,5,10
SIR01_sl1000_mr3_nv10_6,30,23,24,30,13,24,28,11,26
SIR01_sl1000_mr3_nv10_7,16,6,7,16,6,7,13,3,10
SIR01_sl1000_mr3_nv10_8,6,0,4,6,0,4,6,0,4
SIR01_sl1000_mr3_nv10_9,18,5,11,16,1,13,16,0,13
SIR01_sl250_mr15_nv10_1,10,6,7,9,4,8,9,4,8
SIR01_sl250_mr15_nv10_10,31,30,25,30,22,26,30,18,26
SIR01_sl250_mr15_nv10_11,12,14,12,12,11,12,12,8,12
SIR01_sl250_mr15_nv10_12,12,11,7,11,8,8,11,8,8
SIR01_sl250_mr15_nv10_13,6,7,7,6,6,7,6,5,7
SIR01_sl250_mr15_nv10_14,7,13,8,7,11,8,6,11,9
SIR01_sl250_mr15_nv10_15,3,1,5,2,1,6,2,1,6
SIR01_sl250_mr15_nv10_16,14,12,9,13,12,10,13,9,10
SIR01_sl250_mr15_nv10_17,6,1,1,6,1,1,6,1,1
SIR01_sl250_mr15_nv10_18,13,13,7,12,10,8,12,10,8
SIR01_sl250_mr15_nv10_19,6,2,1,6,2,1,6,2,1
SIR01_sl250_mr15_nv10_2,6,5,3,6,3,3,6,3,3
SIR01_sl250_mr15_nv10_20,4,4,3,3,4,4,3,4,4
SIR01_sl250_mr15_nv10_3,10,6,4,10,4,4,9,2,5
SIR01_sl250_mr15_nv10_4,6,7,6,6,6,6,6,5,6
SIR01_sl250_mr15_nv10_5,8,2,1,8,2,1,8,2,1
SIR01_sl250_mr15_nv10_6,22,25,21,17,17,26,17,17,26
SIR01_sl250_mr15_nv10_7,27,16,14,24,10,17,24,6,17
SIR01_sl250_mr15_nv10_8,6,3,3,4,2,5,4,2,5
SIR01_sl250_mr15_nv10_9,4,6,6,4,4,6,4,4,6
SIR01_sl500_mr15_nv10_1,3,2,2,2,0,3,2,0,3
SIR01_sl500_mr15_nv10_10,7,6,6,7,6,6,6,5,7
SIR01_sl500_mr15_nv10_11,9,6,8,9,3,8,9,1,8
SIR01_sl500_mr15_nv10_12,4,4,2,3,2,3,3,2,3
SIR01_sl500_mr15_nv10_13,5,2,2,4,2,3,4,2,3
SIR01_sl500_mr15_nv10_14,22,13,17,21,10,18,21,8,18
SIR01_sl500_mr15_nv10_15,18,13,12,18,13,12,18,12,12
SIR01_sl500_mr15_nv10_16,8,2,2,8,2,2,8,2,2
SIR01_sl500_mr15_nv10_17,10,4,3,9,3,4,9,3,4
SIR01_sl500_mr15_nv10_18,16,9,9,14,5,11,14,5,11
SIR01_sl500_mr15_nv10_19,19,8,8,18,6,9,17,4,10
SIR01_sl500_mr15_nv10_2,15,7,6,15,6,6,15,6,6
SIR01_sl500_mr15_nv10_20,18,6,7,18,2,7,18,2,7
SIR01_sl500_mr15_nv10_3,15,5,4,15,5,4,12,3,7
SIR01_sl500_mr15_nv10_4,37,11,12,33,4,16,32,3,17
SIR01_sl500_mr15_nv10_5,34,19,18,33,7,19,31,6,21
SIR01_sl500_mr15_nv10_6,29,2,0,28,2,1,28,2,1
SIR01_sl500_mr15_nv10_7,7,2,0,6,2,1,6,2,1
SIR01_sl500_mr15_nv10_8,5,4,3,3,3,5,3,1,5
SIR01_sl500_mr15_nv10_9,36,22,21,33,12,24,32,10,25
